{
  "model_name": "./PINO_reladapt/Baseline/Rollout/5_frame/Results_planar_PINO_finite_difference_0.01_resloss_0.1_icloss_0.1_bcloss_0.0_wloss_mse_eval_0.55_D_5_frames_31_10_2025-20_30",
  "timesteps": [
    0,
    1
  ],
  "mse": {
    "Voltage": [
      0.0,
      0.0,
      0.0,
      0.0,
      0.0,
      0.00042441199184395373,
      0.00043846730841323733,
      0.0003877976560033858,
      0.0003576449817046523,
      0.0003893529355991632,
      0.00044860460911877453,
      0.0004995230701752007,
      0.0004948601126670837,
      0.00047207536408677697,
      0.0005844470579177141,
      0.00044729572255164385,
      0.0005096333916299045,
      0.0004661244747694582,
      0.0004631560586858541,
      0.0005851463647559285,
      0.000464356824522838,
      0.0005048555321991444,
      0.0004277341067790985,
      0.00042517486144788563,
      0.000590617535635829,
      0.0004229889891576022,
      0.0004671049246098846,
      0.00047881287173368037,
      0.0005251028924249113,
      0.000776281813159585,
      0.00046320410910993814,
      0.00048597599379718304,
      0.0004770370142068714,
      0.0004394423740450293,
      0.0005198965081945062,
      0.00019372293900232762,
      0.00012980248720850796,
      0.00016853785200510174,
      0.00019682558195199817,
      0.00030527080525644124,
      0.00018830897170118988,
      0.00013356682029552758,
      0.0001319217262789607,
      0.0001107117350329645,
      0.00013470600242726505,
      0.00015310029266402125,
      0.00010851317347260192,
      0.0001020997078740038,
      9.388737817062065e-05,
      0.0001220907870447263,
      0.00010705756722018123,
      7.155875937314704e-05,
      6.91755922161974e-05,
      6.687206769129261e-05,
      9.409671474713832e-05,
      9.6731680969242e-05,
      6.556680455105379e-05,
      6.50392976240255e-05,
      5.8879973948933184e-05,
      7.871349953347817e-05,
      0.00011028839799109846,
      7.237197132781148e-05,
      6.573487917194143e-05,
      5.225634959060699e-05,
      7.634003122802824e-05,
      9.807456808630377e-05,
      5.9793055697809905e-05,
      6.147914245957509e-05,
      4.49875951744616e-05,
      6.894380203448236e-05,
      8.037022780627012e-05,
      4.746107151731849e-05,
      5.428726217360236e-05,
      4.120756420888938e-05,
      6.139111064840108e-05,
      8.199440344469622e-05,
      6.024259710102342e-05,
      7.075510802678764e-05,
      6.620839849347249e-05,
      8.387760317418724e-05,
      9.388274338562042e-05,
      6.763188866898417e-05,
      7.476629980374128e-05,
      6.66895357426256e-05,
      7.439395994879305e-05,
      7.603561243740842e-05,
      5.986308678984642e-05,
      6.684756954200566e-05,
      6.503341865027323e-05,
      8.607876225141808e-05,
      0.00010006551747210324,
      9.211757424054667e-05,
      0.00010180215758737177,
      9.994018910219893e-05,
      0.00013288743502926081,
      0.00014196081610862166,
      0.00011126320896437392,
      0.00010769440268632025,
      9.767341543920338e-05,
      0.00011190399527549744,
      0.0001792456314433366,
      0.00021094796829856932,
      0.0007387021905742586,
      0.004144459031522274,
      0.008820624090731144,
      0.010014020837843418,
      0.0066556851379573345,
      0.004962369333952665,
      0.00447106035426259,
      0.003142940578982234,
      0.0031136744655668736,
      0.0021174848079681396,
      0.0022797714918851852,
      0.002935555763542652,
      0.002027814742177725,
      0.0021505963522940874,
      0.0012545303907245398,
      0.001542270532809198,
      0.0024077431298792362,
      0.001386046875268221,
      0.0021069725044071674,
      0.0009500644518993795,
      0.0011836147168651223,
      0.0021230049896985292,
      0.0009803049033507705,
      0.002083083614706993,
      0.0007869345135986805,
      0.0009678674978204072,
      0.002087981440126896,
      0.0007881380151957273,
      0.002309347502887249,
      0.0007439323235303164,
      0.0008866930729709566,
      0.002150310203433037,
      0.000607582158409059,
      0.0023100092075765133,
      0.0005675548454746604,
      0.0006766993901692331,
      0.0018499752040952444,
      0.0004560982051771134,
      0.002044085878878832,
      0.0005127547774463892,
      0.0006651363801211119,
      0.0014206462074071169,
      0.0003733925987035036,
      0.0009785285219550133,
      0.00024564535124227405,
      0.0001886355021269992,
      2.192948159063235e-05,
      1.5898220908638905e-06,
      2.012885033764178e-06,
      1.5400438257984206e-07,
      2.7895545429146296e-08,
      1.904841973043858e-08,
      9.625480856811919e-09,
      1.5382515812234487e-06,
      6.633001135014638e-07,
      3.002695336817851e-07,
      1.8850863625630154e-07,
      1.2772854063314298e-07,
      3.3722265015967423e-06,
      1.3849268043486518e-06,
      8.777267339610262e-07,
      3.7943209463264793e-07,
      4.456528586160857e-07,
      4.130462912144139e-06,
      1.6752157989685657e-06,
      1.1461094118203619e-06,
      4.231272896504379e-07,
      5.590083560491621e-07,
      4.399588760861661e-06,
      1.7510109273644048e-06,
      1.2083332876500208e-06,
      4.2930938093377335e-07,
      5.780208311989554e-07,
      4.484541477722814e-06,
      1.7674680066193105e-06,
      1.220186049977201e-06,
      4.3013406525460596e-07,
      5.810461516375653e-07,
      4.510168764682021e-06,
      1.7707815231915447e-06,
      1.2224408010297338e-06,
      4.3026082607866556e-07,
      5.816448265250074e-07,
      4.5179040171206e-06,
      1.7714418163450318e-06,
      1.2229101002958487e-06,
      4.3028541085732286e-07,
      5.817962005494337e-07,
      4.520264610619051e-06,
      1.7715786952976487e-06,
      1.2230184438521974e-06,
      4.3029046992160147e-07,
      5.818416184411035e-07
    ],