{
  "model_name": "./FNO_New/Baseline/Rollout/1_frame/Results_stable_Data_Only_mse_1_frames_31_10_2025-17_57",
  "timesteps": [
    0,
    1
  ],
  "rmse": {
    "Voltage": [
      0.0,
      0.041483763605356216,
      0.06845021992921829,
      0.0869816318154335,
      0.10150305926799774,
      0.11728427559137344,
      0.13204684853553772,
      0.14395061135292053,
      0.1555296778678894,
      0.1679585874080658,
      0.18188025057315826,
      0.19777598977088928,
      0.21580763161182404,
      0.23586133122444153,
      0.25798454880714417,
      0.28071290254592896,
      0.30225008726119995,
      0.32232245802879333,
      0.34023383259773254,
      0.3554835915565491,
      0.36731967329978943,
      0.3764389157295227,
      0.38367900252342224,
      0.3892345726490021,
      0.393295556306839,
      0.3962138295173645,
      0.3985590934753418,
      0.4006800353527069,
      0.4022532105445862,
      0.40228888392448425,
      0.40097877383232117,
      0.3985745906829834,
      0.39524614810943604,
      0.3911822736263275,
      0.3865374028682709,
      0.3813708424568176,
      0.3756108582019806,
      0.3691433370113373,
      0.36195141077041626,
      0.3541860580444336,
      0.3461942970752716,
      0.33854591846466064,
      0.33201050758361816,
      0.3273516893386841,
      0.32515275478363037,
      0.3258344531059265,
      0.3290327787399292,
      0.33352598547935486,
      0.3382527828216553,
      0.3428240120410919,
      0.34733250737190247,
      0.35182324051856995,
      0.3559763729572296,
      0.35955655574798584,
      0.3624836206436157,
      0.36449697613716125,
      0.36562174558639526,
      0.3661288022994995,
      0.36647114157676697,
      0.36717164516448975,
      0.3686981201171875,
      0.3712806701660156,
      0.37523365020751953,
      0.38078346848487854,
      0.3876398801803589,
      0.3948981761932373,
      0.40147486329078674,
      0.4067152738571167,
      0.41025587916374207,
      0.4123731255531311,
      0.4140189290046692,
      0.4165196716785431,
      0.4214528799057007,
      0.4304044544696808,
      0.4414847791194916,
      0.4511462152004242,
      0.4580719769001007,
      0.46270444989204407,
      0.4659208059310913,
      0.46812066435813904,
      0.4700329899787903,
      0.472637802362442,
      0.4770076870918274,
      0.4839428961277008,
      0.4926729202270508,
      0.500825822353363,
      0.5080965161323547,
      0.5146307945251465,
      0.5207733511924744,
      0.5267803072929382,
      0.5327904224395752,
      0.5385293364524841,
      0.5435941815376282,
      0.5477667450904846,
      0.5509677529335022,
      0.5531972646713257,
      0.5546112060546875,
      0.5557793378829956,
      0.5574355721473694,
      0.5593540668487549,
      0.5610087513923645,
      0.5612266659736633,
      0.5606928467750549,
      0.560212254524231,
      0.560043215751648,
      0.5600200891494751,
      0.5600212216377258,
      0.5600214004516602,
      0.5596207976341248,
      0.5586696267127991,
      0.5576380491256714,
      0.556574285030365,
      0.5553978681564331,
      0.5538986325263977,
      0.55167555809021,
      0.548058807849884,
      0.5431742668151855,
      0.5370007753372192,
      0.5298586487770081,
      0.5221765041351318,
      0.5140462517738342,
      0.5054928660392761,
      0.4965302050113678,
      0.4873006045818329,
      0.4779665768146515,
      0.46881717443466187,
      0.4603821933269501,
      0.45312049984931946,
      0.44724076986312866,
      0.44282740354537964,
      0.43965670466423035,
      0.43737930059432983,
      0.4357161521911621,
      0.4344922602176666,
      0.4335956871509552,
      0.4329301714897156,
      0.43245333433151245,
      0.43223604559898376,
      0.4324663579463959,
      0.43336668610572815,
      0.43505799770355225,
      0.4376072883605957,
      0.4409731924533844,
      0.4449441432952881,
      0.44923606514930725,
      0.4535439610481262,
      0.45751163363456726,
      0.46076786518096924,
      0.46315768361091614,
      0.46482688188552856,
      0.4659060835838318,
      0.4663390517234802,
      0.4664161205291748,
      0.4669623374938965,
      0.46883195638656616,
      0.4728734791278839,
      0.47908899188041687,
      0.48438677191734314,
      0.487760990858078,
      0.48988500237464905,
      0.49175289273262024,
      0.4935723841190338,
      0.495354026556015,
      0.49703866243362427,
      0.49859559535980225,
      0.5000926852226257,
      0.5016483664512634,
      0.5033933520317078,
      0.5054842233657837,
      0.5080485343933105,
      0.511186420917511,
      0.5154317617416382,
      0.5208832621574402,
      0.5267831087112427,
      0.5327997803688049,
      0.5386098623275757,
      0.5438278317451477,
      0.5480449795722961,
      0.5510284900665283,
      0.5528168678283691,
      0.5537868142127991,
      0.5544320344924927,
      0.5553619861602783,
      0.5576125383377075,
      0.5621305704116821,
      0.5669732093811035,
      0.5709416270256042,
      0.5744386315345764,
      0.5775324702262878,
      0.5797950029373169,
      0.580676257610321,
      0.5796554088592529,
      0.5764446258544922,
      0.5710928440093994,
      0.5640806555747986,
      0.5560895800590515,
      0.5474361181259155,
      0.5382950901985168,
      0.5289096832275391,
      0.5199595093727112
    ],