{
  "phase": "",
  "net_training_time_sec": 3900.1049029268324,
  "net_training_time_min": 65.00174838211387,
  "min_mse": 0.008413921110332012,
  "min_mse_epoch": 101,
  "min_rmse": 0.01860077865421772,
  "min_rmse_epoch": 101
}