{
  "model_name": "./PINO_reladapt/Baseline/Rollout/1_frame/Results_stable_PINO_finite_difference_0.01_resloss_0.1_icloss_0.1_bcloss_0.0_wloss_mse_eval_0.55_D_1_frames_31_10_2025-20_30",
  "timesteps": [
    0,
    1
  ],
  "mse": {
    "Voltage": [
      0.0,
      4.92272520205006e-05,
      7.978523353813216e-05,
      9.937828872352839e-05,
      0.00012294987391214818,
      8.24801973067224e-05,
      8.863388939062133e-05,
      9.860620048129931e-05,
      9.977898298529908e-05,
      8.88003341970034e-05,
      7.4073213909287e-05,
      6.929098162800074e-05,
      8.089761104201898e-05,
      0.00010641379776643589,
      8.897709631128237e-05,
      7.691738574067131e-05,
      7.162805559346452e-05,
      7.26046710042283e-05,
      7.096774788806215e-05,
      7.579832163173705e-05,
      6.811053754063323e-05,
      6.150094122858718e-05,
      6.087930523790419e-05,
      6.294371269177645e-05,
      6.917295104358345e-05,
      7.971192098921165e-05,
      9.837941615842283e-05,
      0.00010522112279431894,
      0.00010339099389966577,
      0.00011429870937718078,
      0.00013084786769468337,
      0.00014891357568558306,
      0.0001669582852628082,
      0.0001839163014665246,
      0.00019767286721616983,
      0.00020582576689776033,
      0.00020796128956135362,
      0.00020697768195532262,
      0.00020679301815107465,
      0.00020978889369871467,
      0.00021785616991110146,
      0.0002334344753762707,
      0.0002528838231228292,
      0.0002592130331322551,
      0.00024781591491773725,
      0.0002289534022565931,
      0.00020496625802479684,
      0.00017953509814105928,
      0.000159096613060683,
      0.00014568824553862214,
      0.00013841049803886563,
      0.00012921694724354893,
      0.00011611102672759444,
      0.00010642071720212698,
      9.778347157407552e-05,
      8.953912038123235e-05,
      8.351286669494584e-05,
      8.081521082203835e-05,
      8.070169860729948e-05,
      8.251665713032708e-05,
      8.452421752735972e-05,
      8.473785419482738e-05,
      8.529036131221801e-05,
      8.266083750640973e-05,
      7.512154843425378e-05,
      7.00361342751421e-05,
      6.832728831795976e-05,
      6.857095286250114e-05,
      6.992088310653344e-05,
      7.104672840796411e-05,
      7.446366362273693e-05,
      9.420896822120994e-05,
      0.00012531130050774664,
      0.0001373752165818587,
      0.00016049569239839911,
      0.0001245326129719615,
      0.00011112504580523819,
      9.918536670738831e-05,
      9.262849926017225e-05,
      9.005704487208277e-05,
      9.192769357468933e-05,
      9.554662392474711e-05,
      9.69646280282177e-05,
      9.469756332691759e-05,
      0.0001112168756662868,
      0.00010153104085475206,
      9.393003711011261e-05,
      8.615390834165737e-05,
      7.761039159959182e-05,
      7.117322093108669e-05,
      6.757529627066106e-05,
      6.747572479071096e-05,
      7.177292718552053e-05,
      8.404879190493375e-05,
      0.00010671844211174175,
      0.00013020883488934487,
      0.00013912301801610738,
      0.00014213439135346562,
      0.0001510482543380931,
      0.0001583775447215885,
      0.00016908251564018428,
      0.00016923417570069432,
      0.00019090301066171378,
      0.00019075963064096868,
      0.0001724613830447197,
      0.00016587803838774562,
      0.00017645835760049522,
      0.00020305362704675645,
      0.00021759435185231268,
      0.00018893797823693603,
      0.0001840982004068792,
      0.00019365288608241826,
      0.00021709941211156547,
      0.00023969582980498672,
      0.00022214546333998442,
      0.00022094168525654823,
      0.000245001312578097,
      0.0002621515595819801,
      0.00027779664378613234,
      0.0002943470608443022,
      0.0003078790905419737,
      0.00032006148830987513,
      0.00033422053093090653,
      0.00035381357884034514,
      0.00038131806650198996,
      0.000416763563407585,
      0.00045150521327741444,
      0.0004542520618997514,
      0.0004232350620441139,
      0.0003797209938056767,
      0.0003251620219089091,
      0.0002752440923359245,
      0.0002436833456158638,
      0.0002247469819849357,
      0.00020995107479393482,
      0.000194065403775312,
      0.00017325450608041137,
      0.00014946355076972395,
      0.0001291493681492284,
      0.00011424657714087516,
      0.00010634878708515316,
      0.00010404438216937706,
      0.00010304744500899687,
      0.00010121615196112543,
      0.00010033993021352217,
      0.00010118626960320398,
      9.700189548311755e-05,
      9.123573545366526e-05,
      9.176032472169027e-05,
      9.605189552530646e-05,
      0.0001010449486784637,
      0.00010570532322162762,
      0.00011144229210913181,
      0.00012229492131154984,
      0.0001419230247847736,
      0.00019170055747963488,
      0.0003000184369739145,
      0.00026845140382647514,
      0.00021663561346940696,
      0.0002128241176251322,
      0.0002595540718175471,
      0.0003387000469956547,
      0.0004453606088645756,
      0.0005665287026204169,
      0.0006919540464878082,
      0.0008249251986853778,
      0.0009731886675581336,
      0.0011259367456659675,
      0.001243570470251143,
      0.00130245101172477,
      0.0013787825591862202,
      0.0015571482945233583,
      0.001781908911652863,
      0.0020092313643544912,
      0.0022980195935815573,
      0.002649206668138504,
      0.003053755033761263,
      0.003504460211843252,
      0.003982472233474255,
      0.0044553144834935665,
      0.004908883478492498,
      0.005400874651968479,
      0.006033117882907391,
      0.006589700933545828,
      0.007258492521941662,
      0.008115075528621674,
      0.008473861962556839,
      0.008398155681788921,
      0.00815532449632883,
      0.007891720160841942,
      0.007628596853464842,
      0.007373038213700056,
      0.0071668559685349464,
      0.007103259209543467,
      0.0073523991741240025,
      0.007970434613525867,
      0.008744103834033012,
      0.009473992511630058,
      0.009962948970496655,
      0.009996858425438404
    ],