{
  "phase": "",
  "net_training_time_sec": 3146.33053246513,
  "net_training_time_min": 52.43884220775217,
  "min_mse": 0.00010533584281802177,
  "min_mse_epoch": 1001,
  "min_rmse": 0.0020800777710974216,
  "min_rmse_epoch": 1001
}