{
  "model_name": "./FNO_New/Baseline/Rollout/1_frame/Results_chaotic_Data_Only_mse_1_frames_31_10_2025-17_57",
  "timesteps": [
    0,
    1
  ],
  "mse": {
    "Voltage": [
      0.0,
      0.0021090712398290634,
      0.006074734032154083,
      0.01004762016236782,
      0.01339371595531702,
      0.016068853437900543,
      0.018275553360581398,
      0.02027263678610325,
      0.022292552515864372,
      0.02451876923441887,
      0.02708560787141323,
      0.03008143976330757,
      0.0335533507168293,
      0.037518810480833054,
      0.04198647290468216,
      0.04698171466588974,
      0.05261077359318733,
      0.05944935977458954,
      0.06760834157466888,
      0.07612565904855728,
      0.0852820873260498,
      0.09530381113290787,
      0.10660420358181,
      0.12024885416030884,
      0.13351723551750183,
      0.1448843777179718,
      0.15508821606636047,
      0.16436168551445007,
      0.1727423220872879,
      0.18073967099189758,
      0.1884547919034958,
      0.1958261877298355,
      0.2028471827507019,
      0.20954909920692444,
      0.21603254973888397,
      0.22244596481323242,
      0.22898425161838531,
      0.23579733073711395,
      0.24272048473358154,
      0.24972017109394073,
      0.2566538453102112,
      0.26334163546562195,
      0.2696002125740051,
      0.27529242634773254,
      0.2806382477283478,
      0.28589099645614624,
      0.29095926880836487,
      0.29590216279029846,
      0.30071884393692017,
      0.3053189516067505,
      0.30955207347869873,
      0.31328269839286804,
      0.31645333766937256,
      0.3191031515598297,
      0.32134315371513367,
      0.3233039379119873,
      0.3251132369041443,
      0.3269040286540985,
      0.3288058042526245,
      0.3309558033943176,
      0.333541601896286,
      0.3367582857608795,
      0.34058910608291626,
      0.3447006344795227,
      0.34864190220832825,
      0.35217463970184326,
      0.3553547263145447,
      0.35831940174102783,
      0.36112073063850403,
      0.3637254238128662,
      0.366047739982605,
      0.3679347634315491,
      0.36918383836746216,
      0.3695773780345917,
      0.36885392665863037,
      0.36673206090927124,
      0.36303722858428955,
      0.35778388381004333,
      0.35119545459747314,
      0.343726247549057,
      0.3360547125339508,
      0.32906123995780945,
      0.3239081799983978,
      0.3218024969100952,
      0.32229092717170715,
      0.32371360063552856,
      0.3255106806755066,
      0.32749107480049133,
      0.329294890165329,
      0.33063483238220215,
      0.3315131366252899,
      0.3322467803955078,
      0.3333396017551422,
      0.33543890714645386,
      0.33927467465400696,
      0.345408171415329,
      0.35396766662597656,
      0.36457476019859314,
      0.37654373049736023,
      0.3891933560371399,
      0.4018411338329315,
      0.4138158857822418,
      0.42452141642570496,
      0.43349432945251465,
      0.44037875533103943,
      0.44497838616371155,
      0.4473617672920227,
      0.4478006660938263,
      0.44674980640411377,
      0.44473734498023987,
      0.4422436058521271,
      0.43958887457847595,
      0.43663400411605835,
      0.43287724256515503,
      0.4280321002006531,
      0.4220088720321655,
      0.4147619605064392,
      0.4081113040447235,
      0.40435144305229187,
      0.40263858437538147,
      0.40229904651641846,
      0.4030512869358063,
      0.40452826023101807,
      0.40646892786026,
      0.40877866744995117,
      0.4113811254501343,
      0.4141102731227875,
      0.41685882210731506,
      0.41936883330345154,
      0.42135506868362427,
      0.4226606488227844,
      0.4231272041797638,
      0.42269858717918396,
      0.42149633169174194,
      0.4201217591762543,
      0.4190387427806854,
      0.4176890254020691,
      0.416826069355011,
      0.41700783371925354,
      0.41761085391044617,
      0.418071448802948,
      0.4183765947818756,
      0.41852837800979614,
      0.41851523518562317,
      0.41829395294189453,
      0.41773122549057007,
      0.41668927669525146,
      0.4152226150035858,
      0.41376304626464844,
      0.41301029920578003,
      0.4133496582508087,
      0.414824515581131,
      0.41795772314071655,
      0.42251482605934143,
      0.42784252762794495,
      0.43315184116363525,
      0.43773314356803894,
      0.44120481610298157,
      0.4436420500278473,
      0.4455268681049347,
      0.44759517908096313,
      0.4492132365703583,
      0.45015814900398254,
      0.45160600543022156,
      0.45456403493881226,
      0.45965027809143066,
      0.4669777452945709,
      0.4761985242366791,
      0.48671919107437134,
      0.4980364739894867,
      0.5099462866783142,
      0.522341787815094,
      0.5350450873374939,
      0.5478477478027344,
      0.5605046153068542,
      0.5727043747901917,
      0.5841032266616821,
      0.5941802263259888,
      0.6022477746009827,
      0.6077958941459656,
      0.6105349659919739,
      0.6103309392929077,
      0.6071656942367554,
      0.6011484861373901,
      0.5926492810249329,
      0.5823119282722473,
      0.5708695650100708,
      0.5591062903404236,
      0.5477556586265564,
      0.5373194217681885,
      0.528069794178009,
      0.52009117603302,
      0.5133015513420105,
      0.5074868202209473,
      0.502337634563446,
      0.49755001068115234,
      0.4931008815765381,
      0.48861610889434814,
      0.4833645820617676,
      0.47686436772346497
    ],