{
  "model_name": "./FNO_New/Baseline/Rollout/1_frame/Results_chaotic_Data_Only_mse_1_frames_31_10_2025-17_57",
  "timesteps": [
    0,
    1
  ],
  "rmse": {
    "Voltage": [
      0.0,
      0.04592462629079819,
      0.07794058322906494,
      0.10023781657218933,
      0.11573122441768646,
      0.1267629861831665,
      0.13518710434436798,
      0.14238201081752777,
      0.14930690824985504,
      0.1565847098827362,
      0.16457705199718475,
      0.17344002425670624,
      0.18317574262619019,
      0.1936977356672287,
      0.20490601658821106,
      0.21675266325473785,
      0.2293703854084015,
      0.2438223958015442,
      0.2600160539150238,
      0.27590879797935486,
      0.2920309603214264,
      0.3087131679058075,
      0.3265029788017273,
      0.34676915407180786,
      0.365400105714798,
      0.3806368112564087,
      0.3938124179840088,
      0.40541544556617737,
      0.4156228005886078,
      0.42513489723205566,
      0.4341138005256653,
      0.4425225257873535,
      0.45038560032844543,
      0.4577653408050537,
      0.46479302644729614,
      0.47164177894592285,
      0.47852298617362976,
      0.4855896830558777,
      0.49266672134399414,
      0.49972009658813477,
      0.5066101551055908,
      0.513168215751648,
      0.5192304253578186,
      0.5246831774711609,
      0.5297530293464661,
      0.5346877574920654,
      0.539406418800354,
      0.543968915939331,
      0.5483783483505249,
      0.5525567531585693,
      0.5563740134239197,
      0.5597166419029236,
      0.5625418424606323,
      0.5648921728134155,
      0.5668713450431824,
      0.568598210811615,
      0.5701870322227478,
      0.5717552304267883,
      0.5734159350395203,
      0.5752875804901123,
      0.5775306224822998,
      0.5803087949752808,
      0.5836001038551331,
      0.5871121287345886,
      0.5904590487480164,
      0.5934430360794067,
      0.5961163640022278,
      0.5985978841781616,
      0.6009331941604614,
      0.6030965447425842,
      0.6050187945365906,
      0.6065762639045715,
      0.60760498046875,
      0.6079287528991699,
      0.6073334813117981,
      0.6055840849876404,
      0.6025257110595703,
      0.598150372505188,
      0.5926174521446228,
      0.5862817168235779,
      0.5797022581100464,
      0.5736386179924011,
      0.5691292881965637,
      0.5672763586044312,
      0.5677067041397095,
      0.5689583420753479,
      0.57053542137146,
      0.5722683668136597,
      0.5738422274589539,
      0.5750085711479187,
      0.5757717490196228,
      0.5764085054397583,
      0.577355682849884,
      0.5791708827018738,
      0.5824729204177856,
      0.5877143740653992,
      0.5949518084526062,
      0.6038002371788025,
      0.6136316061019897,
      0.6238536238670349,
      0.6339094042778015,
      0.6432852149009705,
      0.6515530943870544,
      0.6584028601646423,
      0.6636103987693787,
      0.6670669913291931,
      0.6688510775566101,
      0.6691790819168091,
      0.6683934330940247,
      0.6668863296508789,
      0.6650139689445496,
      0.6630150079727173,
      0.6607828736305237,
      0.6579340696334839,
      0.6542416214942932,
      0.6496220827102661,
      0.644020140171051,
      0.6388359069824219,
      0.6358863711357117,
      0.6345381140708923,
      0.6342704892158508,
      0.6348631978034973,
      0.6360253691673279,
      0.6375491619110107,
      0.6393579840660095,
      0.6413899660110474,
      0.6435139775276184,
      0.6456460356712341,
      0.6475869417190552,
      0.6491186618804932,
      0.6501235365867615,
      0.6504822969436646,
      0.6501527428627014,
      0.649227499961853,
      0.6481680274009705,
      0.6473320126533508,
      0.6462886333465576,
      0.6456207036972046,
      0.6457614302635193,
      0.6462281942367554,
      0.6465844511985779,
      0.6468203663825989,
      0.6469376683235168,
      0.646927535533905,
      0.6467564702033997,
      0.6463212966918945,
      0.645514726638794,
      0.6443777084350586,
      0.6432441473007202,
      0.6426587700843811,
      0.6429227590560913,
      0.644068717956543,
      0.6464964747428894,
      0.650011420249939,
      0.6540967226028442,
      0.6581427454948425,
      0.6616140604019165,
      0.6642324924468994,
      0.6660646200180054,
      0.6674779653549194,
      0.6690255403518677,
      0.6702337265014648,
      0.67093825340271,
      0.6720163822174072,
      0.6742136478424072,
      0.6779751181602478,
      0.6833577156066895,
      0.6900714039802551,
      0.6976526379585266,
      0.7057169675827026,
      0.7141052484512329,
      0.7227321863174438,
      0.7314677834510803,
      0.7401673793792725,
      0.7486685514450073,
      0.7567723393440247,
      0.7642664909362793,
      0.7708308696746826,
      0.7760462164878845,
      0.77961266040802,
      0.7813673615455627,
      0.7812368273735046,
      0.7792083621025085,
      0.7753376364707947,
      0.7698372006416321,
      0.7630936503410339,
      0.7555590867996216,
      0.7477341294288635,
      0.740105152130127,
      0.7330207228660583,
      0.7266840934753418,
      0.7211734652519226,
      0.7164506912231445,
      0.7123810648918152,
      0.7087578177452087,
      0.7053722739219666,
      0.7022114396095276,
      0.6990107893943787,
      0.6952442526817322,
      0.6905536651611328
    ],