{
  "phase": "",
  "net_training_time_sec": 383.067426096648,
  "net_training_time_min": 6.3844571016108,
  "min_mse": 0.008936242200434208,
  "min_mse_epoch": 81,
  "min_rmse": 0.01908084750175476,
  "min_rmse_epoch": 81
}