{
  "model_name": "./FNO_New/Baseline/Rollout/5_frame/Results_planar_Data_Only_mse_5_frames_31_10_2025-17_57",
  "timesteps": [
    0,
    1
  ],
  "mse": {
    "Voltage": [
      0.0,
      0.0,
      0.0,
      0.0,
      0.0,
      0.0785706639289856,
      0.08615626394748688,
      0.09356648474931717,
      0.10097489506006241,
      0.10876889526844025,
      0.11739116907119751,
      0.12511959671974182,
      0.13266894221305847,
      0.1397843062877655,
      0.1470441222190857,
      0.15303003787994385,
      0.16020597517490387,
      0.16722524166107178,
      0.1735721379518509,
      0.17985564470291138,
      0.18458425998687744,
      0.19071397185325623,
      0.19663432240486145,
      0.20161095261573792,
      0.20633426308631897,
      0.2091643512248993,
      0.21328486502170563,
      0.21694009006023407,
      0.21914294362068176,
      0.2205684781074524,
      0.21940338611602783,
      0.21876253187656403,
      0.216939315199852,
      0.21343499422073364,
      0.21058261394500732,
      0.2081923484802246,
      0.20859749615192413,
      0.20991356670856476,
      0.21078987419605255,
      0.21189649403095245,
      0.21203947067260742,
      0.21360614895820618,
      0.21559035778045654,
      0.21689219772815704,
      0.2182467132806778,
      0.21860142052173615,
      0.22028467059135437,
      0.22233353555202484,
      0.22366394102573395,
      0.22498635947704315,
      0.22535468637943268,
      0.22703132033348083,
      0.229042187333107,
      0.23032763600349426,
      0.2315458208322525,
      0.23189079761505127,
      0.23352877795696259,
      0.23547625541687012,
      0.2367064505815506,
      0.23780615627765656,
      0.23811127245426178,
      0.23972268402576447,
      0.24160312116146088,
      0.24277512729167938,
      0.2437569797039032,
      0.24401885271072388,
      0.24561762809753418,
      0.24743366241455078,
      0.2485484629869461,
      0.24942059814929962,
      0.24962496757507324,
      0.25122642517089844,
      0.25298118591308594,
      0.2540372312068939,
      0.25481799244880676,
      0.2549375295639038,
      0.25657129287719727,
      0.2582671642303467,
      0.2592654228210449,
      0.2599678635597229,
      0.25999659299850464,
      0.2616686224937439,
      0.2633027136325836,
      0.26425260305404663,
      0.26489078998565674,
      0.26481893658638,
      0.26655322313308716,
      0.26811906695365906,
      0.2690178453922272,
      0.2696022391319275,
      0.2694065570831299,
      0.271237850189209,
      0.27274131774902344,
      0.2735818028450012,
      0.2741153836250305,
      0.27376291155815125,
      0.2757125794887543,
      0.2771669924259186,
      0.27795174717903137,
      0.27845004200935364,
      0.2778855562210083,
      0.28017520904541016,
      0.28243499994277954,
      0.2882048189640045,
      0.2951376140117645,
      0.28845924139022827,
      0.2822209894657135,
      0.2746311128139496,
      0.2663598358631134,
      0.2579082250595093,
      0.24824750423431396,
      0.24168279767036438,
      0.23405450582504272,
      0.22586223483085632,
      0.217536062002182,
      0.20812757313251495,
      0.20152583718299866,
      0.19393309950828552,
      0.18587738275527954,
      0.17773407697677612,
      0.16864728927612305,
      0.16206413507461548,
      0.1545848697423935,
      0.14674335718154907,
      0.13886816799640656,
      0.130204439163208,
      0.12372356653213501,
      0.11647525429725647,
      0.10897165536880493,
      0.10149802267551422,
      0.09341736137866974,
      0.0871768444776535,
      0.08034076541662216,
      0.07337839901447296,
      0.06653006374835968,
      0.05930139496922493,
      0.05356714501976967,
      0.04746409133076668,
      0.04140899330377579,
      0.03559132665395737,
      0.029689304530620575,
      0.024891482666134834,
      0.01995682343840599,
      0.015130220912396908,
      0.010464631952345371,
      0.005915230605751276,
      0.002470139181241393,
      0.0005982725997455418,
      0.0001018051480059512,
      2.359946483920794e-05,
      2.982449223054573e-05,
      1.8144470232073218e-05,
      1.0369829396950081e-05,
      1.074499414244201e-05,
      1.3563176253228448e-05,
      3.4682994737522677e-05,
      1.9150238586007617e-05,
      1.0871399354073219e-05,
      1.1111413186881691e-05,
      1.3812501492793672e-05,
      3.497751822578721e-05,
      1.9225599316996522e-05,
      1.0903862857958302e-05,
      1.1132355211884715e-05,
      1.3826673239236698e-05,
      3.499397644191049e-05,
      1.9230177713325247e-05,
      1.0905914678005502e-05,
      1.1133701264043339e-05,
      1.3827590919390786e-05,
      3.499505328363739e-05,
      1.923052332131192e-05,
      1.0906071111094207e-05,
      1.1133797670481727e-05,
      1.3827663678966928e-05,
      3.499512968119234e-05,
      1.9230521502322517e-05,
      1.0906071111094207e-05,
      1.1133796760987025e-05,
      1.3827663678966928e-05,
      3.499512968119234e-05,
      1.9230521502322517e-05,
      1.0906071111094207e-05,
      1.1133797670481727e-05,
      1.3827661859977525e-05,
      3.499512968119234e-05,
      1.9230519683333114e-05,
      1.0906071111094207e-05,
      1.1133796760987025e-05,
      1.3827663678966928e-05,
      3.499512968119234e-05,
      1.9230521502322517e-05,
      1.0906071111094207e-05,
      1.1133795851492323e-05,
      1.3827663678966928e-05
    ],