{
  "model_name": "./FNO_New/Baseline/Rollout/5_frame/Results_planar_Data_Only_mse_5_frames_31_10_2025-17_57",
  "timesteps": [
    0,
    1
  ],
  "rmse": {
    "Voltage": [
      0.0,
      0.0,
      0.0,
      0.0,
      0.0,
      0.28030458092689514,
      0.2935238778591156,
      0.3058863878250122,
      0.317765474319458,
      0.3298012912273407,
      0.3426239490509033,
      0.353722482919693,
      0.3642374873161316,
      0.3738774061203003,
      0.3834633231163025,
      0.3911905288696289,
      0.4002573788166046,
      0.40893182158470154,
      0.4166198968887329,
      0.42409390211105347,
      0.42963269352912903,
      0.43670812249183655,
      0.4434346854686737,
      0.44901108741760254,
      0.4542403221130371,
      0.4573448896408081,
      0.46182775497436523,
      0.4657682776451111,
      0.4681270718574524,
      0.46964719891548157,
      0.468405157327652,
      0.46772056818008423,
      0.46576744318008423,
      0.46199026703834534,
      0.458892822265625,
      0.45628100633621216,
      0.45672476291656494,
      0.4581632614135742,
      0.4591185748577118,
      0.46032217144966125,
      0.46047744154930115,
      0.4621754586696625,
      0.46431708335876465,
      0.4657168686389923,
      0.4671688377857208,
      0.46754831075668335,
      0.46934494376182556,
      0.47152256965637207,
      0.47293123602867126,
      0.4743272662162781,
      0.47471538186073303,
      0.47647804021835327,
      0.47858351469039917,
      0.47992461919784546,
      0.48119208216667175,
      0.481550395488739,
      0.48324814438819885,
      0.48525896668434143,
      0.48652487993240356,
      0.4876537322998047,
      0.48796647787094116,
      0.4896148443222046,
      0.4915314018726349,
      0.49272215366363525,
      0.4937175214290619,
      0.4939826428890228,
      0.4955982565879822,
      0.4974270462989807,
      0.4985463619232178,
      0.49942025542259216,
      0.4996248185634613,
      0.501224935054779,
      0.5029723644256592,
      0.5040210485458374,
      0.5047950148582458,
      0.5049133896827698,
      0.5065286755561829,
      0.50819993019104,
      0.5091811418533325,
      0.5098704099655151,
      0.5098986029624939,
      0.5115355253219604,
      0.5131303071975708,
      0.514055073261261,
      0.5146754384040833,
      0.5146056413650513,
      0.5162879228591919,
      0.5178021788597107,
      0.5186693072319031,
      0.5192323327064514,
      0.5190438628196716,
      0.5208050012588501,
      0.5222464203834534,
      0.5230504870414734,
      0.5235602855682373,
      0.5232235789299011,
      0.5250834226608276,
      0.5264664888381958,
      0.5272113084793091,
      0.527683675289154,
      0.5271484851837158,
      0.5293157696723938,
      0.5314461588859558,
      0.5368471145629883,
      0.543265700340271,
      0.5370840430259705,
      0.5312447547912598,
      0.5240525603294373,
      0.5161005854606628,
      0.5078466534614563,
      0.49824443459510803,
      0.49161243438720703,
      0.4837917983531952,
      0.47524964809417725,
      0.4664076268672943,
      0.45621001720428467,
      0.4489162862300873,
      0.4403783679008484,
      0.43113499879837036,
      0.42158520221710205,
      0.41066688299179077,
      0.4025718867778778,
      0.39317283034324646,
      0.3830709457397461,
      0.3726502060890198,
      0.36083853244781494,
      0.35174360871315,
      0.34128472208976746,
      0.33010855317115784,
      0.3185875415802002,
      0.3056425452232361,
      0.29525724053382874,
      0.28344446420669556,
      0.2708844840526581,
      0.25793421268463135,
      0.24351878464221954,
      0.231445774435997,
      0.2178625464439392,
      0.20349200069904327,
      0.18865664303302765,
      0.1723058521747589,
      0.15777035057544708,
      0.14126862585544586,
      0.1230049654841423,
      0.10229678452014923,
      0.07691053301095963,
      0.04970049485564232,
      0.024459611624479294,
      0.010089853778481483,
      0.004857928026467562,
      0.005461180582642555,
      0.004259632434695959,
      0.00322022195905447,
      0.003277955809608102,
      0.0036828217562288046,
      0.005889227148145437,
      0.0043760985136032104,
      0.003297180403023958,
      0.0033333785831928253,
      0.00371651747263968,
      0.0059141796082258224,
      0.004384700674563646,
      0.003302099648863077,
      0.0033365185372531414,
      0.0037184234242886305,
      0.005915570538491011,
      0.004385222680866718,
      0.003302410477772355,
      0.0033367201685905457,
      0.003718546824529767,
      0.005915661808103323,
      0.0043852622620761395,
      0.0033024342264980078,
      0.003336734604090452,
      0.0037185566034168005,
      0.005915668327361345,
      0.004385261796414852,
      0.0033024342264980078,
      0.0033367343712598085,
      0.0037185566034168005,
      0.005915668327361345,
      0.004385261796414852,
      0.0033024342264980078,
      0.003336734604090452,
      0.003718556370586157,
      0.005915668327361345,
      0.004385261796414852,
      0.0033024342264980078,
      0.0033367343712598085,
      0.0037185566034168005,
      0.005915668327361345,
      0.004385261796414852,
      0.0033024342264980078,
      0.0033367343712598085,
      0.0037185566034168005
    ],