{
  "phase": "",
  "net_training_time_sec": 2728.014388088137,
  "net_training_time_min": 45.46690646813561,
  "min_mse": 0.006225246004760265,
  "min_mse_epoch": 1001,
  "min_rmse": 0.016142716631293297,
  "min_rmse_epoch": 1001
}