{
  "model_name": "./PINO/Baseline/Rollout/1_frame/Results_stable_PINO_finite_difference_0.01_resloss_0.1_icloss_0.1_bcloss_0.0_wloss_mse_eval_0.55_D_1_frames_30_10_2025-19_32",
  "timesteps": [
    0,
    1
  ],
  "mse": {
    "Voltage": [
      0.0,
      3.163778819725849e-05,
      4.693591836257838e-05,
      5.2191229769960046e-05,
      7.315006951102987e-05,
      0.00010951738659059629,
      0.000149391547893174,
      0.00016277666145469993,
      0.0001779237063601613,
      0.00020344524818938226,
      0.00024844502331689,
      0.00032289186492562294,
      0.0004839619796257466,
      0.0007475134334526956,
      0.0007479192572645843,
      0.0007276937831193209,
      0.0007423984352499247,
      0.0007218806422315538,
      0.0006122043705545366,
      0.00042387572466395795,
      0.0003131779667455703,
      0.00023095295182429254,
      0.00016593818145338446,
      0.00012692625750787556,
      0.0001104716575355269,
      0.00010231215856038034,
      0.00010584821575321257,
      9.84772268566303e-05,
      6.389624468283728e-05,
      5.62753266422078e-05,
      4.9626472900854424e-05,
      4.3306295992806554e-05,
      3.824047598754987e-05,
      3.5035263863392174e-05,
      3.339209433761425e-05,
      3.299675154266879e-05,
      3.332036794745363e-05,
      3.37259734806139e-05,
      3.43446372426115e-05,
      3.59491677954793e-05,
      3.937679502996616e-05,
      4.6610624849563465e-05,
      5.936227535130456e-05,
      6.956639845157042e-05,
      6.814461085014045e-05,
      6.064207627787255e-05,
      5.568104825215414e-05,
      5.459129170048982e-05,
      5.4891414038138464e-05,
      5.581836012424901e-05,
      5.7799232308752835e-05,
      5.97952093812637e-05,
      6.0772446886403486e-05,
      6.356946687446907e-05,
      6.841701542725787e-05,
      7.407596422126517e-05,
      7.870011904742569e-05,
      8.073756180237979e-05,
      7.937084592413157e-05,
      7.574557821499184e-05,
      7.41362600820139e-05,
      7.647644088137895e-05,
      8.137840632116422e-05,
      8.191161032300442e-05,
      7.483622903237119e-05,
      7.254206138895825e-05,
      7.564703992102295e-05,
      7.819094753358513e-05,
      7.810445822542533e-05,
      7.695664680795744e-05,
      8.168373460648581e-05,
      0.00011087334132753313,
      0.00016125422553159297,
      0.00017517490778118372,
      0.00021036552789155394,
      0.00016179552767425776,
      0.00013616708747576922,
      0.00011470633035060018,
      0.00010315055260434747,
      0.00010538358037592843,
      0.00012518008588813245,
      0.0001598415692569688,
      0.00019061507191509008,
      0.00015597461606375873,
      0.0001436145103070885,
      0.00013896262680646032,
      0.00013897422468289733,
      0.00013736395339947194,
      0.00013540619693230838,
      0.0001359130983473733,
      0.00013792420213576406,
      0.0001409761025570333,
      0.00014469180314335972,
      0.00014913483755663037,
      0.0001555404596729204,
      0.000168546597706154,
      0.00020653281535487622,
      0.00025472912238910794,
      0.0003104617935605347,
      0.00037378963315859437,
      0.0004049224662594497,
      0.00043514760909602046,
      0.0004580566892400384,
      0.0004611640179064125,
      0.0004604161949828267,
      0.00045233842683956027,
      0.0004037034814245999,
      0.00029704251210205257,
      0.0002604005276225507,
      0.00026096287183463573,
      0.00026507608708925545,
      0.00026907757273875177,
      0.0002639844606164843,
      0.00024363667762372643,
      0.0002076044474961236,
      0.00019228082965128124,
      0.00018306224956177175,
      0.00017433290486223996,
      0.000164644283358939,
      0.00015584555512759835,
      0.00014890552847646177,
      0.00014525846927426755,
      0.00014372631267178804,
      0.0001435117155779153,
      0.0001454062876291573,
      0.0001509667927166447,
      0.00016117270570248365,
      0.00016681529814377427,
      0.00016293615044560283,
      0.00015295525372494012,
      0.00014269597886595875,
      0.0001350059174001217,
      0.00013002804189454764,
      0.000127131468616426,
      0.0001248106564162299,
      0.00012138949387008324,
      0.00011614879622356966,
      0.00011011047899955884,
      0.00010501813812879845,
      0.00010016094893217087,
      9.554452844895422e-05,
      9.168615360977128e-05,
      8.781647920841351e-05,
      8.358372724615037e-05,
      8.036229701247066e-05,
      7.886596722528338e-05,
      7.86480086389929e-05,
      7.881496276240796e-05,
      7.704582094447687e-05,
      7.344085315708071e-05,
      6.997824675636366e-05,
      6.905111513333395e-05,
      7.417407323373482e-05,
      9.245344699593261e-05,
      0.0001242444704985246,
      0.0001410158583894372,
      0.00020360006601549685,
      0.00019942467042710632,
      0.0001630617189221084,
      0.00013684610894415528,
      0.0001502456289017573,
      0.00019607147260103375,
      0.00027335764025337994,
      0.00037226214772090316,
      0.0004837721062358469,
      0.000612949370406568,
      0.0007861555786803365,
      0.0010428385576233268,
      0.0014059460954740644,
      0.0018291282467544079,
      0.0022491454146802425,
      0.0024329384323209524,
      0.002621607854962349,
      0.0028509648982435465,
      0.0030770250596106052,
      0.003315896727144718,
      0.00357151310890913,
      0.003829288762062788,
      0.0040704053826630116,
      0.004283734131604433,
      0.004481407348066568,
      0.004712666850537062,
      0.005070424638688564,
      0.005607132334262133,
      0.006399738136678934,
      0.007351553998887539,
      0.007883395068347454,
      0.007951272651553154,
      0.007656399626284838,
      0.007155328057706356,
      0.006560648791491985,
      0.005922326352447271,
      0.0053728376515209675,
      0.005031874869018793,
      0.004950395319610834,
      0.0049774604849517345,
      0.005096506327390671,
      0.005314717534929514,
      0.005538984201848507,
      0.0056818570010364056
    ],