{
  "model_name": "./PINO/Baseline/Rollout/1_frame/Results_stable_PINO_finite_difference_0.01_resloss_0.1_icloss_0.1_bcloss_0.0_wloss_mse_eval_0.55_D_1_frames_30_10_2025-19_32",
  "timesteps": [
    0,
    1
  ],
  "rmse": {
    "Voltage": [
      0.0,
      0.005624747835099697,
      0.006850979290902615,
      0.007224349770694971,
      0.00855278130620718,
      0.010465055704116821,
      0.012222583405673504,
      0.01275839563459158,
      0.013338804244995117,
      0.014263423159718513,
      0.01576213911175728,
      0.017969192937016487,
      0.021999135613441467,
      0.027340691536664963,
      0.0273481123149395,
      0.02697579935193062,
      0.02724698930978775,
      0.026867836713790894,
      0.024742763489484787,
      0.020588241517543793,
      0.017696835100650787,
      0.01519713643938303,
      0.01288169901818037,
      0.011266155168414116,
      0.010510549880564213,
      0.010114947333931923,
      0.010288256220519543,
      0.009923568926751614,
      0.007993512786924839,
      0.007501688320189714,
      0.007044605910778046,
      0.006580751854926348,
      0.0061838882975280285,
      0.00591905927285552,
      0.0057785892859101295,
      0.005744279827922583,
      0.005772379692643881,
      0.005807406734675169,
      0.005860429722815752,
      0.005995762534439564,
      0.00627509318292141,
      0.006827197503298521,
      0.0077046919614076614,
      0.00834064744412899,
      0.008254975080490112,
      0.007787302136421204,
      0.007461973465979099,
      0.007388591766357422,
      0.007408874109387398,
      0.007471168413758278,
      0.007602580823004246,
      0.00773273641243577,
      0.007795668672770262,
      0.00797304604202509,
      0.008271457627415657,
      0.008606739342212677,
      0.008871308527886868,
      0.008985408581793308,
      0.008909031748771667,
      0.008703193627297878,
      0.008610242046415806,
      0.008745080791413784,
      0.009020998142659664,
      0.009050503373146057,
      0.008650793693959713,
      0.008517162874341011,
      0.008697530254721642,
      0.008842564187943935,
      0.008837672881782055,
      0.008772493340075016,
      0.009037905372679234,
      0.010529641062021255,
      0.012698591686785221,
      0.013235365971922874,
      0.014503982849419117,
      0.012719887308776379,
      0.011669065803289413,
      0.010710104368627071,
      0.010156306438148022,
      0.010265650227665901,
      0.011188390664756298,
      0.012642846442759037,
      0.013806342147290707,
      0.01248897984623909,
      0.011983927339315414,
      0.011788240633904934,
      0.011788733303546906,
      0.011720237322151661,
      0.011636416427791119,
      0.011658177711069584,
      0.011744113638997078,
      0.01187333557754755,
      0.012028791010379791,
      0.012212077155709267,
      0.012471586465835571,
      0.012982550077140331,
      0.014371249824762344,
      0.01596023514866829,
      0.01761992648243904,
      0.01933364011347294,
      0.02012268453836441,
      0.02086019143462181,
      0.021402258425951004,
      0.021474730223417282,
      0.021457310765981674,
      0.021268248558044434,
      0.020092373713850975,
      0.0172349214553833,
      0.016136931255459785,
      0.016154345124959946,
      0.016281157732009888,
      0.01640358380973339,
      0.016247598454356194,
      0.015608865767717361,
      0.014408485032618046,
      0.013866536319255829,
      0.013530049473047256,
      0.013203518465161324,
      0.012831378728151321,
      0.012483811937272549,
      0.012202685698866844,
      0.012052321806550026,
      0.011988591402769089,
      0.011979637667536736,
      0.01205845270305872,
      0.012286854907870293,
      0.012695381417870522,
      0.012915699742734432,
      0.01276464480906725,
      0.012367508374154568,
      0.011945541948080063,
      0.01161920465528965,
      0.011402984149754047,
      0.011275258846580982,
      0.01117186900228262,
      0.011017690412700176,
      0.01077723503112793,
      0.010493353940546513,
      0.010247835889458656,
      0.01000804454088211,
      0.009774687699973583,
      0.009575288742780685,
      0.009371045045554638,
      0.00914241373538971,
      0.00896450225263834,
      0.00888065155595541,
      0.00886837113648653,
      0.008877779357135296,
      0.008777574636042118,
      0.008569763973355293,
      0.008365300484001637,
      0.008309700526297092,
      0.008612437173724174,
      0.009615271352231503,
      0.011146500706672668,
      0.011875010095536709,
      0.014268849045038223,
      0.014121780171990395,
      0.012769562192261219,
      0.011698123998939991,
      0.012257472611963749,
      0.014002552255988121,
      0.01653353124856949,
      0.019294096156954765,
      0.0219948198646307,
      0.024757813662290573,
      0.028038466349244118,
      0.032293010503053665,
      0.03749594837427139,
      0.04276831075549126,
      0.047425154596567154,
      0.049324825406074524,
      0.05120163783431053,
      0.05339442938566208,
      0.055470939725637436,
      0.057583823800086975,
      0.0597621388733387,
      0.06188124790787697,
      0.06379973143339157,
      0.06545024365186691,
      0.06694331765174866,
      0.06864886730909348,
      0.07120691239833832,
      0.07488078624010086,
      0.07999836653470993,
      0.08574120700359344,
      0.0887884870171547,
      0.08916991204023361,
      0.08750085532665253,
      0.08458917587995529,
      0.08099783211946487,
      0.07695665210485458,
      0.07329964637756348,
      0.07093571126461029,
      0.07035904377698898,
      0.07055111974477768,
      0.0713898167014122,
      0.07290210574865341,
      0.07442434877157211,
      0.07537809014320374
    ],