{
  "phase": "",
  "net_training_time_sec": 3478.8682435881346,
  "net_training_time_min": 57.981137393135576,
  "min_mse": 0.00011027517030015588,
  "min_mse_epoch": 1001,
  "min_rmse": 0.0021323799155652523,
  "min_rmse_epoch": 1001
}