{
  "Channel 0 (0 = Voltage, 1 = Recovery Current)": {
    "Avg Mean Absolute Error": 0.016102001070976257,
    "Average Cell Error": 0.016102002933621407,
    "Average Error of Top 10 Worst Cells": 0.046408750116825104,
    "Mean Signed Error (Bias)": 0.016102001070976257,
    "Max Signed Error": 0.7709935903549194,
    "Pct Errors > Avg MAE": 19.636234758281617,
    "Pct Cells with Avg Error > Avg Cell Error": 28.71287128712871,
    "Worst Case Results": {
      "Timestep": 105,
      "Cell [x, y]": [
        97,
        100
      ],
      "Absolute Error": 0.7709935903549194
    },
    "Best Case Results": {
      "Timestep": 0,
      "Cell [x, y]": [
        0,
        0
      ],
      "Absolute Error": 0.0
    },
    "Best/Worst Cells Over Time": {
      "Best Cell [x, y]": [
        38,
        57
      ],
      "Best Cell Avg Error": 0.005982326343655586,
      "Worst Cell [x, y]": [
        0,
        0
      ],
      "Worst Cell Avg Error": 0.11953815817832947
    },
    "Overall RMSE:": 0.0441591776907444
  },
  "Channel 1 (0 = Voltage, 1 = Recovery Current)": {
    "Avg Mean Absolute Error": 0.025697557255625725,
    "Average Cell Error": 0.025697560980916023,
    "Average Error of Top 10 Worst Cells": 0.058178581297397614,
    "Mean Signed Error (Bias)": 0.025697559118270874,
    "Max Signed Error": 1.5450983047485352,
    "Pct Errors > Avg MAE": 27.456584196119536,
    "Pct Cells with Avg Error > Avg Cell Error": 35.64356435643564,
    "Worst Case Results": {
      "Timestep": 34,
      "Cell [x, y]": [
        86,
        0
      ],
      "Absolute Error": 1.5450983047485352
    },
    "Best Case Results": {
      "Timestep": 0,
      "Cell [x, y]": [
        0,
        0
      ],
      "Absolute Error": 0.0
    },
    "Best/Worst Cells Over Time": {
      "Best Cell [x, y]": [
        46,
        60
      ],
      "Best Cell Avg Error": 0.011343254707753658,
      "Worst Cell [x, y]": [
        100,
        0
      ],
      "Worst Cell Avg Error": 0.12213924527168274
    },
    "Overall RMSE:": 0.05390245094895363
  }
}