{
  "model_name": "./PINO/Baseline/Rollout/5_frame/Results_planar_PINO_finite_difference_0.01_resloss_0.1_icloss_0.1_bcloss_0.0_wloss_mse_eval_0.55_D_5_frames_30_10_2025-19_32",
  "timesteps": [
    0,
    1
  ],
  "mse": {
    "Voltage": [
      0.0,
      0.0,
      0.0,
      0.0,
      0.0,
      0.0022387010976672173,
      0.002399289282038808,
      0.0023198015987873077,
      0.0025241037365049124,
      0.003534953109920025,
      0.004110934678465128,
      0.004224899224936962,
      0.004174854606389999,
      0.004342100117355585,
      0.0049228668212890625,
      0.004349938128143549,
      0.005201796069741249,
      0.005356564186513424,
      0.005233466159552336,
      0.006475435104221106,
      0.004771728999912739,
      0.006249883212149143,
      0.006127405911684036,
      0.005848879460245371,
      0.00663873553276062,
      0.005328227765858173,
      0.006930885370820761,
      0.007116690743714571,
      0.006864787079393864,
      0.007573497481644154,
      0.007163212168961763,
      0.007751119788736105,
      0.007586303167045116,
      0.006248616613447666,
      0.005728553980588913,
      0.005733138881623745,
      0.005461334716528654,
      0.005541255231946707,
      0.0047498540952801704,
      0.00447337469086051,
      0.0033089101780205965,
      0.003262705635279417,
      0.0037181866355240345,
      0.003357164328917861,
      0.0036097026895731688,
      0.0024236051831394434,
      0.002248114673420787,
      0.002293720841407776,
      0.0021074339747428894,
      0.0023330918047577143,
      0.0013411216204985976,
      0.001219682744704187,
      0.0011953773209825158,
      0.0010779619915410876,
      0.0012450981885194778,
      0.0007449598633684218,
      0.000743154261726886,
      0.0007504315581172705,
      0.0006611437420360744,
      0.000816082232631743,
      0.0006034518592059612,
      0.0006063251057639718,
      0.0006524557247757912,
      0.0005789133138023317,
      0.000628775916993618,
      0.0005259228055365384,
      0.0005103895673528314,
      0.0005311405984684825,
      0.0004514223546721041,
      0.00044952062307856977,
      0.0004485207609832287,
      0.00045395561028271914,
      0.00047164250281639397,
      0.0003872210218105465,
      0.0003972026752308011,
      0.00041366193909198046,
      0.00040565262315794826,
      0.0003874952089972794,
      0.00035293606924824417,
      0.00035653001395985484,
      0.0004117161442991346,
      0.00037136758328415453,
      0.0003598016337491572,
      0.0003515954886097461,
      0.0003563539939932525,
      0.0005143512971699238,
      0.0004793260886799544,
      0.00044317528954707086,
      0.00038237744593061507,
      0.00037377249100245535,
      0.0005815114127472043,
      0.0005481754778884351,
      0.00045623586629517376,
      0.0003814692026935518,
      0.0004102914535906166,
      0.0007379913004115224,
      0.0007920541102066636,
      0.0006829564808867872,
      0.0005255132564343512,
      0.0005190955125726759,
      0.0006181201315484941,
      0.0005641430616378784,
      0.000614089542068541,
      0.0026927858125418425,
      0.006625779438763857,
      0.007625524885952473,
      0.00453109061345458,
      0.0035472935996949673,
      0.003636793000623584,
      0.0044168210588395596,
      0.0034800225403159857,
      0.0032765911892056465,
      0.004042110405862331,
      0.00438246363773942,
      0.004923082888126373,
      0.003639096859842539,
      0.0036590073723345995,
      0.003811288857832551,
      0.0038617183454334736,
      0.0041994694620370865,
      0.002858896041288972,
      0.0029068782459944487,
      0.0029738820157945156,
      0.0031559006310999393,
      0.0036362039390951395,
      0.0019874630961567163,
      0.002077482407912612,
      0.0024977235589176416,
      0.0027961276937276125,
      0.003057509893551469,
      0.0023581909481436014,
      0.00232389266602695,
      0.002470941049978137,
      0.002552542369812727,
      0.002861227374523878,
      0.002351476112380624,
      0.0021929610520601273,
      0.002243541181087494,
      0.0024450900964438915,
      0.0027270549908280373,
      0.0021221465431153774,
      0.0020052141044288874,
      0.0016480445628985763,
      0.0014615134568884969,
      0.001013287459500134,
      0.0005737168248742819,
      0.00022199019440449774,
      6.405061867553741e-05,
      1.8434595403959975e-05,
      4.3805785026052035e-06,
      2.795930186039186e-06,
      6.584689913324837e-07,
      1.0401453920394488e-07,
      2.9198433892929643e-08,
      1.3495206729885467e-08,
      3.0496564704662887e-06,
      1.6565730902584619e-06,
      1.0417501243864535e-06,
      1.1025633739336627e-06,
      5.361050057217653e-07,
      1.524138860986568e-05,
      1.0717923032643739e-05,
      1.0501197721168865e-05,
      1.3165868949727155e-05,
      6.688553639833117e-06,
      3.2026684493757784e-05,
      2.3815129679860547e-05,
      2.703989412111696e-05,
      3.395581370568834e-05,
      1.849384352681227e-05,
      4.590621028910391e-05,
      3.4603854146553203e-05,
      4.1003924707183614e-05,
      5.1299550250405446e-05,
      2.8643422410823405e-05,
      5.43992682651151e-05,
      4.111494490643963e-05,
      4.9361140554538e-05,
      6.175284943310544e-05,
      3.472008029348217e-05,
      5.880931348656304e-05,
      4.4445077946875244e-05,
      5.359360875445418e-05,
      6.712150934617966e-05,
      3.779125472647138e-05,
      6.090693568694405e-05,
      4.6008528443053365e-05,
      5.556708129006438e-05,
      6.966092769289389e-05,
      3.922180621884763e-05,
      6.185911479406059e-05,
      4.671112765208818e-05,
      5.645013879984617e-05,
      7.081117655616254e-05,
      3.986208321293816e-05
    ],