{
  "model_name": "./PINO/Baseline/Rollout/5_frame/Results_planar_PINO_finite_difference_0.01_resloss_0.1_icloss_0.1_bcloss_0.0_wloss_mse_eval_0.55_D_5_frames_30_10_2025-19_32",
  "timesteps": [
    0,
    1
  ],
  "rmse": {
    "Voltage": [
      0.0,
      0.0,
      0.0,
      0.0,
      0.0,
      0.04731491580605507,
      0.048982542008161545,
      0.04816431924700737,
      0.05024046078324318,
      0.059455472975969315,
      0.06411656737327576,
      0.06499922275543213,
      0.06461311131715775,
      0.06589461117982864,
      0.07016314566135406,
      0.0659540593624115,
      0.07212347537279129,
      0.07318855077028275,
      0.07234270125627518,
      0.08047008514404297,
      0.06907770037651062,
      0.07905620336532593,
      0.07827775180339813,
      0.07647796720266342,
      0.08147843927145004,
      0.07299470901489258,
      0.0832519382238388,
      0.08436048030853271,
      0.0828540101647377,
      0.08702584356069565,
      0.08463576436042786,
      0.08804044127464294,
      0.08709938824176788,
      0.07904819399118423,
      0.0756872147321701,
      0.075717493891716,
      0.07390084117650986,
      0.07443960756063461,
      0.06891918182373047,
      0.06688328832387924,
      0.057523127645254135,
      0.057120099663734436,
      0.06097693368792534,
      0.05794104188680649,
      0.06008080020546913,
      0.049230124801397324,
      0.04741428792476654,
      0.04789280518889427,
      0.04590679705142975,
      0.04830208793282509,
      0.0366213284432888,
      0.03492395579814911,
      0.0345742292702198,
      0.03283233195543289,
      0.03528594970703125,
      0.02729395218193531,
      0.027260856702923775,
      0.0273940060287714,
      0.025712715461850166,
      0.028567153960466385,
      0.024565257132053375,
      0.024623669683933258,
      0.025543212890625,
      0.02406061813235283,
      0.025075403973460197,
      0.022933006286621094,
      0.02259180322289467,
      0.02304648794233799,
      0.02124670147895813,
      0.021201901137828827,
      0.021178308874368668,
      0.0213062334805727,
      0.021717332303524017,
      0.01967793144285679,
      0.01992994360625744,
      0.02033868059515953,
      0.020140819251537323,
      0.019684897735714912,
      0.018786592409014702,
      0.01888200268149376,
      0.020290790125727654,
      0.019270900636911392,
      0.01896843872964382,
      0.018750879913568497,
      0.018877340480685234,
      0.022679314017295837,
      0.021893516182899475,
      0.02105172909796238,
      0.01955447345972061,
      0.01933319680392742,
      0.024114547297358513,
      0.023413147777318954,
      0.021359678357839584,
      0.019531236961483955,
      0.02025565318763256,
      0.02716599591076374,
      0.02814345620572567,
      0.02613343670964241,
      0.02292407676577568,
      0.022783666849136353,
      0.024862021207809448,
      0.023751696571707726,
      0.02478083036839962,
      0.05189206078648567,
      0.08139888942241669,
      0.08732425421476364,
      0.06731337308883667,
      0.059559158980846405,
      0.06030583009123802,
      0.06645917147397995,
      0.05899171531200409,
      0.057241518050432205,
      0.06357759237289429,
      0.06620018184185028,
      0.07016468048095703,
      0.06032492592930794,
      0.060489729046821594,
      0.06173563748598099,
      0.06214272603392601,
      0.06480331718921661,
      0.05346864461898804,
      0.05391547456383705,
      0.05453331023454666,
      0.05617740377783775,
      0.06030094623565674,
      0.04458097368478775,
      0.04557940736413002,
      0.04997723177075386,
      0.052878424525260925,
      0.05529475584626198,
      0.048561207950115204,
      0.048206768929958344,
      0.04970856010913849,
      0.05052269250154495,
      0.05349044129252434,
      0.04849202185869217,
      0.046829063445329666,
      0.04736603423953056,
      0.04944785311818123,
      0.05222121253609657,
      0.0460667610168457,
      0.044779617339372635,
      0.040596116334199905,
      0.038229744881391525,
      0.03183217719197273,
      0.023952387273311615,
      0.01489933580160141,
      0.008003163151443005,
      0.004293552599847317,
      0.0020929831080138683,
      0.0016721035353839397,
      0.000811461010016501,
      0.0003225128457415849,
      0.00017087548621930182,
      0.0001161688705906272,
      0.0017463265685364604,
      0.001287079299800098,
      0.0010206615552306175,
      0.0010500302305445075,
      0.0007321918965317309,
      0.003904022043570876,
      0.0032738239970058203,
      0.0032405550591647625,
      0.0036284802481532097,
      0.0025862238835543394,
      0.0056592123582959175,
      0.004880074877291918,
      0.005199989769607782,
      0.0058271619491279125,
      0.004300446715205908,
      0.006775412242859602,
      0.005882503930479288,
      0.0064034308306872845,
      0.007162370253354311,
      0.005351955071091652,
      0.007375585846602917,
      0.00641209352761507,
      0.0070257484912872314,
      0.007858297787606716,
      0.00589237455278635,
      0.00766872288659215,
      0.006666714325547218,
      0.007320765405893326,
      0.008192772045731544,
      0.006147459149360657,
      0.00780428946018219,
      0.006782958749681711,
      0.007454332895576954,
      0.008346312679350376,
      0.006262731738388538,
      0.0078650563955307,
      0.006834554020315409,
      0.0075133307836949825,
      0.008414938114583492,
      0.0063136424869298935
    ],