{
  "phase": "",
  "net_training_time_sec": 25739.386996895075,
  "net_training_time_min": 428.9897832815846,
  "min_mse": 0.0006153553258627653,
  "min_mse_epoch": 1001,
  "min_rmse": 0.004948044661432505,
  "min_rmse_epoch": 1001
}