{
  "model_name": "./PINO_reladapt/Baseline/Rollout/1_frame/Results_stable_PINO_finite_difference_0.01_resloss_0.1_icloss_0.1_bcloss_0.0_wloss_mse_eval_0.55_D_1_frames_31_10_2025-20_30",
  "timesteps": [
    0,
    1
  ],
  "rmse": {
    "Voltage": [
      0.0,
      0.007016213610768318,
      0.008932258002460003,
      0.009968865662813187,
      0.011088276281952858,
      0.00908186100423336,
      0.009414557367563248,
      0.009930065833032131,
      0.009988943114876747,
      0.009423392824828625,
      0.008606580086052418,
      0.008324120193719864,
      0.008994310162961483,
      0.01031570602208376,
      0.009432767517864704,
      0.008770255371928215,
      0.008463336154818535,
      0.008520837873220444,
      0.008424235507845879,
      0.008706223219633102,
      0.008252911269664764,
      0.007842253893613815,
      0.007802519015967846,
      0.007933706976473331,
      0.008317028172314167,
      0.008928153663873672,
      0.009918639436364174,
      0.010257734917104244,
      0.010168136097490788,
      0.01069105789065361,
      0.011438875459134579,
      0.012203015387058258,
      0.012921233661472797,
      0.01356157474219799,
      0.01405961811542511,
      0.01434662938117981,
      0.01442086324095726,
      0.014386719092726707,
      0.014380299486219883,
      0.014484090730547905,
      0.014759951271116734,
      0.015278562903404236,
      0.0159023217856884,
      0.016100093722343445,
      0.015742169693112373,
      0.015131206251680851,
      0.01431664265692234,
      0.01339907106012106,
      0.01261335052549839,
      0.012070138938724995,
      0.011764799244701862,
      0.011367362923920155,
      0.010775482282042503,
      0.010316041298210621,
      0.009888552129268646,
      0.009462511166930199,
      0.00913853757083416,
      0.008989728055894375,
      0.008983412757515907,
      0.009083868004381657,
      0.009193705394864082,
      0.009205316193401814,
      0.009235277771949768,
      0.009091801010072231,
      0.00866726879030466,
      0.008368759416043758,
      0.008266031742095947,
      0.008280757814645767,
      0.008361870422959328,
      0.008428921923041344,
      0.00862923264503479,
      0.009706130251288414,
      0.011194253340363503,
      0.011720716953277588,
      0.012668689712882042,
      0.011159418150782585,
      0.010541586205363274,
      0.009959185495972633,
      0.009624370373785496,
      0.00948983896523714,
      0.009587893262505531,
      0.009774795733392239,
      0.009847061708569527,
      0.00973126757889986,
      0.010545941069722176,
      0.01007626112550497,
      0.009691750630736351,
      0.009281912818551064,
      0.008809676393866539,
      0.008436421863734722,
      0.00822041928768158,
      0.008214361034333706,
      0.008471890352666378,
      0.009167812764644623,
      0.010330461896955967,
      0.01141090877354145,
      0.01179504208266735,
      0.011922013014554977,
      0.012290168553590775,
      0.012584813870489597,
      0.013003173284232616,
      0.01300900336354971,
      0.013816765509545803,
      0.013811576180160046,
      0.013132455758750439,
      0.012879365123808384,
      0.013283763080835342,
      0.014249688945710659,
      0.014751079492270947,
      0.013745470903813839,
      0.013568279333412647,
      0.013915922492742538,
      0.014734293334186077,
      0.015482112765312195,
      0.014904544688761234,
      0.014864107593894005,
      0.01565251685678959,
      0.016191095113754272,
      0.016667231917381287,
      0.01715654507279396,
      0.017546484246850014,
      0.017890261486172676,
      0.01828170008957386,
      0.018809933215379715,
      0.019527366384863853,
      0.020414788275957108,
      0.021248651668429375,
      0.021313190460205078,
      0.02057267725467682,
      0.019486431032419205,
      0.018032249063253403,
      0.016590481624007225,
      0.01561036054044962,
      0.014991563744843006,
      0.014489688910543919,
      0.013930736109614372,
      0.013162617571651936,
      0.012225528247654438,
      0.011364390142261982,
      0.010688618756830692,
      0.01031255442649126,
      0.010200214572250843,
      0.010151228867471218,
      0.010060624219477177,
      0.010016982443630695,
      0.010059138759970665,
      0.009848954156041145,
      0.009551740251481533,
      0.009579161182045937,
      0.009800607338547707,
      0.010052111931145191,
      0.010281309485435486,
      0.010556623339653015,
      0.011058703064918518,
      0.011913144960999489,
      0.013845597393810749,
      0.017321040853857994,
      0.016384486109018326,
      0.014718546532094479,
      0.014588492922484875,
      0.016110680997371674,
      0.018403805792331696,
      0.021103568375110626,
      0.023801863193511963,
      0.026305019855499268,
      0.028721511363983154,
      0.031195972114801407,
      0.033554982393980026,
      0.03526429459452629,
      0.03608948737382889,
      0.037131961435079575,
      0.039460718631744385,
      0.04221266135573387,
      0.044824451208114624,
      0.04793766513466835,
      0.05147044360637665,
      0.0552607923746109,
      0.05919848009943962,
      0.06310683488845825,
      0.06674814224243164,
      0.07006342709064484,
      0.07349064201116562,
      0.07767314463853836,
      0.08117697387933731,
      0.08519678562879562,
      0.09008371084928513,
      0.09205358475446701,
      0.09164144843816757,
      0.0903068333864212,
      0.08883535116910934,
      0.08734183758497238,
      0.08586639910936356,
      0.08465728908777237,
      0.0842808336019516,
      0.08574613183736801,
      0.08927728980779648,
      0.09350991249084473,
      0.09733443707227707,
      0.09981457144021988,
      0.09998428821563721
    ],