{
  "phase": "",
  "net_training_time_sec": 10572.784519271925,
  "net_training_time_min": 176.21307532119874,
  "min_mse": 0.034912239760160446,
  "min_mse_epoch": 101,
  "min_rmse": 0.03718467801809311,
  "min_rmse_epoch": 101
}