{
  "Channel 0 (0 = Voltage, 1 = Recovery Current)": {
    "Avg Mean Absolute Error": 0.0267427209764719,
    "Average Cell Error": 0.026742717251181602,
    "Average Error of Top 10 Worst Cells": 0.042688556015491486,
    "Mean Signed Error (Bias)": 0.0267427209764719,
    "Max Signed Error": 0.3881709575653076,
    "Pct Errors > Avg MAE": 31.2639562876632,
    "Pct Cells with Avg Error > Avg Cell Error": 35.64356435643564,
    "Worst Case Results": {
      "Timestep": 186,
      "Cell [x, y]": [
        54,
        0
      ],
      "Absolute Error": 0.3881709575653076
    },
    "Best Case Results": {
      "Timestep": 84,
      "Cell [x, y]": [
        74,
        26
      ],
      "Absolute Error": 0.0
    },
    "Best/Worst Cells Over Time": {
      "Best Cell [x, y]": [
        25,
        34
      ],
      "Best Cell Avg Error": 0.008867580443620682,
      "Worst Cell [x, y]": [
        100,
        100
      ],
      "Worst Cell Avg Error": 0.07442548125982285
    },
    "Overall RMSE:": 0.04097243770956993
  },
  "Channel 1 (0 = Voltage, 1 = Recovery Current)": {
    "Avg Mean Absolute Error": 0.05411377176642418,
    "Average Cell Error": 0.05411376804113388,
    "Average Error of Top 10 Worst Cells": 0.06201878935098648,
    "Mean Signed Error (Bias)": 0.05411377176642418,
    "Max Signed Error": 0.3263744115829468,
    "Pct Errors > Avg MAE": 45.955786185116345,
    "Pct Cells with Avg Error > Avg Cell Error": 37.62376237623762,
    "Worst Case Results": {
      "Timestep": 196,
      "Cell [x, y]": [
        63,
        0
      ],
      "Absolute Error": 0.3263744115829468
    },
    "Best Case Results": {
      "Timestep": 165,
      "Cell [x, y]": [
        24,
        81
      ],
      "Absolute Error": 0.0
    },
    "Best/Worst Cells Over Time": {
      "Best Cell [x, y]": [
        57,
        33
      ],
      "Best Cell Avg Error": 0.031461264938116074,
      "Worst Cell [x, y]": [
        5,
        98
      ],
      "Worst Cell Avg Error": 0.08923567831516266
    },
    "Overall RMSE:": 0.06508268415927887
  }
}