{
  "model_name": "./PINO/Baseline/P2P/1_frame/Results_chaotic_PINO_finite_difference_0.01_resloss_0.1_icloss_0.1_bcloss_0.0_wloss_mse_eval_0.55_D_1_frames_30_10_2025-19_32",
  "timesteps": [
    0,
    1
  ],
  "mse": {
    "Voltage": [
      0.000735056702978909,
      0.0007559777004644275,
      0.0008082151762209833,
      0.0008770123822614551,
      0.0009461815934628248,
      0.0010027933167293668,
      0.0010400376049801707,
      0.0010570400627329946,
      0.001057127257809043,
      0.001046462799422443,
      0.0010328517528250813,
      0.0010232152417302132,
      0.0010196517687290907,
      0.001015830202959478,
      0.0009964614873751998,
      0.000960631703492254,
      0.0010659383842721581,
      0.0010477653704583645,
      0.0009523586486466229,
      0.0009223028901033103,
      0.0009450623183511198,
      0.0011449463199824095,
      0.0016050025587901473,
      0.0012912432430312037,
      0.0010608405573293567,
      0.0009578396566212177,
      0.0009040420991368592,
      0.0008841795497573912,
      0.0007646147278137505,
      0.0006821139249950647,
      0.0006532578263431787,
      0.0006323798443190753,
      0.0006148772081360221,
      0.0005993511877022684,
      0.000586236419621855,
      0.000601904175709933,
      0.0005747581017203629,
      0.0005451891920529306,
      0.0005451462347991765,
      0.0005507519817911088,
      0.0005534632364287972,
      0.0005490888142958283,
      0.0005533825024031103,
      0.0005669536185450852,
      0.0005192499957047403,
      0.0005164264584891498,
      0.000516943575348705,
      0.0005187324131838977,
      0.0005210793460719287,
      0.0005231265677139163,
      0.0005243803607299924,
      0.0005248954985290766,
      0.000525018956977874,
      0.0005249669193290174,
      0.0005246038781479001,
      0.0005236815195530653,
      0.0005226175999268889,
      0.0005238636513240635,
      0.0005326044629327953,
      0.000550028053112328,
      0.0005650647217407823,
      0.0005745214875787497,
      0.0005768535775132477,
      0.0005736860912293196,
      0.0005795939359813929,
      0.0005921149859204888,
      0.000603715016040951,
      0.0006127103697508574,
      0.0006191745051182806,
      0.0006234364700503647,
      0.000625777873210609,
      0.0006263757823035121,
      0.0006253284518606961,
      0.0006228163256309927,
      0.0006194281741045415,
      0.0006163833313621581,
      0.0006151336710900068,
      0.0006161957862786949,
      0.0006179335177876055,
      0.0006173342117108405,
      0.000621073879301548,
      0.0006890103686600924,
      0.0007850425899960101,
      0.0007346771308220923,
      0.0005672892439179122,
      0.0005262859049253166,
      0.0005040922551415861,
      0.0004856741288676858,
      0.0004740478179883212,
      0.0004718020500149578,
      0.0004748544888570905,
      0.00047725962940603495,
      0.00048347172560170293,
      0.0004941244842484593,
      0.000505069037899375,
      0.0005128548946231604,
      0.0005102255381643772,
      0.0004992962931282818,
      0.0004892526776529849,
      0.0004809690872207284,
      0.0004739920259453356,
      0.00046874256804585457,
      0.000464408629341051,
      0.0004586073919199407,
      0.0004516283515840769,
      0.00044472774607129395,
      0.00043756578816100955,
      0.0004294665704946965,
      0.00042173246038146317,
      0.00041984638664871454,
      0.00042710144771263003,
      0.0004289296630304307,
      0.0004230670165270567,
      0.0004259023698978126,
      0.0004483424127101898,
      0.0005953534273430705,
      0.0007851008558645844,
      0.000648053246550262,
      0.0005706167430616915,
      0.0005571191431954503,
      0.0005641679745167494,
      0.0005402344977483153,
      0.0005231130053289235,
      0.000511516525875777,
      0.0005059278919361532,
      0.000518667628057301,
      0.0005153416423127055,
      0.00043796218233183026,
      0.0004268347402103245,
      0.0004263445152901113,
      0.00042537940316833556,
      0.0004205753211863339,
      0.0004324726469349116,
      0.0005397400236688554,
      0.000573529745452106,
      0.0005939402035437524,
      0.0006205716053955257,
      0.000648165529128164,
      0.0005798228667117655,
      0.0005674647982232273,
      0.0005599547293968499,
      0.0005535438540391624,
      0.0005504107684828341,
      0.0005519790574908257,
      0.0005585441831499338,
      0.000568857416510582,
      0.0005801668739877641,
      0.0005914533976465464,
      0.0006148951943032444,
      0.0006188512197695673,
      0.0005856648785993457,
      0.0005804268876090646,
      0.0005731515120714903,
      0.0005633127875626087,
      0.0005515569355338812,
      0.0005389381549321115,
      0.0005375000764615834,
      0.0005634452099911869,
      0.0006456219125539064,
      0.0008315707091242075,
      0.0010061339708045125,
      0.0012345052091404796,
      0.0015071817906573415,
      0.0018057047855108976,
      0.002123798243701458,
      0.002455294132232666,
      0.0027963174507021904,
      0.0031458137091249228,
      0.003503117011860013,
      0.003865398932248354,
      0.004228255245834589,
      0.004590339958667755,
      0.004958628211170435,
      0.005348663777112961,
      0.005786135792732239,
      0.0062857214361429214,
      0.006755907088518143,
      0.007110177539288998,
      0.007376204710453749,
      0.00759166618809104,
      0.007766333874315023,
      0.00790488999336958,
      0.008008579723536968,
      0.008084474131464958,
      0.008137359283864498,
      0.00816781260073185,
      0.008180216886103153,
      0.008174140937626362,
      0.008143741637468338,
      0.008087687194347382,
      0.008011428639292717,
      0.00792419072240591,
      0.007834705524146557,
      0.007752282079309225,
      0.00770485820248723,
      0.007665808312594891,
      0.007522852160036564,
      0.007377529516816139,
      0.0072418516501784325
    ],