{
  "model_name": "./PINO/Baseline/P2P/1_frame/Results_chaotic_PINO_finite_difference_0.01_resloss_0.1_icloss_0.1_bcloss_0.0_wloss_mse_eval_0.55_D_1_frames_30_10_2025-19_32",
  "timesteps": [
    0,
    1
  ],
  "rmse": {
    "Voltage": [
      0.027111928910017014,
      0.027495048940181732,
      0.028429126366972923,
      0.029614394530653954,
      0.030760064721107483,
      0.03166691213846207,
      0.03224961459636688,
      0.03251215070486069,
      0.032513491809368134,
      0.03234907612204552,
      0.03213801234960556,
      0.03198773413896561,
      0.031931985169649124,
      0.031872089952230453,
      0.03156678006052971,
      0.030994059517979622,
      0.032648712396621704,
      0.03236920386552811,
      0.030860308557748795,
      0.030369440093636513,
      0.030741866677999496,
      0.033837053924798965,
      0.04006248340010643,
      0.03593387454748154,
      0.032570548355579376,
      0.030948985368013382,
      0.030067292973399162,
      0.029735157266259193,
      0.027651667594909668,
      0.02611730992794037,
      0.02555890940129757,
      0.02514716424047947,
      0.02479671686887741,
      0.024481650441884995,
      0.024212319403886795,
      0.02453373558819294,
      0.023974113166332245,
      0.02334928698837757,
      0.02334836684167385,
      0.023468105122447014,
      0.023525798693299294,
      0.023432644084095955,
      0.023524083197116852,
      0.02381078712642193,
      0.022787056863307953,
      0.022725017741322517,
      0.02273639291524887,
      0.022775698453187943,
      0.022827163338661194,
      0.0228719599545002,
      0.02289935201406479,
      0.022910598665475845,
      0.022913292050361633,
      0.022912155836820602,
      0.022904232144355774,
      0.02288408949971199,
      0.022860830649733543,
      0.022888068109750748,
      0.023078225553035736,
      0.023452676832675934,
      0.023771090433001518,
      0.023969177156686783,
      0.024017775431275368,
      0.02395174466073513,
      0.02407475747168064,
      0.024333413690328598,
      0.024570612236857414,
      0.024752987548708916,
      0.024883218109607697,
      0.0249687097966671,
      0.02501555345952511,
      0.025027500465512276,
      0.025006568059325218,
      0.024956287816166878,
      0.024888314306735992,
      0.02482706867158413,
      0.024801887571811676,
      0.02482329122722149,
      0.024858267977833748,
      0.024846211075782776,
      0.02492135390639305,
      0.026249006390571594,
      0.028018612414598465,
      0.027104929089546204,
      0.02381783537566662,
      0.022940922528505325,
      0.02245199866592884,
      0.022038016468286514,
      0.021772639825940132,
      0.0217210054397583,
      0.021791156381368637,
      0.02184627205133438,
      0.02198799140751362,
      0.022228911519050598,
      0.022473741322755814,
      0.022646300494670868,
      0.022588172927498817,
      0.022344939410686493,
      0.022119056433439255,
      0.021931007504463196,
      0.02177135832607746,
      0.021650463342666626,
      0.021550143137574196,
      0.021415119990706444,
      0.021251549944281578,
      0.02108856849372387,
      0.020918073132634163,
      0.020723575726151466,
      0.02053612656891346,
      0.02049015276134014,
      0.02066643349826336,
      0.020710617303848267,
      0.020568592473864555,
      0.020637402310967445,
      0.021174097433686256,
      0.02439986541867256,
      0.028019651770591736,
      0.02545689046382904,
      0.02388758584856987,
      0.023603372275829315,
      0.02375221997499466,
      0.023242944851517677,
      0.02287166379392147,
      0.022616731002926826,
      0.022492840886116028,
      0.02277427539229393,
      0.022701136767864227,
      0.02092754654586315,
      0.020659979432821274,
      0.020648112520575523,
      0.020624728873372078,
      0.0205079335719347,
      0.020795976743102074,
      0.02323230542242527,
      0.023948481306433678,
      0.024370888248085976,
      0.024911275133490562,
      0.02545909583568573,
      0.02407951094210148,
      0.023821519687771797,
      0.023663362488150597,
      0.023527512326836586,
      0.023460835218429565,
      0.023494234308600426,
      0.02363353967666626,
      0.023850731551647186,
      0.02408665418624878,
      0.024319814518094063,
      0.02479708008468151,
      0.02487672120332718,
      0.02420051395893097,
      0.0240920502692461,
      0.02394058369100094,
      0.023734211921691895,
      0.023485248908400536,
      0.023215042427182198,
      0.023184048011898994,
      0.023737000301480293,
      0.025409091264009476,
      0.028836967423558235,
      0.03171961382031441,
      0.035135526210069656,
      0.038822438567876816,
      0.042493585497140884,
      0.0460846871137619,
      0.04955092445015907,
      0.052880216389894485,
      0.05608755350112915,
      0.059187136590480804,
      0.06217233091592789,
      0.06502503901720047,
      0.06775204837322235,
      0.07041753083467484,
      0.07313455641269684,
      0.07606665045022964,
      0.07928254455327988,
      0.08219432830810547,
      0.08432187139987946,
      0.08588483184576035,
      0.08713016659021378,
      0.08812680840492249,
      0.08890944719314575,
      0.08949066698551178,
      0.08991370350122452,
      0.09020731598138809,
      0.09037595242261887,
      0.09044454991817474,
      0.09041095525026321,
      0.09024268388748169,
      0.08993156999349594,
      0.08950658142566681,
      0.08901792019605637,
      0.08851387351751328,
      0.08804704248905182,
      0.08777732402086258,
      0.08755460381507874,
      0.08673437684774399,
      0.08589254319667816,
      0.08509907126426697
    ],