{
  "model_name": "./PINO_adapt/Baseline/Rollout/5_frame/Results_chaotic_PINO_finite_difference_0.01_resloss_0.1_icloss_0.1_bcloss_0.0_wloss_mse_eval_0.55_D_5_frames_31_10_2025-09_45",
  "timesteps": [
    0,
    1
  ],
  "mse": {
    "Voltage": [
      0.0,
      0.0,
      0.0,
      0.0,
      0.0,
      0.0015038060955703259,
      0.001527207437902689,
      0.0016111546428874135,
      0.0018645671661943197,
      0.0021642036736011505,
      0.0022657408844679594,
      0.0022812148090451956,
      0.0029865053948014975,
      0.0038729507941752672,
      0.003952232655137777,
      0.0033836180809885263,
      0.0037170429714024067,
      0.004517195746302605,
      0.005996984429657459,
      0.006194300949573517,
      0.004458722658455372,
      0.005034672562032938,
      0.005471369717270136,
      0.0078134061768651,
      0.009839103557169437,
      0.006527126766741276,
      0.0067141614854335785,
      0.006064495071768761,
      0.006702839862555265,
      0.008369291201233864,
      0.005995479412376881,
      0.006321829278022051,
      0.005984656512737274,
      0.006541267968714237,
      0.008074183017015457,
      0.006592584308236837,
      0.006493245251476765,
      0.006607680581510067,
      0.007023590616881847,
      0.008790646679699421,
      0.007602868136018515,
      0.007355583366006613,
      0.0077135078608989716,
      0.008373177610337734,
      0.010501264594495296,
      0.008961998857557774,
      0.008841833099722862,
      0.009452425874769688,
      0.010279533453285694,
      0.01265972200781107,
      0.011019004508852959,
      0.011243022046983242,
      0.012277587316930294,
      0.013193260878324509,
      0.0159777719527483,
      0.014667092822492123,
      0.014866955578327179,
      0.015658902004361153,
      0.016686586663126945,
      0.01824592798948288,
      0.016991905868053436,
      0.01580064930021763,
      0.015865055844187737,
      0.0173529963940382,
      0.019073234871029854,
      0.018551016226410866,
      0.01766384392976761,
      0.018797721713781357,
      0.021051350980997086,
      0.022986385971307755,
      0.02183813601732254,
      0.021346531808376312,
      0.02171097882091999,
      0.024129718542099,
      0.025875966995954514,
      0.025541944429278374,
      0.02521399036049843,
      0.02568311057984829,
      0.02830963209271431,
      0.030915990471839905,
      0.031412772834300995,
      0.029963264241814613,
      0.03075227327644825,
      0.030141012743115425,
      0.03112650476396084,
      0.030679920688271523,
      0.02742983028292656,
      0.029021339491009712,
      0.028648965060710907,
      0.029137080535292625,
      0.02910059317946434,
      0.02651320770382881,
      0.028287403285503387,
      0.029012411832809448,
      0.029633192345499992,
      0.028823595494031906,
      0.027159037068486214,
      0.028500407934188843,
      0.028986679390072823,
      0.03029065951704979,
      0.029285093769431114,
      0.02849767357110977,
      0.0291664507240057,
      0.028783660382032394,
      0.030621010810136795,
      0.02903950773179531,
      0.02821909636259079,
      0.028836727142333984,
      0.0278323981910944,
      0.028772152960300446,
      0.026609044522047043,
      0.026258721947669983,
      0.026414301246404648,
      0.026229776442050934,
      0.02696104906499386,
      0.026483045890927315,
      0.024268800392746925,
      0.02270396053791046,
      0.02165398560464382,
      0.022373313084244728,
      0.023081932216882706,
      0.02087351679801941,
      0.01944025419652462,
      0.01916508562862873,
      0.01998705416917801,
      0.020258614793419838,
      0.01952262409031391,
      0.019299287348985672,
      0.020052660256624222,
      0.022614311426877975,
      0.023313457146286964,
      0.023887870833277702,
      0.023408422246575356,
      0.02271398901939392,
      0.022890547290444374,
      0.021104736253619194,
      0.01966850459575653,
      0.017774222418665886,
      0.016655918210744858,
      0.017928538843989372,
      0.01755715347826481,
      0.01822216436266899,
      0.017396317794919014,
      0.01745195873081684,
      0.01866924576461315,
      0.01962488517165184,
      0.019970756024122238,
      0.01971026510000229,
      0.019629845395684242,
      0.02043742500245571,
      0.02259671501815319,
      0.022368257865309715,
      0.02308044023811817,
      0.024148130789399147,
      0.025010371580719948,
      0.020427675917744637,
      0.019091511145234108,
      0.016943100839853287,
      0.018032468855381012,
      0.015201590023934841,
      0.020909052342176437,
      0.01814250461757183,
      0.014764757826924324,
      0.014207848347723484,
      0.012108259834349155,
      0.04934590309858322,
      0.0417114682495594,
      0.03993038088083267,
      0.035101741552352905,
      0.037015482783317566,
      0.0985477864742279,
      0.0894874781370163,
      0.08147894591093063,
      0.06584946811199188,
      0.07778885960578918,
      0.1497603952884674,
      0.1380777806043625,
      0.12073911726474762,
      0.10492993146181107,
      0.11954297125339508,
      0.18416455388069153,
      0.16549764573574066,
      0.15159161388874054,
      0.140537291765213,
      0.1494545340538025,
      0.20424750447273254,
      0.18022339046001434,
      0.17868809401988983,
      0.16846607625484467,
      0.17667256295681,
      0.22082647681236267,
      0.19584587216377258,
      0.2034907341003418,
      0.19097238779067993,
      0.20290565490722656,
      0.23142586648464203,
      0.2148846685886383,
      0.222134068608284,
      0.21495039761066437,
      0.2291371375322342
    ],