{
  "model_name": "./PINO_adapt/Baseline/Rollout/5_frame/Results_chaotic_PINO_finite_difference_0.01_resloss_0.1_icloss_0.1_bcloss_0.0_wloss_mse_eval_0.55_D_5_frames_31_10_2025-09_45",
  "timesteps": [
    0,
    1
  ],
  "rmse": {
    "Voltage": [
      0.0,
      0.0,
      0.0,
      0.0,
      0.0,
      0.038778938353061676,
      0.03907950222492218,
      0.04013919085264206,
      0.04318063333630562,
      0.04652100428938866,
      0.04759979993104935,
      0.04776206612586975,
      0.054648928344249725,
      0.062233034521341324,
      0.06286678463220596,
      0.05816887691617012,
      0.06096755713224411,
      0.06721008569002151,
      0.07744020223617554,
      0.0787038803100586,
      0.0667736679315567,
      0.07095542550086975,
      0.07396870851516724,
      0.08839347213506699,
      0.09919225424528122,
      0.08079063892364502,
      0.08193998783826828,
      0.07787486910820007,
      0.08187087625265121,
      0.09148383140563965,
      0.07743047922849655,
      0.0795099288225174,
      0.07736056298017502,
      0.0808781087398529,
      0.08985646069049835,
      0.08119472861289978,
      0.08058067411184311,
      0.08128763735294342,
      0.08380686491727829,
      0.09375844895839691,
      0.08719442784786224,
      0.08576469868421555,
      0.08782657980918884,
      0.09150506556034088,
      0.10247568041086197,
      0.09466783702373505,
      0.09403102099895477,
      0.09722358733415604,
      0.10138803720474243,
      0.11251542717218399,
      0.10497144609689713,
      0.10603311657905579,
      0.11080427467823029,
      0.11486192047595978,
      0.12640321254730225,
      0.12110777199268341,
      0.12193012237548828,
      0.12513554096221924,
      0.1291765719652176,
      0.13507749140262604,
      0.13035300374031067,
      0.12570063769817352,
      0.12595656514167786,
      0.13173076510429382,
      0.13810588419437408,
      0.1362021118402481,
      0.13290539383888245,
      0.13710477948188782,
      0.14509083330631256,
      0.15161262452602386,
      0.14777731895446777,
      0.14610452950000763,
      0.14734645187854767,
      0.15533743798732758,
      0.1608600914478302,
      0.15981847047805786,
      0.15878914296627045,
      0.16025951504707336,
      0.16825465857982635,
      0.1758294403553009,
      0.17723648250102997,
      0.17309899628162384,
      0.17536325752735138,
      0.17361167073249817,
      0.17642705142498016,
      0.1751568466424942,
      0.16561953723430634,
      0.17035651206970215,
      0.16926005482673645,
      0.17069587111473083,
      0.17058895528316498,
      0.16282877326011658,
      0.16818860173225403,
      0.17033030092716217,
      0.17214293777942657,
      0.169775128364563,
      0.1647999882698059,
      0.16882063448429108,
      0.17025475203990936,
      0.17404212057590485,
      0.17112888395786285,
      0.16881254315376282,
      0.17078188061714172,
      0.16965748369693756,
      0.17498859763145447,
      0.17040982842445374,
      0.16798540949821472,
      0.16981379687786102,
      0.16683045029640198,
      0.16962356865406036,
      0.16312278807163239,
      0.1620454341173172,
      0.1625247746706009,
      0.1619560867547989,
      0.16419820487499237,
      0.16273611783981323,
      0.155784472823143,
      0.1506783366203308,
      0.14715293049812317,
      0.14957711100578308,
      0.1519273966550827,
      0.14447669684886932,
      0.13942831754684448,
      0.13843801617622375,
      0.1413755714893341,
      0.1423327624797821,
      0.13972339034080505,
      0.13892187178134918,
      0.14160741865634918,
      0.15038055181503296,
      0.1526874452829361,
      0.1545570194721222,
      0.15299810469150543,
      0.15071161091327667,
      0.1512962281703949,
      0.14527469873428345,
      0.14024443924427032,
      0.13332000374794006,
      0.12905780971050262,
      0.13389749825000763,
      0.13250340521335602,
      0.13498950004577637,
      0.13189509510993958,
      0.13210585713386536,
      0.1366354525089264,
      0.14008884131908417,
      0.1413179188966751,
      0.14039325714111328,
      0.14010654389858246,
      0.14295952022075653,
      0.15032203495502472,
      0.14956021308898926,
      0.15192247927188873,
      0.15539668500423431,
      0.1581466794013977,
      0.142925426363945,
      0.13817203044891357,
      0.13016566634178162,
      0.13428503274917603,
      0.12329472601413727,
      0.14459963142871857,
      0.13469411432743073,
      0.12151031941175461,
      0.11919667571783066,
      0.11003753542900085,
      0.222139373421669,
      0.20423385500907898,
      0.19982588291168213,
      0.18735459446907043,
      0.19239407777786255,
      0.3139232099056244,
      0.29914456605911255,
      0.2854451835155487,
      0.25661152601242065,
      0.27890655398368835,
      0.38698887825012207,
      0.37158820033073425,
      0.3474753499031067,
      0.3239288926124573,
      0.3457498550415039,
      0.4291439652442932,
      0.40681400895118713,
      0.3893476724624634,
      0.3748830258846283,
      0.3865934908390045,
      0.4519374966621399,
      0.42452725768089294,
      0.4227151572704315,
      0.4104461967945099,
      0.4203243553638458,
      0.4699217677116394,
      0.44254475831985474,
      0.4510994851589203,
      0.43700388073921204,
      0.45045050978660583,
      0.481067419052124,
      0.46355655789375305,
      0.4713110029697418,
      0.463627427816391,
      0.4786826968193054
    ],