{
  "phase": "",
  "net_training_time_sec": 2623.6917578727007,
  "net_training_time_min": 43.72819596454501,
  "min_mse": 0.001017409609630704,
  "min_mse_epoch": 1001,
  "min_rmse": 0.006003364454954863,
  "min_rmse_epoch": 71
}