{
  "Channel 0 (0 = Voltage, 1 = Recovery Current)": {
    "Avg Mean Absolute Error": 0.00607030326500535,
    "Average Cell Error": 0.00607030326500535,
    "Average Error of Top 10 Worst Cells": 0.012697115540504456,
    "Mean Signed Error (Bias)": 0.00607030326500535,
    "Max Signed Error": 0.5894599556922913,
    "Pct Errors > Avg MAE": 21.165768061954708,
    "Pct Cells with Avg Error > Avg Cell Error": 29.7029702970297,
    "Worst Case Results": {
      "Timestep": 173,
      "Cell [x, y]": [
        40,
        0
      ],
      "Absolute Error": 0.5894599556922913
    },
    "Best Case Results": {
      "Timestep": 0,
      "Cell [x, y]": [
        0,
        0
      ],
      "Absolute Error": 0.0
    },
    "Best/Worst Cells Over Time": {
      "Best Cell [x, y]": [
        58,
        69
      ],
      "Best Cell Avg Error": 0.0018066883785650134,
      "Worst Cell [x, y]": [
        100,
        0
      ],
      "Worst Cell Avg Error": 0.05075293779373169
    },
    "Overall RMSE:": 0.017260881140828133
  },
  "Channel 1 (0 = Voltage, 1 = Recovery Current)": {
    "Avg Mean Absolute Error": 0.010650428012013435,
    "Average Cell Error": 0.01065042708069086,
    "Average Error of Top 10 Worst Cells": 0.017110461369156837,
    "Mean Signed Error (Bias)": 0.010650428012013435,
    "Max Signed Error": 0.5000200271606445,
    "Pct Errors > Avg MAE": 21.709048132536026,
    "Pct Cells with Avg Error > Avg Cell Error": 34.65346534653465,
    "Worst Case Results": {
      "Timestep": 199,
      "Cell [x, y]": [
        41,
        1
      ],
      "Absolute Error": 0.5000200271606445
    },
    "Best Case Results": {
      "Timestep": 0,
      "Cell [x, y]": [
        0,
        0
      ],
      "Absolute Error": 0.0
    },
    "Best/Worst Cells Over Time": {
      "Best Cell [x, y]": [
        57,
        65
      ],
      "Best Cell Avg Error": 0.002947574481368065,
      "Worst Cell [x, y]": [
        100,
        100
      ],
      "Worst Cell Avg Error": 0.05243442580103874
    },
    "Overall RMSE:": 0.02516714110970497
  }
}