{
  "model_name": "./PINO_reladapt/Baseline/Rollout/5_frame/Results_stable_PINO_finite_difference_0.01_resloss_0.1_icloss_0.1_bcloss_0.0_wloss_mse_eval_0.55_D_5_frames_31_10_2025-20_30",
  "timesteps": [
    0,
    1
  ],
  "rmse": {
    "Voltage": [
      0.0,
      0.0,
      0.0,
      0.0,
      0.0,
      0.015643246471881866,
      0.013775106519460678,
      0.01660463586449623,
      0.017822250723838806,
      0.02102714404463768,
      0.009394277818500996,
      0.008335885591804981,
      0.009421542286872864,
      0.010501610115170479,
      0.012113728560507298,
      0.008674820885062218,
      0.007950078696012497,
      0.008521792478859425,
      0.00838677678257227,
      0.010585607029497623,
      0.008465999737381935,
      0.007236301898956299,
      0.00736379437148571,
      0.007719887886196375,
      0.007426614873111248,
      0.00662739435210824,
      0.006318423431366682,
      0.006909083109349012,
      0.0076217325404286385,
      0.006669566500931978,
      0.0059869661927223206,
      0.004727391991764307,
      0.00468091107904911,
      0.00474522914737463,
      0.004819931462407112,
      0.005229674279689789,
      0.0043176691979169846,
      0.004259240813553333,
      0.0042433650232851505,
      0.004486153833568096,
      0.004715367686003447,
      0.0042940834537148476,
      0.0053277527913451195,
      0.006230776198208332,
      0.006401393562555313,
      0.005166363902390003,
      0.004161987453699112,
      0.0046248179860413074,
      0.004740612115710974,
      0.004292111843824387,
      0.00422368198633194,
      0.0039514461532235146,
      0.00398683175444603,
      0.0035874329041689634,
      0.0036558613646775484,
      0.0036259579937905073,
      0.0034446886274963617,
      0.003682886715978384,
      0.0033874830696731806,
      0.0035570524632930756,
      0.0033884963486343622,
      0.003371634753420949,
      0.0040283421985805035,
      0.0036239230539649725,
      0.0035451368894428015,
      0.003056296845898032,
      0.0029956146609038115,
      0.00376427941955626,
      0.0039414274506270885,
      0.004575510509312153,
      0.003927604295313358,
      0.005158855579793453,
      0.006347218994051218,
      0.008387874811887741,
      0.01031607948243618,
      0.007851378060877323,
      0.007251234259456396,
      0.006823097355663776,
      0.006159094162285328,
      0.006462837569415569,
      0.005423618480563164,
      0.004862541798502207,
      0.005978254601359367,
      0.006560730282217264,
      0.008621751330792904,
      0.006665671244263649,
      0.0053260233253240585,
      0.005306689068675041,
      0.006145446095615625,
      0.006169793661683798,
      0.0052994051948189735,
      0.0050786398351192474,
      0.004828443750739098,
      0.005825711414217949,
      0.006411461625248194,
      0.005614900961518288,
      0.006459187716245651,
      0.006951470859348774,
      0.010321485809981823,
      0.012829527258872986,
      0.00991896539926529,
      0.009569783695042133,
      0.010901262052357197,
      0.012553660199046135,
      0.010645359754562378,
      0.008550005964934826,
      0.007769981864839792,
      0.007586672902107239,
      0.00915146991610527,
      0.008149479515850544,
      0.0073038856498897076,
      0.006659309845417738,
      0.006508366670459509,
      0.006901563610881567,
      0.006697631906718016,
      0.006238291505724192,
      0.005595498718321323,
      0.005137077532708645,
      0.0047603570856153965,
      0.00513442000374198,
      0.004888839088380337,
      0.004306243732571602,
      0.0042512440122663975,
      0.004654223099350929,
      0.005131400190293789,
      0.0057328613474965096,
      0.005579323507845402,
      0.0055856467224657536,
      0.0053729466162621975,
      0.0056051150895655155,
      0.004747901577502489,
      0.0041471910662949085,
      0.004304243251681328,
      0.004179396200925112,
      0.004559781868010759,
      0.004097410477697849,
      0.003778900485485792,
      0.0039036781527101994,
      0.003786655841395259,
      0.0038347484078258276,
      0.0036767064593732357,
      0.0033972107339650393,
      0.003754041390493512,
      0.003368600271642208,
      0.0035002294462174177,
      0.003159873653203249,
      0.0031902773771435022,
      0.003085317788645625,
      0.0029499526135623455,
      0.0032052062451839447,
      0.0029274087864905596,
      0.0028669587336480618,
      0.003477443940937519,
      0.004261607304215431,
      0.006121329963207245,
      0.007041054777801037,
      0.010222304612398148,
      0.00988988671451807,
      0.009348736144602299,
      0.007561205420643091,
      0.017671221867203712,
      0.019299501553177834,
      0.019794994965195656,
      0.018371831625699997,
      0.01819722168147564,
      0.020924774929881096,
      0.019920894876122475,
      0.02358752116560936,
      0.031882964074611664,
      0.038006287068128586,
      0.03885180130600929,
      0.037573084235191345,
      0.03563706949353218,
      0.03394891694188118,
      0.03267167881131172,
      0.03289935365319252,
      0.030379094183444977,
      0.03118031471967697,
      0.03142811357975006,
      0.03261863812804222,
      0.03611927852034569,
      0.035973645746707916,
      0.036781154572963715,
      0.03464897722005844,
      0.03978703171014786,
      0.04563920199871063,
      0.04408419877290726,
      0.04218094050884247,
      0.04135267063975334,
      0.03964993730187416,
      0.04258234053850174,
      0.041103545576334,
      0.040982190519571304,
      0.04095723107457161,
      0.04312888905405998,
      0.04167664051055908,
      0.0421292819082737,
      0.04219142720103264,
      0.05054011195898056,
      0.05250437557697296
    ],