{
  "model_name": "./FNO_New/Baseline/Rollout/1_frame/Results_stable_Data_Only_mse_1_frames_31_10_2025-17_57",
  "timesteps": [
    0,
    1
  ],
  "mse": {
    "Voltage": [
      0.0,
      0.001720902742817998,
      0.004685432184487581,
      0.007565803825855255,
      0.010302871465682983,
      0.013755600899457932,
      0.017436370253562927,
      0.02072177827358246,
      0.024189479649066925,
      0.02821008488535881,
      0.03308042511343956,
      0.03911534324288368,
      0.046572934836149216,
      0.05563056841492653,
      0.06655602157115936,
      0.07879973948001862,
      0.0913551077246666,
      0.1038917750120163,
      0.11575905233621597,
      0.12636858224868774,
      0.13492374122142792,
      0.14170625805854797,
      0.14720958471298218,
      0.1515035480260849,
      0.15468138456344604,
      0.15698538720607758,
      0.1588493436574936,
      0.1605444848537445,
      0.16180765628814697,
      0.16183634102344513,
      0.16078397631645203,
      0.1588616967201233,
      0.1562195122241974,
      0.15302357077598572,
      0.1494111567735672,
      0.14544372260570526,
      0.1410835236310959,
      0.1362668126821518,
      0.1310088336467743,
      0.12544776499271393,
      0.11985050141811371,
      0.11461333185434341,
      0.11023098230361938,
      0.10715913772583008,
      0.10572431981563568,
      0.10616808384656906,
      0.1082625761628151,
      0.11123958230018616,
      0.11441495269536972,
      0.11752830445766449,
      0.1206398606300354,
      0.12377959489822388,
      0.1267191767692566,
      0.1292809247970581,
      0.1313943713903427,
      0.1328580528497696,
      0.13367927074432373,
      0.13405029475688934,
      0.134301096200943,
      0.1348150074481964,
      0.13593830168247223,
      0.1378493309020996,
      0.14080029726028442,
      0.1449960470199585,
      0.1502646654844284,
      0.1559445708990097,
      0.16118206083774567,
      0.16541731357574463,
      0.16830988228321075,
      0.17005160450935364,
      0.1714116632938385,
      0.17348863184452057,
      0.17762252688407898,
      0.185248002409935,
      0.19490879774093628,
      0.20353290438652039,
      0.2098299264907837,
      0.21409541368484497,
      0.2170822024345398,
      0.21913696825504303,
      0.2209310084581375,
      0.2233864814043045,
      0.22753633558750153,
      0.23420073091983795,
      0.24272660911083221,
      0.25082647800445557,
      0.2581620514392853,
      0.2648448646068573,
      0.2712048888206482,
      0.2774975001811981,
      0.28386563062667847,
      0.2900138199329376,
      0.2954946458339691,
      0.3000484108924866,
      0.30356547236442566,
      0.30602723360061646,
      0.30759358406066895,
      0.3088906705379486,
      0.31073442101478577,
      0.31287693977355957,
      0.31473079323768616,
      0.3149753510951996,
      0.31437647342681885,
      0.31383779644966125,
      0.31364840269088745,
      0.31362247467041016,
      0.3136237561702728,
      0.31362399458885193,
      0.31317541003227234,
      0.3121117651462555,
      0.31096017360687256,
      0.30977490544319153,
      0.3084668219089508,
      0.30680370330810547,
      0.3043459355831146,
      0.3003684878349304,
      0.2950383126735687,
      0.2883698642253876,
      0.28075018525123596,
      0.2726683020591736,
      0.26424354314804077,
      0.25552305579185486,
      0.24654224514961243,
      0.2374618798494339,
      0.22845205664634705,
      0.2197895497083664,
      0.21195177733898163,
      0.20531819760799408,
      0.2000243067741394,
      0.19609610736370087,
      0.19329801201820374,
      0.1913006603717804,
      0.18984857201576233,
      0.18878352642059326,
      0.1880052089691162,
      0.1874285340309143,
      0.18701589107513428,
      0.18682798743247986,
      0.18702715635299683,
      0.18780669569969177,
      0.18927545845508575,
      0.19150012731552124,
      0.19445735216140747,
      0.1979752779006958,
      0.20181304216384888,
      0.20570212602615356,
      0.2093168944120407,
      0.21230702102184296,
      0.21451503038406372,
      0.21606402099132538,
      0.21706847846508026,
      0.2174721211194992,
      0.21754398941993713,
      0.21805383265018463,
      0.21980340778827667,
      0.2236093282699585,
      0.22952626645565033,
      0.2346305549144745,
      0.23791079223155975,
      0.2399873286485672,
      0.24182091653347015,
      0.24361370503902435,
      0.2453756034374237,
      0.24704742431640625,
      0.24859756231307983,
      0.2500927150249481,
      0.2516510784626007,
      0.2534048557281494,
      0.2555142939090729,
      0.258113294839859,
      0.2613115608692169,
      0.26566988229751587,
      0.2713193893432617,
      0.2775004506111145,
      0.28387558460235596,
      0.2901005744934082,
      0.2957487404346466,
      0.3003533184528351,
      0.3036324083805084,
      0.305606484413147,
      0.3066798150539398,
      0.3073948621749878,
      0.30842694640159607,
      0.3109317719936371,
      0.3159908056259155,
      0.321458637714386,
      0.32597434520721436,
      0.3299797475337982,
      0.3335437476634979,
      0.336162269115448,
      0.3371849060058594,
      0.33600038290023804,
      0.33228838443756104,
      0.32614701986312866,
      0.3181869685649872,
      0.3092356026172638,
      0.2996863126754761,
      0.28976163268089294,
      0.2797454297542572,
      0.2703578770160675
    ],