{
  "model_name": "./PINO/Baseline/Rollout/5_frame/Results_chaotic_PINO_finite_difference_0.01_resloss_0.1_icloss_0.1_bcloss_0.0_wloss_mse_eval_0.55_D_5_frames_30_10_2025-19_32",
  "timesteps": [
    0,
    1
  ],
  "mse": {
    "Voltage": [
      0.0,
      0.0,
      0.0,
      0.0,
      0.0,
      0.001434617443010211,
      0.0012576591689139605,
      0.0012324302224442363,
      0.0019256023224443197,
      0.0022188760340213776,
      0.0017015879275277257,
      0.0016295405803248286,
      0.0019401332829147577,
      0.003277176758274436,
      0.0035437403712421656,
      0.0024923954624682665,
      0.00275049707852304,
      0.003152997000142932,
      0.004837287589907646,
      0.0053893583826720715,
      0.0033068526536226273,
      0.0036615710705518723,
      0.0037881406024098396,
      0.006223634351044893,
      0.007401305250823498,
      0.005005864892154932,
      0.005235454998910427,
      0.004506652243435383,
      0.005974822677671909,
      0.006099667865782976,
      0.004403722006827593,
      0.004565542098134756,
      0.004300994798541069,
      0.0050706216134130955,
      0.00569101283326745,
      0.0043555195443332195,
      0.0041336920112371445,
      0.004196961410343647,
      0.004560359753668308,
      0.005728785879909992,
      0.0049819606356322765,
      0.004452985245734453,
      0.004137707874178886,
      0.004809970501810312,
      0.005915502551943064,
      0.0059335180558264256,
      0.00522588612511754,
      0.004589308984577656,
      0.005413309205323458,
      0.006712568458169699,
      0.007006325293332338,
      0.006870985962450504,
      0.006081732921302319,
      0.007541043218225241,
      0.00903099775314331,
      0.009282004088163376,
      0.009872730821371078,
      0.008884062990546227,
      0.010617814026772976,
      0.010731028392910957,
      0.011032307520508766,
      0.011339864693582058,
      0.009648201055824757,
      0.010757125914096832,
      0.011296749114990234,
      0.012328926473855972,
      0.013334718532860279,
      0.011636688373982906,
      0.0127242561429739,
      0.012824448756873608,
      0.015273687429726124,
      0.016104910522699356,
      0.01419280469417572,
      0.014703755266964436,
      0.015109805390238762,
      0.01805753819644451,
      0.0191501472145319,
      0.01739487051963806,
      0.01780201867222786,
      0.01943550631403923,
      0.022243164479732513,
      0.024293648079037666,
      0.0219101719558239,
      0.02089652605354786,
      0.01868067868053913,
      0.021142546087503433,
      0.02300065942108631,
      0.021161062642931938,
      0.01991252414882183,
      0.01767023652791977,
      0.020140131935477257,
      0.02206767164170742,
      0.021158987656235695,
      0.019567780196666718,
      0.019028423354029655,
      0.020766539499163628,
      0.021995192393660545,
      0.021659566089510918,
      0.021234281361103058,
      0.021387703716754913,
      0.022427214309573174,
      0.022854356095194817,
      0.02257506176829338,
      0.022879650816321373,
      0.022783195599913597,
      0.022521140053868294,
      0.021965226158499718,
      0.021873079240322113,
      0.021192414686083794,
      0.020714865997433662,
      0.01900704950094223,
      0.018515411764383316,
      0.01911962777376175,
      0.018523316830396652,
      0.017172809690237045,
      0.017594922333955765,
      0.016408240422606468,
      0.017030471935868263,
      0.015696879476308823,
      0.014602955430746078,
      0.014259091578423977,
      0.013365077786147594,
      0.013341976329684258,
      0.012730628252029419,
      0.012074573896825314,
      0.012351114302873611,
      0.012752012349665165,
      0.013064390979707241,
      0.012884445488452911,
      0.01338399387896061,
      0.014653139747679234,
      0.01577058434486389,
      0.016346920281648636,
      0.015943018719553947,
      0.01606738567352295,
      0.015479717403650284,
      0.014598146080970764,
      0.013225814327597618,
      0.012328164651989937,
      0.013935914263129234,
      0.01406618021428585,
      0.01439658459275961,
      0.01338261179625988,
      0.0138632757589221,
      0.015948722139000893,
      0.01604326255619526,
      0.016542792320251465,
      0.015619990415871143,
      0.016386518254876137,
      0.018088145181536674,
      0.01869073696434498,
      0.019173340871930122,
      0.019150510430336,
      0.019603079184889793,
      0.02110769785940647,
      0.015192767605185509,
      0.016720611602067947,
      0.01663012057542801,
      0.014617327600717545,
      0.014272913336753845,
      0.016648540273308754,
      0.018150679767131805,
      0.02126297540962696,
      0.016637461259961128,
      0.02113044075667858,
      0.04323536902666092,
      0.04790584743022919,
      0.05521003529429436,
      0.04936734586954117,
      0.06110457330942154,
      0.09032957255840302,
      0.09487275779247284,
      0.10553298145532608,
      0.0992620587348938,
      0.1118573322892189,
      0.1410411298274994,
      0.1388862431049347,
      0.15224966406822205,
      0.14874346554279327,
      0.1560998260974884,
      0.1784181296825409,
      0.17101359367370605,
      0.1775650680065155,
      0.17668792605400085,
      0.1794677972793579,
      0.195904940366745,
      0.18362639844417572,
      0.19612336158752441,
      0.18918876349925995,
      0.18890255689620972,
      0.20287857949733734,
      0.18850655853748322,
      0.21130827069282532,
      0.19935911893844604,
      0.18714594841003418,
      0.20347832143306732,
      0.19095812737941742,
      0.22355081140995026,
      0.20859931409358978,
      0.1861894428730011
    ],