{
  "phase": "",
  "net_training_time_sec": 25683.958976991475,
  "net_training_time_min": 428.0659829498579,
  "min_mse": 0.032838255167007446,
  "min_mse_epoch": 81,
  "min_rmse": 0.0361081063747406,
  "min_rmse_epoch": 81
}