{
  "phase": "",
  "net_training_time_sec": 3146.093625212088,
  "net_training_time_min": 52.4348937535348,
  "min_mse": 0.0005891718319617212,
  "min_mse_epoch": 1001,
  "min_rmse": 0.004783053416758776,
  "min_rmse_epoch": 1001
}