{
  "phase": "",
  "net_training_time_sec": 13554.205259615555,
  "net_training_time_min": 225.9034209935926,
  "min_mse": 0.0004663894069381058,
  "min_mse_epoch": 1301,
  "min_rmse": 0.004291204735636711,
  "min_rmse_epoch": 1301
}