{
  "Channel 0 (0 = Voltage, 1 = Recovery Current)": {
    "Avg Mean Absolute Error": 0.0035800354089587927,
    "Average Cell Error": 0.0035800354089587927,
    "Average Error of Top 10 Worst Cells": 0.009191264398396015,
    "Mean Signed Error (Bias)": 0.0035800354089587927,
    "Max Signed Error": 0.530277669429779,
    "Pct Errors > Avg MAE": 21.151973537033825,
    "Pct Cells with Avg Error > Avg Cell Error": 20.792079207920793,
    "Worst Case Results": {
      "Timestep": 193,
      "Cell [x, y]": [
        4,
        100
      ],
      "Absolute Error": 0.530277669429779
    },
    "Best Case Results": {
      "Timestep": 14,
      "Cell [x, y]": [
        7,
        69
      ],
      "Absolute Error": 0.0
    },
    "Best/Worst Cells Over Time": {
      "Best Cell [x, y]": [
        77,
        68
      ],
      "Best Cell Avg Error": 0.0008596483385190368,
      "Worst Cell [x, y]": [
        100,
        0
      ],
      "Worst Cell Avg Error": 0.03737679496407509
    },
    "Overall RMSE:": 0.01176028698682785
  },
  "Channel 1 (0 = Voltage, 1 = Recovery Current)": {
    "Avg Mean Absolute Error": 0.00507024209946394,
    "Average Cell Error": 0.005070242565125227,
    "Average Error of Top 10 Worst Cells": 0.010030195116996765,
    "Mean Signed Error (Bias)": 0.005070242565125227,
    "Max Signed Error": 0.44782280921936035,
    "Pct Errors > Avg MAE": 25.861516844753783,
    "Pct Cells with Avg Error > Avg Cell Error": 29.7029702970297,
    "Worst Case Results": {
      "Timestep": 184,
      "Cell [x, y]": [
        100,
        100
      ],
      "Absolute Error": 0.44782280921936035
    },
    "Best Case Results": {
      "Timestep": 20,
      "Cell [x, y]": [
        74,
        12
      ],
      "Absolute Error": 0.0
    },
    "Best/Worst Cells Over Time": {
      "Best Cell [x, y]": [
        60,
        62
      ],
      "Best Cell Avg Error": 0.0016647198935970664,
      "Worst Cell [x, y]": [
        100,
        100
      ],
      "Worst Cell Avg Error": 0.03338698297739029
    },
    "Overall RMSE:": 0.010491985827684402
  }
}