{
  "phase": "",
  "net_training_time_sec": 37851.10926753096,
  "net_training_time_min": 630.851821125516,
  "min_mse": 0.0004880544438492507,
  "min_mse_epoch": 1001,
  "min_rmse": 0.0043945652432739735,
  "min_rmse_epoch": 1001
}