{
  "Channel 0 (0 = Voltage, 1 = Recovery Current)": {
    "Avg Mean Absolute Error": 0.051098451018333435,
    "Average Cell Error": 0.051098451018333435,
    "Average Error of Top 10 Worst Cells": 0.069776251912117,
    "Mean Signed Error (Bias)": 0.051098451018333435,
    "Max Signed Error": 1.0166773796081543,
    "Pct Errors > Avg MAE": 15.509361827271837,
    "Pct Cells with Avg Error > Avg Cell Error": 42.57425742574257,
    "Worst Case Results": {
      "Timestep": 122,
      "Cell [x, y]": [
        100,
        99
      ],
      "Absolute Error": 1.0166773796081543
    },
    "Best Case Results": {
      "Timestep": 0,
      "Cell [x, y]": [
        0,
        0
      ],
      "Absolute Error": 0.0
    },
    "Best/Worst Cells Over Time": {
      "Best Cell [x, y]": [
        32,
        26
      ],
      "Best Cell Avg Error": 0.020661119371652603,
      "Worst Cell [x, y]": [
        100,
        100
      ],
      "Worst Cell Avg Error": 0.13088154792785645
    },
    "Overall RMSE:": 0.14175111055374146
  },
  "Channel 1 (0 = Voltage, 1 = Recovery Current)": {
    "Avg Mean Absolute Error": 0.10502420365810394,
    "Average Cell Error": 0.10502421110868454,
    "Average Error of Top 10 Worst Cells": 0.12446580082178116,
    "Mean Signed Error (Bias)": 0.10502420365810394,
    "Max Signed Error": 1.7229634523391724,
    "Pct Errors > Avg MAE": 21.321095970983237,
    "Pct Cells with Avg Error > Avg Cell Error": 46.53465346534654,
    "Worst Case Results": {
      "Timestep": 124,
      "Cell [x, y]": [
        0,
        100
      ],
      "Absolute Error": 1.7229634523391724
    },
    "Best Case Results": {
      "Timestep": 0,
      "Cell [x, y]": [
        0,
        0
      ],
      "Absolute Error": 0.0
    },
    "Best/Worst Cells Over Time": {
      "Best Cell [x, y]": [
        24,
        23
      ],
      "Best Cell Avg Error": 0.0583760105073452,
      "Worst Cell [x, y]": [
        95,
        97
      ],
      "Worst Cell Avg Error": 0.13960537314414978
    },
    "Overall RMSE:": 0.23381614685058594
  }
}