{
  "model_name": "./PINO_reladapt/Baseline/Rollout/5_frame/Results_centrifugal_PINO_finite_difference_0.01_resloss_0.1_icloss_0.1_bcloss_0.0_wloss_mse_eval_0.55_D_5_frames_31_10_2025-20_30",
  "timesteps": [
    0,
    1
  ],
  "mse": {
    "Voltage": [
      0.0,
      0.0,
      0.0,
      0.0,
      0.0,
      0.0022880341857671738,
      0.0002544044691603631,
      0.00029445826658047736,
      0.00039291282882913947,
      0.0005452937330119312,
      0.00039530626963824034,
      0.0004499605274759233,
      0.0004955311887897551,
      0.0005880446988157928,
      0.000631623319350183,
      0.0006403190200217068,
      0.0007355160196311772,
      0.0007902507204562426,
      0.0009120520553551614,
      0.0010097589110955596,
      0.0011964759323745966,
      0.001264294725842774,
      0.0013554298784583807,
      0.0015197615139186382,
      0.0016768634086474776,
      0.0020357610192149878,
      0.002141282893717289,
      0.002342472318559885,
      0.0026315038558095694,
      0.0029626914765685797,
      0.0033937818370759487,
      0.003791172057390213,
      0.004076856188476086,
      0.004711064510047436,
      0.005642823874950409,
      0.006418146193027496,
      0.007524778600782156,
      0.008249761536717415,
      0.01076299138367176,
      0.013363061472773552,
      0.01713603176176548,
      0.01961195282638073,
      0.02206019125878811,
      0.028902661055326462,
      0.03325096517801285,
      0.037082262337207794,
      0.03533297777175903,
      0.030616166070103645,
      0.03073052130639553,
      0.029216621071100235,
      0.02475726418197155,
      0.023030230775475502,
      0.02288185805082321,
      0.02375764027237892,
      0.02532896026968956,
      0.026152687147259712,
      0.025830384343862534,
      0.027132822200655937,
      0.028451785445213318,
      0.029048031195998192,
      0.030555248260498047,
      0.030716389417648315,
      0.03202959895133972,
      0.033279385417699814,
      0.03422170877456665,
      0.035750243812799454,
      0.0362759493291378,
      0.03730813041329384,
      0.03917238116264343,
      0.040097665041685104,
      0.04122929275035858,
      0.041916828602552414,
      0.04310202598571777,
      0.04550955444574356,
      0.04654975235462189,
      0.04744288697838783,
      0.04859575629234314,
      0.04959234595298767,
      0.05223451927304268,
      0.05366738885641098,
      0.05430451035499573,
      0.055793408304452896,
      0.058022718876600266,
      0.06345158815383911,
      0.06519552320241928,
      0.0636363998055458,
      0.06061709299683571,
      0.05669255927205086,
      0.0544842965900898,
      0.0517662838101387,
      0.049326203763484955,
      0.04761303961277008,
      0.045531194657087326,
      0.045465435832738876,
      0.04515807330608368,
      0.04422777146100998,
      0.04327433928847313,
      0.04232605919241905,
      0.04253070428967476,
      0.04295895993709564,
      0.04148639738559723,
      0.040852341800928116,
      0.04041881859302521,
      0.04088657349348068,
      0.04124298691749573,
      0.039959218353033066,
      0.03954511880874634,
      0.03909577056765556,
      0.03954019770026207,
      0.03983115404844284,
      0.038642767816782,
      0.038364607840776443,
      0.03804651275277138,
      0.03805536404252052,
      0.03852439671754837,
      0.037436287850141525,
      0.03693846985697746,
      0.03647247701883316,
      0.03635778650641441,
      0.03617104887962341,
      0.03564509004354477,
      0.0349038802087307,
      0.033922601491212845,
      0.033843640238046646,
      0.0340963713824749,
      0.034416116774082184,
      0.03396138176321983,
      0.031495485454797745,
      0.02987181767821312,
      0.027506260201334953,
      0.025294587016105652,
      0.023088645190000534,
      0.021279435604810715,
      0.01990325003862381,
      0.018567608669400215,
      0.017958106473088264,
      0.016742030158638954,
      0.01620170660316944,
      0.01542624644935131,
      0.014709487557411194,
      0.014315886422991753,
      0.013419306837022305,
      0.013028627261519432,
      0.012383515946567059,
      0.011822001077234745,
      0.011654733680188656,
      0.01071514468640089,
      0.01048359740525484,
      0.009881464764475822,
      0.009299364872276783,
      0.009235714562237263,
      0.008382936008274555,
      0.008160165511071682,
      0.007542043458670378,
      0.007000763900578022,
      0.006962297484278679,
      0.006247073877602816,
      0.005999098997563124,
      0.005380092654377222,
      0.004924380220472813,
      0.004695897456258535,
      0.0041184439323842525,
      0.003803844330832362,
      0.0032576245721429586,
      0.002928807632997632,
      0.002928107511252165,
      0.0023792563006281853,
      0.0019854505080729723,
      0.0013971399748697877,
      0.0009666495607234538,
      0.001306399586610496,
      0.0008268965757451952,
      0.0005158253479748964,
      0.00019780537695623934,
      0.0001308462378801778,
      0.0006073210970498621,
      0.0003328680759295821,
      0.00014166814798954874,
      5.311641871230677e-05,
      8.959489059634507e-05,
      0.0007418021559715271,
      0.0004115803458262235,
      0.00013853500422555953,
      0.00011160838039359078,
      0.0001855037990026176,
      0.0010222410783171654,
      0.0007213441422209144,
      0.00018780483515001833,
      0.00019358622375875711,
      0.00033443080610595644,
      0.0012823198921978474,
      0.0012547546066343784,
      0.00025544458185322583,
      0.00028773187659680843,
      0.0005634324043057859,
      0.0015798421809449792,
      0.002094295807182789,
      0.0003458759456407279,
      0.00041915051406249404,
      0.0009203361696563661
    ],