{
  "model_name": "./PINO_reladapt/Baseline/Rollout/5_frame/Results_centrifugal_PINO_finite_difference_0.01_resloss_0.1_icloss_0.1_bcloss_0.0_wloss_mse_eval_0.55_D_5_frames_31_10_2025-20_30",
  "timesteps": [
    0,
    1
  ],
  "rmse": {
    "Voltage": [
      0.0,
      0.0,
      0.0,
      0.0,
      0.0,
      0.047833401709795,
      0.01595006138086319,
      0.017159786075353622,
      0.019822029396891594,
      0.023351525887846947,
      0.019882310181856155,
      0.021212272346019745,
      0.022260529920458794,
      0.02424963377416134,
      0.02513211779296398,
      0.025304526090621948,
      0.027120398357510567,
      0.028111398220062256,
      0.030200200155377388,
      0.031776703894138336,
      0.034590113908052444,
      0.03555692359805107,
      0.03681616485118866,
      0.03898411989212036,
      0.04094952344894409,
      0.04511940851807594,
      0.04627399891614914,
      0.04839909449219704,
      0.05129818618297577,
      0.05443061143159866,
      0.05825617536902428,
      0.061572495847940445,
      0.06385026127099991,
      0.0686371922492981,
      0.07511873543262482,
      0.08011333644390106,
      0.0867454782128334,
      0.09082819521427155,
      0.10374483466148376,
      0.11559870839118958,
      0.1309046596288681,
      0.14004267752170563,
      0.14852674305438995,
      0.1700078248977661,
      0.18234847486019135,
      0.19256755709648132,
      0.18797068297863007,
      0.17497475445270538,
      0.1753012239933014,
      0.1709287017583847,
      0.15734441578388214,
      0.151757150888443,
      0.15126749873161316,
      0.15413513779640198,
      0.15915074944496155,
      0.16171792149543762,
      0.16071833670139313,
      0.16472043097019196,
      0.16867657005786896,
      0.170434832572937,
      0.1748005896806717,
      0.17526091635227203,
      0.178968146443367,
      0.18242637813091278,
      0.18499110639095306,
      0.18907734751701355,
      0.19046245515346527,
      0.19315312802791595,
      0.19792014360427856,
      0.2002440094947815,
      0.20304997265338898,
      0.20473599433898926,
      0.20761027932167053,
      0.21332968771457672,
      0.21575391292572021,
      0.2178138792514801,
      0.220444455742836,
      0.22269338369369507,
      0.22854872047901154,
      0.23166222870349884,
      0.23303328454494476,
      0.2362062782049179,
      0.24087905883789062,
      0.2518959939479828,
      0.25533413887023926,
      0.25226256251335144,
      0.2462053894996643,
      0.238101989030838,
      0.23341871798038483,
      0.22752204537391663,
      0.22209502756595612,
      0.21820412576198578,
      0.21338039636611938,
      0.21322625875473022,
      0.2125042974948883,
      0.21030399203300476,
      0.20802485942840576,
      0.20573298633098602,
      0.20622973144054413,
      0.2072654366493225,
      0.2036820948123932,
      0.2021196186542511,
      0.20104432106018066,
      0.20220428705215454,
      0.20308369398117065,
      0.19989801943302155,
      0.1988595426082611,
      0.19772650301456451,
      0.19884717464447021,
      0.1995774358510971,
      0.19657763838768005,
      0.1958688497543335,
      0.19505515694618225,
      0.1950778365135193,
      0.19627632200717926,
      0.1934845894575119,
      0.19219383597373962,
      0.19097769260406494,
      0.19067718088626862,
      0.19018687307834625,
      0.18879906833171844,
      0.18682579696178436,
      0.18418090045452118,
      0.18396641314029694,
      0.18465203046798706,
      0.18551580607891083,
      0.18428614735603333,
      0.1774696707725525,
      0.17283464968204498,
      0.16585011780261993,
      0.15904271602630615,
      0.15194948017597198,
      0.1458747237920761,
      0.1410788744688034,
      0.13626301288604736,
      0.13400785624980927,
      0.12939099967479706,
      0.1272859275341034,
      0.1242024376988411,
      0.1212826743721962,
      0.1196490153670311,
      0.11584173142910004,
      0.1141430139541626,
      0.11128124594688416,
      0.10872902721166611,
      0.10795709490776062,
      0.10351398587226868,
      0.10238943994045258,
      0.09940555691719055,
      0.09643321484327316,
      0.09610262513160706,
      0.09155837446451187,
      0.09033363312482834,
      0.08684493601322174,
      0.08367056399583817,
      0.0834403857588768,
      0.07903843373060226,
      0.0774538516998291,
      0.07334911823272705,
      0.07017392665147781,
      0.06852661818265915,
      0.06417510658502579,
      0.061675313860177994,
      0.05707560479640961,
      0.054118458181619644,
      0.054111991077661514,
      0.04877762123942375,
      0.04455839470028877,
      0.03737833723425865,
      0.031090987846255302,
      0.03614414855837822,
      0.028755810111761093,
      0.02271178923547268,
      0.01406432967633009,
      0.011438803747296333,
      0.02464388497173786,
      0.018244672566652298,
      0.011902443133294582,
      0.007288101129233837,
      0.009465457871556282,
      0.02723604440689087,
      0.020287442952394485,
      0.011770089156925678,
      0.010564486496150494,
      0.013619977980852127,
      0.031972505152225494,
      0.026857851073145866,
      0.013704190030694008,
      0.013913526199758053,
      0.018287450075149536,
      0.03580949455499649,
      0.035422515124082565,
      0.01598263345658779,
      0.01696266047656536,
      0.023736730217933655,
      0.03974722698330879,
      0.04576347768306732,
      0.018597740679979324,
      0.020473165437579155,
      0.03033704310655594
    ],