{
  "model_name": "./FNO_New/Baseline/Rollout/5_frame/Results_chaotic_Data_Only_mse_5_frames_31_10_2025-17_57",
  "timesteps": [
    0,
    1
  ],
  "mse": {
    "Voltage": [
      0.0,
      0.0,
      0.0,
      0.0,
      0.0,
      0.017239654436707497,
      0.01896059140563011,
      0.02369288168847561,
      0.028595080599188805,
      0.03168060630559921,
      0.025243284180760384,
      0.028867004439234734,
      0.03425673022866249,
      0.041195690631866455,
      0.0425993874669075,
      0.02819974347949028,
      0.030453236773610115,
      0.03355594351887703,
      0.037196770310401917,
      0.034824125468730927,
      0.03238670527935028,
      0.03366679698228836,
      0.03640073537826538,
      0.034957464784383774,
      0.03199049457907677,
      0.04432785138487816,
      0.045356735587120056,
      0.0460280179977417,
      0.0378093458712101,
      0.031403109431266785,
      0.05050715431571007,
      0.04865394905209541,
      0.04756578803062439,
      0.03745440021157265,
      0.030583975836634636,
      0.05261880159378052,
      0.04887901991605759,
      0.04767833277583122,
      0.037158653140068054,
      0.029812240973114967,
      0.05328410118818283,
      0.048720233142375946,
      0.04677581414580345,
      0.036014582961797714,
      0.029441501945257187,
      0.05420342832803726,
      0.04928336665034294,
      0.047008026391267776,
      0.036784932017326355,
      0.03206253424286842,
      0.05841372534632683,
      0.05255524069070816,
      0.0492221973836422,
      0.04091097041964531,
      0.037995751947164536,
      0.06519056856632233,
      0.05879013240337372,
      0.05383211001753807,
      0.04826147481799126,
      0.04733826592564583,
      0.07422760128974915,
      0.06801950931549072,
      0.06268372386693954,
      0.060109496116638184,
      0.062218230217695236,
      0.0882621556520462,
      0.08128561824560165,
      0.07477044314146042,
      0.072731614112854,
      0.0760616585612297,
      0.10078340768814087,
      0.09241532534360886,
      0.08495954424142838,
      0.08273360878229141,
      0.0873868465423584,
      0.10917159169912338,
      0.09914585947990417,
      0.09126194566488266,
      0.08997824788093567,
      0.09552931785583496,
      0.11420750617980957,
      0.10102565586566925,
      0.09374131262302399,
      0.09441995620727539,
      0.10228420048952103,
      0.12147803604602814,
      0.10331310331821442,
      0.0963042601943016,
      0.09691392630338669,
      0.10395189374685287,
      0.11849985271692276,
      0.09869721531867981,
      0.09139782935380936,
      0.0940915197134018,
      0.10228517651557922,
      0.11222448199987411,
      0.09427948296070099,
      0.08782044798135757,
      0.09258602559566498,
      0.1020427867770195,
      0.10325966775417328,
      0.08958760648965836,
      0.08362624049186707,
      0.08954683691263199,
      0.10120786726474762,
      0.09292113780975342,
      0.08598824590444565,
      0.08160664141178131,
      0.08885575085878372,
      0.10368030518293381,
      0.08607169985771179,
      0.0845484808087349,
      0.08458294719457626,
      0.09309715032577515,
      0.11005277931690216,
      0.08401967585086823,
      0.08589354902505875,
      0.0908813327550888,
      0.09922407567501068,
      0.11451972275972366,
      0.08309356123209,
      0.08789023756980896,
      0.09396561980247498,
      0.100161112844944,
      0.11189684271812439,
      0.0779687687754631,
      0.08488976955413818,
      0.09382554143667221,
      0.09846092015504837,
      0.10856390744447708,
      0.07103618234395981,
      0.07980194687843323,
      0.09180061519145966,
      0.09617161750793457,
      0.10136136412620544,
      0.06417415291070938,
      0.07678857445716858,
      0.0919942706823349,
      0.09887741506099701,
      0.10112805664539337,
      0.0672488585114479,
      0.08088929951190948,
      0.09810464829206467,
      0.10349025577306747,
      0.1036859080195427,
      0.06828711181879044,
      0.08101963251829147,
      0.09961554408073425,
      0.10406148433685303,
      0.103026382625103,
      0.0647050216794014,
      0.07828160375356674,
      0.09824225306510925,
      0.10343475639820099,
      0.10029441863298416,
      0.06508687883615494,
      0.07990884780883789,
      0.10179213434457779,
      0.10974446684122086,
      0.10373345017433167,
      0.08296065032482147,
      0.09704465419054031,
      0.12080749869346619,
      0.1333445906639099,
      0.12579219043254852,
      0.11836662888526917,
      0.12626692652702332,
      0.1496436893939972,
      0.16399674117565155,
      0.15731438994407654,
      0.15851068496704102,
      0.15969039499759674,
      0.1780535727739334,
      0.19402484595775604,
      0.18680153787136078,
      0.19928781688213348,
      0.19198642671108246,
      0.20678459107875824,
      0.2224556803703308,
      0.21597057580947876,
      0.24047158658504486,
      0.2213519960641861,
      0.23164165019989014,
      0.2425534576177597,
      0.2386927455663681,
      0.2690795063972473,
      0.2406570315361023,
      0.2467726469039917,
      0.25286582112312317,
      0.2517574429512024,
      0.28552624583244324,
      0.2502644658088684,
      0.2537201941013336,
      0.2558314800262451,
      0.25742894411087036,
      0.2941431701183319,
      0.2562098205089569,
      0.2601883113384247,
      0.25711843371391296,
      0.2613029181957245
    ],