{
  "model_name": "./FNO_New/Baseline/Rollout/5_frame/Results_chaotic_Data_Only_mse_5_frames_31_10_2025-17_57",
  "timesteps": [
    0,
    1
  ],
  "rmse": {
    "Voltage": [
      0.0,
      0.0,
      0.0,
      0.0,
      0.0,
      0.13129986822605133,
      0.13769745826721191,
      0.15392492711544037,
      0.1691008061170578,
      0.17799046635627747,
      0.15888135135173798,
      0.16990292072296143,
      0.1850857436656952,
      0.20296721160411835,
      0.2063961923122406,
      0.1679277867078781,
      0.17450855672359467,
      0.18318282067775726,
      0.19286464154720306,
      0.18661223351955414,
      0.17996306717395782,
      0.18348513543605804,
      0.19078977406024933,
      0.18696916103363037,
      0.17885886132717133,
      0.21054179966449738,
      0.21297121047973633,
      0.21454142034053802,
      0.19444625079631805,
      0.17720922827720642,
      0.2247379720211029,
      0.22057640552520752,
      0.2180958241224289,
      0.19353139400482178,
      0.17488275468349457,
      0.22938787937164307,
      0.22108599543571472,
      0.21835368871688843,
      0.19276580214500427,
      0.17266221344470978,
      0.2308334857225418,
      0.2207266092300415,
      0.21627716720104218,
      0.18977507948875427,
      0.17158526182174683,
      0.23281629383563995,
      0.22199857234954834,
      0.2168133407831192,
      0.19179397821426392,
      0.17906014621257782,
      0.2416893094778061,
      0.22924929857254028,
      0.22186076641082764,
      0.20226460695266724,
      0.194924995303154,
      0.25532442331314087,
      0.2424667626619339,
      0.23201747238636017,
      0.21968494355678558,
      0.21757358312606812,
      0.2724474370479584,
      0.26080548763275146,
      0.2503671646118164,
      0.245172381401062,
      0.24943582713603973,
      0.29708948731422424,
      0.2851063311100006,
      0.2734418511390686,
      0.2696879804134369,
      0.27579277753829956,
      0.31746402382850647,
      0.3039988875389099,
      0.2914782166481018,
      0.2876344919204712,
      0.2956126630306244,
      0.33041125535964966,
      0.3148743510246277,
      0.3020959198474884,
      0.29996374249458313,
      0.309078186750412,
      0.33794599771499634,
      0.31784534454345703,
      0.30617204308509827,
      0.3072783052921295,
      0.31981900334358215,
      0.34853699803352356,
      0.32142356038093567,
      0.31032928824424744,
      0.3113100230693817,
      0.32241570949554443,
      0.3442380726337433,
      0.31416112184524536,
      0.3023207485675812,
      0.30674341320991516,
      0.3198205232620239,
      0.3349992334842682,
      0.30704963207244873,
      0.29634514451026917,
      0.30427950620651245,
      0.31944137811660767,
      0.321340411901474,
      0.29931187629699707,
      0.28918200731277466,
      0.2992437779903412,
      0.31813183426856995,
      0.3048296868801117,
      0.2932375371456146,
      0.2856687605381012,
      0.29808682203292847,
      0.32199427485466003,
      0.2933797836303711,
      0.2907722294330597,
      0.29083147644996643,
      0.30511826276779175,
      0.3317420482635498,
      0.2898614704608917,
      0.2930760085582733,
      0.30146530270576477,
      0.3149985373020172,
      0.33840763568878174,
      0.2882595360279083,
      0.29646286368370056,
      0.3065381348133087,
      0.31648239493370056,
      0.33450984954833984,
      0.27922889590263367,
      0.29135850071907043,
      0.3063095510005951,
      0.3137848377227783,
      0.3294903635978699,
      0.26652613282203674,
      0.28249236941337585,
      0.30298617482185364,
      0.3101154863834381,
      0.3183729946613312,
      0.2533261775970459,
      0.27710750699043274,
      0.30330556631088257,
      0.3144477903842926,
      0.31800636649131775,
      0.2593238353729248,
      0.2844104468822479,
      0.3132166266441345,
      0.32169902324676514,
      0.32200297713279724,
      0.26131802797317505,
      0.28463947772979736,
      0.3156192898750305,
      0.3225856125354767,
      0.32097724080085754,
      0.2543718218803406,
      0.2797884941101074,
      0.31343621015548706,
      0.32161274552345276,
      0.31669294834136963,
      0.25512129068374634,
      0.28268152475357056,
      0.31904879212379456,
      0.3312770128250122,
      0.3220767676830292,
      0.28802889585494995,
      0.31151992082595825,
      0.34757372736930847,
      0.36516377329826355,
      0.3546719551086426,
      0.3440445065498352,
      0.3553405702114105,
      0.38683807849884033,
      0.4049651026725769,
      0.3966287672519684,
      0.3981339931488037,
      0.39961281418800354,
      0.42196395993232727,
      0.4404825270175934,
      0.4322054386138916,
      0.4464166462421417,
      0.43816256523132324,
      0.45473572611808777,
      0.4716520607471466,
      0.46472635865211487,
      0.4903790354728699,
      0.4704805910587311,
      0.48129165172576904,
      0.49249717593193054,
      0.4885619282722473,
      0.5187287330627441,
      0.490568071603775,
      0.49676215648651123,
      0.5028576254844666,
      0.5017543435096741,
      0.5343465805053711,
      0.5002644062042236,
      0.5037064552307129,
      0.5057978630065918,
      0.5073745846748352,
      0.5423496961593628,
      0.506171703338623,
      0.5100865960121155,
      0.5070684552192688,
      0.5111779570579529
    ],