{
  "model_name": "./PINO_adapt/Baseline/Rollout/5_frame/Results_centrifugal_PINO_finite_difference_0.01_resloss_0.1_icloss_0.1_bcloss_0.0_wloss_mse_eval_0.55_D_5_frames_31_10_2025-09_45",
  "timesteps": [
    0,
    1
  ],
  "mse": {
    "Voltage": [
      0.0,
      0.0,
      0.0,
      0.0,
      0.0,
      0.0008874242776073515,
      6.065257184673101e-05,
      4.426349187269807e-05,
      3.0353558031492867e-05,
      3.1052833946887404e-05,
      1.9834658814943396e-05,
      1.4864305740047712e-05,
      1.7930215108208358e-05,
      1.7468464648118243e-05,
      1.7293388737016357e-05,
      9.573537681717426e-06,
      9.411500286660157e-06,
      8.77144884725567e-06,
      9.796168342290912e-06,
      1.1477271073090378e-05,
      9.83287191047566e-06,
      1.0013165592681617e-05,
      1.0836612091225106e-05,
      1.0421981642139144e-05,
      1.2718267498712521e-05,
      1.0789412954181898e-05,
      1.3300262253324036e-05,
      1.4891496903146617e-05,
      1.4256053873396013e-05,
      1.5747995348647237e-05,
      1.2005841199425049e-05,
      1.6715079254936427e-05,
      1.965990122698713e-05,
      1.6581581803620793e-05,
      1.974466795218177e-05,
      1.543175312690437e-05,
      2.0630419385270216e-05,
      2.3585769667988643e-05,
      2.5423392798984423e-05,
      3.2490141165908426e-05,
      3.0621333280578256e-05,
      3.256232230341993e-05,
      3.74321716662962e-05,
      3.445151378400624e-05,
      3.464141263975762e-05,
      3.262912287027575e-05,
      3.306756480014883e-05,
      4.096701741218567e-05,
      3.882364762830548e-05,
      3.00292122119572e-05,
      1.9650909962365404e-05,
      2.2160098524182104e-05,
      2.826024137903005e-05,
      3.132484562229365e-05,
      2.955327545350883e-05,
      2.2561944206245244e-05,
      2.0750505427713506e-05,
      2.579526335466653e-05,
      2.4292290618177503e-05,
      2.55379836744396e-05,
      2.1701865989598446e-05,
      2.115047573170159e-05,
      2.2278059987002052e-05,
      2.2474869183497503e-05,
      2.291031341883354e-05,
      2.17796623473987e-05,
      2.1789157472085208e-05,
      2.448087434459012e-05,
      2.3584432710777037e-05,
      2.6065348720294423e-05,
      2.5625497073633596e-05,
      2.387277527304832e-05,
      2.5199733499903232e-05,
      2.487178244336974e-05,
      2.8486134397098795e-05,
      2.7992165996693075e-05,
      3.1566825782647356e-05,
      3.847766492981464e-05,
      4.45401637989562e-05,
      5.355884786695242e-05,
      5.357063128030859e-05,
      9.13593903533183e-05,
      0.00012784429418388754,
      0.00038577677332796156,
      0.0003775233053602278,
      0.00035178184043616056,
      0.00018387251475360245,
      0.00013448607933241874,
      0.00010271865176036954,
      9.179994958685711e-05,
      0.00010426704830024391,
      6.727451545884833e-05,
      6.55973854009062e-05,
      6.284502160269767e-05,
      5.332212458597496e-05,
      5.923044591327198e-05,
      5.580801371252164e-05,
      5.899452662561089e-05,
      4.961452214047313e-05,
      3.8939888327149674e-05,
      4.348485163063742e-05,
      4.153447298449464e-05,
      4.460379568627104e-05,
      3.5549484891816974e-05,
      3.316254151286557e-05,
      3.309850944788195e-05,
      3.4878099540947005e-05,
      3.6717112379847094e-05,
      3.0002702260389924e-05,
      2.8813115932280198e-05,
      3.203627420589328e-05,
      2.710166882025078e-05,
      2.8458976885303855e-05,
      2.5099061531363986e-05,
      2.3810363927623257e-05,
      2.8889267923659645e-05,
      2.4736043997108936e-05,
      2.6333016649005003e-05,
      2.46796989813447e-05,
      3.634001041064039e-05,
      4.85507189296186e-05,
      3.0738279747311026e-05,
      2.986617801070679e-05,
      3.1631199817638844e-05,
      4.361229366622865e-05,
      3.882124292431399e-05,
      2.5013376216520555e-05,
      2.171400592487771e-05,
      1.882228025351651e-05,
      1.7260257664020173e-05,
      1.497219727752963e-05,
      1.0091361218655948e-05,
      1.002420685836114e-05,
      9.895352377498057e-06,
      8.527343197783921e-06,
      9.476808372710366e-06,
      6.856571872049244e-06,
      6.803279120504158e-06,
      6.481995569629362e-06,
      5.12303768118727e-06,
      5.517581939784577e-06,
      4.602999524649931e-06,
      4.513798103289446e-06,
      4.553260623652022e-06,
      3.759373385037179e-06,
      3.870811724482337e-06,
      3.1208023756335024e-06,
      2.9639952572324546e-06,
      3.0886544664099347e-06,
      3.215387323507457e-06,
      2.6537377380009275e-06,
      2.0810746264032787e-06,
      2.26430256589083e-06,
      1.8945841020467924e-06,
      1.8452913082001032e-06,
      1.979043645405909e-06,
      1.7609637552595814e-06,
      1.435989474884991e-06,
      1.447092131456884e-06,
      1.3562626008933876e-06,
      3.395162639208138e-05,
      2.3303333364310674e-05,
      3.537435259204358e-05,
      2.1530446247197688e-05,
      3.4168751881225035e-05,
      0.00027558294823393226,
      0.0001584807178005576,
      0.00011859668302349746,
      4.782647010870278e-05,
      4.62716598121915e-05,
      0.0003292692999821156,
      9.432414663024247e-05,
      0.00016036765009630471,
      0.0001242551952600479,
      8.055000216700137e-05,
      0.000687506515532732,
      0.0001461169304093346,
      0.0002789231948554516,
      0.00026730220997706056,
      0.0001277671690331772,
      0.0012057938147336245,
      0.00019435727153904736,
      0.0004009741242043674,
      0.000431135471444577,
      0.00016541442892048508,
      0.001847785315476358,
      0.0002318003971595317,
      0.0005055947112850845,
      0.000571895157918334,
      0.00018889503553509712,
      0.002621748950332403,
      0.0002621106687001884,
      0.0005894343485124409,
      0.0006806440651416779,
      0.00020397131447680295,
      0.003526652231812477,
      0.0002886466099880636,
      0.0006600379711017013,
      0.0007694906089454889,
      0.0002165563782909885
    ],