{
  "model_name": "./PINO_adapt/Baseline/Rollout/5_frame/Results_centrifugal_PINO_finite_difference_0.01_resloss_0.1_icloss_0.1_bcloss_0.0_wloss_mse_eval_0.55_D_5_frames_31_10_2025-09_45",
  "timesteps": [
    0,
    1
  ],
  "rmse": {
    "Voltage": [
      0.0,
      0.0,
      0.0,
      0.0,
      0.0,
      0.029789667576551437,
      0.007787975948303938,
      0.00665308116003871,
      0.005509406328201294,
      0.005572507157921791,
      0.004453612025827169,
      0.003855425398796797,
      0.0042344084940850735,
      0.004179529380053282,
      0.0041585322469472885,
      0.0030941134318709373,
      0.0030678168404847383,
      0.002961663296446204,
      0.0031298832036554813,
      0.0033878120593726635,
      0.003135740989819169,
      0.0031643586698919535,
      0.0032919009681791067,
      0.0032283093314617872,
      0.0035662679001688957,
      0.00328472419641912,
      0.0036469525657594204,
      0.0038589502219110727,
      0.0037757190875709057,
      0.003968374338001013,
      0.0034649446606636047,
      0.004088407848030329,
      0.0044339485466480255,
      0.0040720487013459206,
      0.004443497397005558,
      0.00392832700163126,
      0.004542072303593159,
      0.004856518469750881,
      0.005042161326855421,
      0.00570001220330596,
      0.00553365470841527,
      0.005706340540200472,
      0.0061181834898889065,
      0.0058695413172245026,
      0.005885695572942495,
      0.005712190642952919,
      0.005750440526753664,
      0.0064005483873188496,
      0.006230862345546484,
      0.005479891784489155,
      0.0044329348020255566,
      0.004707451444119215,
      0.0053160362876951694,
      0.005596860311925411,
      0.0054362923838198185,
      0.004749941639602184,
      0.004555272404104471,
      0.005078903865069151,
      0.004928721114993095,
      0.005053511820733547,
      0.00465852627530694,
      0.004598964471369982,
      0.004719963762909174,
      0.00474076671525836,
      0.004786471836268902,
      0.004666868597269058,
      0.004667885601520538,
      0.004947815090417862,
      0.004856380634009838,
      0.005105423275381327,
      0.005062163341790438,
      0.004885977599769831,
      0.0050199334509670734,
      0.004987161606550217,
      0.005337240174412727,
      0.005290762521326542,
      0.005618436262011528,
      0.00620303675532341,
      0.006673841737210751,
      0.007318390998989344,
      0.007319196127355099,
      0.009558211080729961,
      0.011306825093925,
      0.019641200080513954,
      0.01942995935678482,
      0.018755847588181496,
      0.013559959828853607,
      0.01159681286662817,
      0.010135021060705185,
      0.009581228718161583,
      0.010211124084889889,
      0.008202103897929192,
      0.008099221624433994,
      0.007927484810352325,
      0.0073021999560296535,
      0.007696131709963083,
      0.007470475975424051,
      0.007680789567530155,
      0.007043757475912571,
      0.006240183487534523,
      0.006594304461032152,
      0.006444724276661873,
      0.006678607314825058,
      0.005962338764220476,
      0.0057586925104260445,
      0.0057531301863491535,
      0.005905768368393183,
      0.006059464532881975,
      0.005477472208440304,
      0.0053677852265536785,
      0.00566005939617753,
      0.005205926485359669,
      0.005334695801138878,
      0.005009896587580442,
      0.004879586398601532,
      0.005374873988330364,
      0.004973534494638443,
      0.0051315706223249435,
      0.004967866465449333,
      0.006028267554938793,
      0.006967834662646055,
      0.005544211249798536,
      0.0054649957455694675,
      0.005624162033200264,
      0.0066039604134857655,
      0.006230669561773539,
      0.005001337267458439,
      0.00465982872992754,
      0.004338465165346861,
      0.004154546651989222,
      0.003869392443448305,
      0.003176690312102437,
      0.0031661028042435646,
      0.0031456879805773497,
      0.0029201614670455456,
      0.00307844253256917,
      0.0026185056194663048,
      0.002608309732750058,
      0.002545976312831044,
      0.0022634128108620644,
      0.002348953392356634,
      0.002145460108295083,
      0.0021245700772851706,
      0.0021338369697332382,
      0.0019389103399589658,
      0.0019674377981573343,
      0.0017665793420746922,
      0.001721625798381865,
      0.00175745680462569,
      0.0017931500915437937,
      0.001629029749892652,
      0.0014425930567085743,
      0.0015047600027173758,
      0.0013764388859272003,
      0.001358415000140667,
      0.0014067848678678274,
      0.0013270131312310696,
      0.0011983277508988976,
      0.001202951418235898,
      0.0011645868653431535,
      0.005826802458614111,
      0.0048273527063429356,
      0.005947634112089872,
      0.004640091210603714,
      0.005845404230058193,
      0.01660069078207016,
      0.01258891262114048,
      0.010890210047364235,
      0.006915668491274118,
      0.006802327465265989,
      0.01814577914774418,
      0.00971206184476614,
      0.012663634493947029,
      0.01114698126912117,
      0.008974965661764145,
      0.026220345869660378,
      0.012087883427739143,
      0.016700994223356247,
      0.01634937897324562,
      0.011303413659334183,
      0.03472454100847244,
      0.013941207900643349,
      0.020024338737130165,
      0.020763801410794258,
      0.012861354276537895,
      0.04298587515950203,
      0.015224992297589779,
      0.022485433146357536,
      0.023914329707622528,
      0.013743909075856209,
      0.05120301619172096,
      0.016189832240343094,
      0.024278268218040466,
      0.026089156046509743,
      0.014281852170825005,
      0.059385623782873154,
      0.016989603638648987,
      0.025691203773021698,
      0.027739694342017174,
      0.01471585500985384
    ],