{
  "phase": "",
  "net_training_time_sec": 2618.783067518845,
  "net_training_time_min": 43.64638445864742,
  "min_mse": 0.0006317084771580994,
  "min_mse_epoch": 201,
  "min_rmse": 0.005114000290632248,
  "min_rmse_epoch": 201
}