{
  "model_name": "./PINO/Baseline/Rollout/1_frame/Results_centrifugal_PINO_finite_difference_0.01_resloss_0.1_icloss_0.1_bcloss_0.0_wloss_mse_eval_0.55_D_1_frames_30_10_2025-19_32",
  "timesteps": [
    0,
    1
  ],
  "mse": {
    "Voltage": [
      0.0,
      0.05498755723237991,
      0.05442265421152115,
      0.05642199516296387,
      0.059102050960063934,
      0.06209482625126839,
      0.06528425961732864,
      0.06862402707338333,
      0.07209311425685883,
      0.0756804570555687,
      0.07937877625226974,
      0.08318184316158295,
      0.08708326518535614,
      0.09107610583305359,
      0.0951528325676918,
      0.09930537641048431,
      0.10352538526058197,
      0.10780423879623413,
      0.1121329665184021,
      0.11650199443101883,
      0.12090080231428146,
      0.1253175437450409,
      0.12973864376544952,
      0.1341487318277359,
      0.13853023946285248,
      0.14286348223686218,
      0.14712616801261902,
      0.15129312872886658,
      0.15533551573753357,
      0.15921969711780548,
      0.16290579736232758,
      0.16634568572044373,
      0.16948051750659943,
      0.17223775386810303,
      0.1745280772447586,
      0.1762446016073227,
      0.1772702932357788,
      0.17751020193099976,
      0.1769717037677765,
      0.17587266862392426,
      0.1746123880147934,
      0.17350371181964874,
      0.172735333442688,
      0.17278610169887543,
      0.1745201200246811,
      0.17801497876644135,
      0.1821717768907547,
      0.1863545924425125,
      0.19049593806266785,
      0.19462619721889496,
      0.19876474142074585,
      0.20291931927204132,
      0.20709210634231567,
      0.21128299832344055,
      0.21549101173877716,
      0.2197149246931076,
      0.22395360469818115,
      0.22820614278316498,
      0.23247170448303223,
      0.2367495745420456,
      0.24103929102420807,
      0.24534033238887787,
      0.24965272843837738,
      0.2539766728878021,
      0.25831297039985657,
      0.26266273856163025,
      0.26702752709388733,
      0.2714090645313263,
      0.2758091986179352,
      0.2802293598651886,
      0.2846706807613373,
      0.28913336992263794,
      0.2936168909072876,
      0.29811975359916687,
      0.30263999104499817,
      0.30717557668685913,
      0.31172463297843933,
      0.3162863254547119,
      0.32086053490638733,
      0.3254494369029999,
      0.33006829023361206,
      0.3348236083984375,
      0.340405136346817,
      0.3482203781604767,
      0.35411059856414795,
      0.35705313086509705,
      0.35840219259262085,
      0.358698308467865,
      0.358175665140152,
      0.35696685314178467,
      0.3551590144634247,
      0.352815181016922,
      0.34998419880867004,
      0.3467038869857788,
      0.34300386905670166,
      0.33890897035598755,
      0.33444148302078247,
      0.3296220302581787,
      0.32446885108947754,
      0.3189977705478668,
      0.31322234869003296,
      0.30715498328208923,
      0.30080723762512207,
      0.29419058561325073,
      0.2873164117336273,
      0.2801959812641144,
      0.27284008264541626,
      0.26525959372520447,
      0.2574656903743744,
      0.24947069585323334,
      0.24128833413124084,
      0.23293434083461761,
      0.22442632913589478,
      0.21578380465507507,
      0.2070281058549881,
      0.19818228483200073,
      0.18927054107189178,
      0.18031728267669678,
      0.17134638130664825,
      0.16238851845264435,
      0.1534871906042099,
      0.14424896240234375,
      0.1347905546426773,
      0.12556320428848267,
      0.11696117371320724,
      0.10923467576503754,
      0.10221467167139053,
      0.095694899559021,
      0.08956987410783768,
      0.08378490060567856,
      0.0783054530620575,
      0.0731063038110733,
      0.06816761940717697,
      0.06347304582595825,
      0.05900890752673149,
      0.05476374179124832,
      0.05072791501879692,
      0.04689301922917366,
      0.04325142875313759,
      0.039796069264411926,
      0.03652051091194153,
      0.033419039100408554,
      0.030486661940813065,
      0.027719004079699516,
      0.02511211670935154,
      0.02266228012740612,
      0.020365934818983078,
      0.018219586461782455,
      0.016219859942793846,
      0.014363505877554417,
      0.012647350318729877,
      0.011068223975598812,
      0.00962283369153738,
      0.0083076860755682,
      0.007119026500731707,
      0.006052849348634481,
      0.005104919895529747,
      0.0042707594111561775,
      0.003545523388311267,
      0.0029237528797239065,
      0.0023990869522094727,
      0.0019642161205410957,
      0.0016116279875859618,
      0.0013365257764235139,
      0.0011448260629549623,
      0.0010525585385039449,
      0.0010322355665266514,
      0.0010309797944501042,
      0.001031581312417984,
      0.001032009837217629,
      0.0010322360321879387,
      0.0010323513997718692,
      0.0010324104223400354,
      0.0010324412724003196,
      0.0010324574541300535,
      0.0010324663016945124,
      0.0010324709583073854,
      0.0010324737522751093,
      0.001032475265674293,
      0.001032475964166224,
      0.0010324764298275113,
      0.001032476662658155,
      0.0010324768954887986,
      0.0010324768954887986,
      0.0010324771283194423,
      0.0010324768954887986,
      0.0010324768954887986,
      0.0010324768954887986,
      0.0010324771283194423,
      0.0010324771283194423,
      0.0010324770119041204,
      0.0010324771283194423,
      0.0010324771283194423,
      0.0010324771283194423,
      0.0010324771283194423,
      0.0010324771283194423,
      0.0010324771283194423,
      0.0010324771283194423,
      0.0010324771283194423,
      0.0010324770119041204
    ],