{
  "model_name": "./PINO/Baseline/Rollout/1_frame/Results_centrifugal_PINO_finite_difference_0.01_resloss_0.1_icloss_0.1_bcloss_0.0_wloss_mse_eval_0.55_D_1_frames_30_10_2025-19_32",
  "timesteps": [
    0,
    1
  ],
  "rmse": {
    "Voltage": [
      0.0,
      0.23449425399303436,
      0.23328663408756256,
      0.23753315210342407,
      0.24310913681983948,
      0.24918833374977112,
      0.25550785660743713,
      0.2619618773460388,
      0.2685016095638275,
      0.27510082721710205,
      0.2817423939704895,
      0.2884126305580139,
      0.29509875178337097,
      0.30178818106651306,
      0.3084685206413269,
      0.31512755155563354,
      0.3217536211013794,
      0.32833555340766907,
      0.334862619638443,
      0.3413238823413849,
      0.34770792722702026,
      0.3540021777153015,
      0.36019250750541687,
      0.366263210773468,
      0.3721964955329895,
      0.37797287106513977,
      0.38357028365135193,
      0.3889641761779785,
      0.3941262662410736,
      0.3990234434604645,
      0.40361589193344116,
      0.40785497426986694,
      0.41168010234832764,
      0.4150153696537018,
      0.4177655875682831,
      0.41981497406959534,
      0.4210347831249237,
      0.4213196039199829,
      0.42068004608154297,
      0.41937175393104553,
      0.41786646842956543,
      0.4165377616882324,
      0.41561439633369446,
      0.41567549109458923,
      0.417756050825119,
      0.42191821336746216,
      0.42681586742401123,
      0.4316880702972412,
      0.43645840883255005,
      0.4411645829677582,
      0.44583040475845337,
      0.45046567916870117,
      0.455073744058609,
      0.4596553146839142,
      0.4642100930213928,
      0.46873757243156433,
      0.47323736548423767,
      0.47770926356315613,
      0.4821532070636749,
      0.48656919598579407,
      0.4909575283527374,
      0.4953184127807617,
      0.49965259432792664,
      0.5039609670639038,
      0.5082449913024902,
      0.5125063061714172,
      0.5167470574378967,
      0.5209693312644958,
      0.5251753926277161,
      0.5293669700622559,
      0.5335453748703003,
      0.5377112030982971,
      0.541864275932312,
      0.5460034608840942,
      0.5501272678375244,
      0.5542342066764832,
      0.5583230257034302,
      0.5623933672904968,
      0.566445529460907,
      0.5704817771911621,
      0.574515700340271,
      0.5786394476890564,
      0.5834425091743469,
      0.5901020169258118,
      0.5950719118118286,
      0.5975392460823059,
      0.5986670255661011,
      0.5989142656326294,
      0.5984777808189392,
      0.5974670052528381,
      0.5959522128105164,
      0.593982458114624,
      0.5915946364402771,
      0.5888156890869141,
      0.5856653451919556,
      0.5821588635444641,
      0.578309178352356,
      0.574127197265625,
      0.5696216821670532,
      0.564798891544342,
      0.5596626996994019,
      0.554215669631958,
      0.548458993434906,
      0.5423933863639832,
      0.5360190272331238,
      0.5293354392051697,
      0.5223409533500671,
      0.5150336027145386,
      0.5074107646942139,
      0.49947041273117065,
      0.49121108651161194,
      0.48263272643089294,
      0.47373655438423157,
      0.46452534198760986,
      0.45500341057777405,
      0.4451766908168793,
      0.4350523352622986,
      0.4246378242969513,
      0.41394007205963135,
      0.40297457575798035,
      0.39177441596984863,
      0.3798012137413025,
      0.3671383261680603,
      0.3543489873409271,
      0.34199586510658264,
      0.33050668239593506,
      0.31971028447151184,
      0.30934593081474304,
      0.2992822527885437,
      0.28945621848106384,
      0.2798311114311218,
      0.27038177847862244,
      0.2610892951488495,
      0.2519385814666748,
      0.2429174929857254,
      0.2340165376663208,
      0.22522857785224915,
      0.21654796600341797,
      0.2079697847366333,
      0.1994895190000534,
      0.19110339879989624,
      0.1828087568283081,
      0.17460429668426514,
      0.16649025678634644,
      0.15846803784370422,
      0.15053996443748474,
      0.14270927011966705,
      0.1349799484014511,
      0.12735721468925476,
      0.1198478415608406,
      0.11246044188737869,
      0.10520562529563904,
      0.09809604287147522,
      0.09114650636911392,
      0.0843743234872818,
      0.07780005782842636,
      0.07144872099161148,
      0.06535104662179947,
      0.05954429879784584,
      0.05407173931598663,
      0.0489804744720459,
      0.044319476932287216,
      0.040145087987184525,
      0.036558523774147034,
      0.0338352769613266,
      0.03244315832853317,
      0.03212842345237732,
      0.03210887312889099,
      0.032118238508701324,
      0.03212491050362587,
      0.032128430902957916,
      0.032130226492881775,
      0.0321311429142952,
      0.0321316234767437,
      0.032131876796483994,
      0.03213201463222504,
      0.03213208541274071,
      0.03213213011622429,
      0.03213215246796608,
      0.032132163643836975,
      0.03213217109441757,
      0.03213217481970787,
      0.03213217854499817,
      0.03213217854499817,
      0.03213218227028847,
      0.03213217854499817,
      0.03213217854499817,
      0.03213217854499817,
      0.03213218227028847,
      0.03213218227028847,
      0.03213217854499817,
      0.03213218227028847,
      0.03213218227028847,
      0.03213218227028847,
      0.03213218227028847,
      0.03213218227028847,
      0.03213218227028847,
      0.03213218227028847,
      0.03213218227028847,
      0.03213217854499817
    ],