{
  "model_name": "./PINO/Baseline/Rollout/1_frame/Results_chaotic_PINO_finite_difference_0.01_resloss_0.1_icloss_0.1_bcloss_0.0_wloss_mse_eval_0.55_D_1_frames_30_10_2025-19_32",
  "timesteps": [
    0,
    1
  ],
  "mse": {
    "Voltage": [
      0.0,
      0.000735056702978909,
      0.00242669228464365,
      0.004616718739271164,
      0.007150092627853155,
      0.010073994286358356,
      0.01351259183138609,
      0.01756606623530388,
      0.02227756567299366,
      0.02765939012169838,
      0.03373187035322189,
      0.040533605962991714,
      0.04810120165348053,
      0.056449636816978455,
      0.06558999419212341,
      0.07560385763645172,
      0.08679817616939545,
      0.0999847948551178,
      0.11393196135759354,
      0.12706156075000763,
      0.14019551873207092,
      0.15386943519115448,
      0.16904529929161072,
      0.18672776222229004,
      0.20146311819553375,
      0.21175619959831238,
      0.21879000961780548,
      0.22298024594783783,
      0.22529052197933197,
      0.2264275848865509,
      0.22655120491981506,
      0.22617751359939575,
      0.22556422650814056,
      0.22493040561676025,
      0.224537193775177,
      0.22465771436691284,
      0.22550226747989655,
      0.22685518860816956,
      0.2287137359380722,
      0.23127083480358124,
      0.23420679569244385,
      0.23724685609340668,
      0.24029973149299622,
      0.24343226850032806,
      0.246892049908638,
      0.25060027837753296,
      0.25442662835121155,
      0.25832512974739075,
      0.26229748129844666,
      0.2663577198982239,
      0.27047139406204224,
      0.2745612859725952,
      0.27852532267570496,
      0.28225719928741455,
      0.28562039136886597,
      0.2884637713432312,
      0.2906407415866852,
      0.29205259680747986,
      0.29265034198760986,
      0.29243898391723633,
      0.29160037636756897,
      0.29053300619125366,
      0.2896502912044525,
      0.2891524136066437,
      0.28905388712882996,
      0.2892252504825592,
      0.2895570397377014,
      0.29007723927497864,
      0.29087069630622864,
      0.29203182458877563,
      0.2936495542526245,
      0.2957753539085388,
      0.2984318733215332,
      0.3016369342803955,
      0.3053779602050781,
      0.30959850549697876,
      0.3142470121383667,
      0.3193018436431885,
      0.3247738182544708,
      0.33074191212654114,
      0.33741506934165955,
      0.34527894854545593,
      0.3553362488746643,
      0.367462158203125,
      0.3791409432888031,
      0.3890494108200073,
      0.3983790874481201,
      0.40802544355392456,
      0.41805747151374817,
      0.4283551871776581,
      0.4388621151447296,
      0.4495236575603485,
      0.46018072962760925,
      0.47060054540634155,
      0.4805019497871399,
      0.48951494693756104,
      0.49729737639427185,
      0.5036802887916565,
      0.5086472034454346,
      0.5123276710510254,
      0.5149282217025757,
      0.5166890025138855,
      0.517873227596283,
      0.5187394618988037,
      0.5194693803787231,
      0.5201053619384766,
      0.5206133723258972,
      0.5209706425666809,
      0.5211653113365173,
      0.5211822390556335,
      0.5210511088371277,
      0.5208659768104553,
      0.520600438117981,
      0.5199499726295471,
      0.5186421871185303,
      0.5166139006614685,
      0.5141090154647827,
      0.5121480822563171,
      0.5108982920646667,
      0.5102005004882812,
      0.5101679563522339,
      0.5109599828720093,
      0.5122530460357666,
      0.5136252641677856,
      0.5148555636405945,
      0.5158130526542664,
      0.5163396596908569,
      0.5164024233818054,
      0.5158519744873047,
      0.5147296786308289,
      0.5132384300231934,
      0.5116283893585205,
      0.5101672410964966,
      0.5091479420661926,
      0.5089107155799866,
      0.5087743997573853,
      0.5087295770645142,
      0.5082825422286987,
      0.5072123408317566,
      0.5059367418289185,
      0.5045399069786072,
      0.5030010938644409,
      0.5011918544769287,
      0.4990140497684479,
      0.49636706709861755,
      0.4931603670120239,
      0.489406943321228,
      0.4851689040660858,
      0.4804961085319519,
      0.4755362272262573,
      0.4705200791358948,
      0.46531301736831665,
      0.45992857217788696,
      0.4545627534389496,
      0.4494008719921112,
      0.4444408416748047,
      0.4395051598548889,
      0.4344641864299774,
      0.4292795658111572,
      0.4239484369754791,
      0.41872090101242065,
      0.4139917492866516,
      0.4095591604709625,
      0.40529903769493103,
      0.4010851979255676,
      0.39697006344795227,
      0.3932855427265167,
      0.39032381772994995,
      0.38819772005081177,
      0.3870680332183838,
      0.38710489869117737,
      0.38811326026916504,
      0.38958868384361267,
      0.3912442624568939,
      0.393095999956131,
      0.3951635956764221,
      0.3975062966346741,
      0.4001542925834656,
      0.40286752581596375,
      0.4053683578968048,
      0.4075811505317688,
      0.40968695282936096,
      0.412021279335022,
      0.4148196876049042,
      0.4182080626487732,
      0.42221105098724365,
      0.42672285437583923,
      0.43162262439727783,
      0.4368719756603241,
      0.44241806864738464,
      0.448215514421463,
      0.45434537529945374,
      0.46099185943603516,
      0.4683628976345062,
      0.4768642485141754,
      0.4869539141654968,
      0.49877145886421204,
      0.5118343234062195,
      0.5258036851882935,
      0.5404629111289978
    ],