{
  "phase": "",
  "net_training_time_sec": 3492.6390740908682,
  "net_training_time_min": 58.2106512348478,
  "min_mse": 0.006690830923616886,
  "min_mse_epoch": 201,
  "min_rmse": 0.016454171389341354,
  "min_rmse_epoch": 201
}