{
  "model_name": "./PINO_reladapt/Baseline/Rollout/5_frame/Results_chaotic_PINO_finite_difference_0.01_resloss_0.1_icloss_0.1_bcloss_0.0_wloss_mse_eval_0.55_D_5_frames_31_10_2025-20_30",
  "timesteps": [
    0,
    1
  ],
  "mse": {
    "Voltage": [
      0.0,
      0.0,
      0.0,
      0.0,
      0.0,
      0.0009763834532350302,
      0.001195960328914225,
      0.001150837168097496,
      0.001059041009284556,
      0.0015453000087291002,
      0.0013787971111014485,
      0.0014785416424274445,
      0.0015651325229555368,
      0.0015279781073331833,
      0.001984960399568081,
      0.0021786116994917393,
      0.0024938464630395174,
      0.0024676136672496796,
      0.0025867049116641283,
      0.0029882146045565605,
      0.002936742501333356,
      0.0030687381513416767,
      0.003657034831121564,
      0.005066163372248411,
      0.005660488735884428,
      0.004836025647819042,
      0.004645275417715311,
      0.004780061077326536,
      0.005791852250695229,
      0.006676451303064823,
      0.006579296197742224,
      0.006785818841308355,
      0.007247897796332836,
      0.009053710848093033,
      0.010801784694194794,
      0.011343121528625488,
      0.011428263038396835,
      0.012462412938475609,
      0.014973083510994911,
      0.017289189621806145,
      0.01810293085873127,
      0.01840982772409916,
      0.01974969170987606,
      0.022897154092788696,
      0.025629395619034767,
      0.02666817419230938,
      0.0274545568972826,
      0.02896803990006447,
      0.03304894268512726,
      0.03619160130620003,
      0.037581875920295715,
      0.03987909108400345,
      0.04215025156736374,
      0.04661719501018524,
      0.050746265798807144,
      0.052524685859680176,
      0.05535931512713432,
      0.058717843145132065,
      0.06313055008649826,
      0.0698866918683052,
      0.07240939140319824,
      0.0761958435177803,
      0.08059384673833847,
      0.08458546549081802,
      0.09328029304742813,
      0.09334082156419754,
      0.09510278701782227,
      0.09562330693006516,
      0.0980147123336792,
      0.10707195848226547,
      0.10614199191331863,
      0.10785570740699768,
      0.10631566494703293,
      0.11132381111383438,
      0.1220240443944931,
      0.1216876432299614,
      0.1242581233382225,
      0.12311340868473053,
      0.12957821786403656,
      0.14246714115142822,
      0.14263884723186493,
      0.14649583399295807,
      0.1473270058631897,
      0.15765787661075592,
      0.17521555721759796,
      0.17500272393226624,
      0.1768747866153717,
      0.17457114160060883,
      0.1807442158460617,
      0.19341157376766205,
      0.1877768337726593,
      0.1874077320098877,
      0.18178190290927887,
      0.18514713644981384,
      0.19509044289588928,
      0.1873028576374054,
      0.18746249377727509,
      0.18391153216362,
      0.18684762716293335,
      0.1969994157552719,
      0.189811110496521,
      0.19204740226268768,
      0.19162920117378235,
      0.19485442340373993,
      0.2057712972164154,
      0.20139655470848083,
      0.203962504863739,
      0.20631088316440582,
      0.2067331075668335,
      0.21662014722824097,
      0.21214431524276733,
      0.21629537642002106,
      0.22165660560131073,
      0.22082534432411194,
      0.22752757370471954,
      0.22132155299186707,
      0.22482600808143616,
      0.23097635805606842,
      0.2293432652950287,
      0.2330099493265152,
      0.22212742269039154,
      0.22043651342391968,
      0.2202005535364151,
      0.21419532597064972,
      0.2157566249370575,
      0.2005205750465393,
      0.19299201667308807,
      0.19057728350162506,
      0.18250198662281036,
      0.179019033908844,
      0.16438303887844086,
      0.1524192839860916,
      0.1459214687347412,
      0.13533177971839905,
      0.13105972111225128,
      0.12095275521278381,
      0.11020109057426453,
      0.10801663249731064,
      0.10545898228883743,
      0.10945627093315125,
      0.10734855383634567,
      0.09636829048395157,
      0.09888216108083725,
      0.10393655300140381,
      0.1086886003613472,
      0.10915634781122208,
      0.09897810965776443,
      0.1009921059012413,
      0.11209555715322495,
      0.11668247729539871,
      0.11783288419246674,
      0.11418478935956955,
      0.1138058677315712,
      0.1278441697359085,
      0.13352039456367493,
      0.13101087510585785,
      0.1358039379119873,
      0.13575607538223267,
      0.14785166084766388,
      0.15297330915927887,
      0.14867264032363892,
      0.16355545818805695,
      0.16594430804252625,
      0.17613516747951508,
      0.18190132081508636,
      0.17757098376750946,
      0.19619187712669373,
      0.19855113327503204,
      0.20464201271533966,
      0.21419748663902283,
      0.2057456076145172,
      0.22527092695236206,
      0.22786270081996918,
      0.2318829447031021,
      0.2414683997631073,
      0.23614934086799622,
      0.25281378626823425,
      0.2565852999687195,
      0.2622879445552826,
      0.26945778727531433,
      0.2688845992088318,
      0.2772274315357208,
      0.28029441833496094,
      0.28673839569091797,
      0.2915393114089966,
      0.2840152084827423,
      0.285711407661438,
      0.29186639189720154,
      0.3004480004310608,
      0.30628082156181335,
      0.2821950316429138,
      0.28448036313056946,
      0.2893501818180084,
      0.30474862456321716,
      0.31494614481925964,
      0.2805561423301697,
      0.28109264373779297,
      0.28524142503738403,
      0.31282302737236023,
      0.3216731548309326
    ],