{
  "model_name": "./PINO_reladapt/Baseline/Rollout/5_frame/Results_chaotic_PINO_finite_difference_0.01_resloss_0.1_icloss_0.1_bcloss_0.0_wloss_mse_eval_0.55_D_5_frames_31_10_2025-20_30",
  "timesteps": [
    0,
    1
  ],
  "rmse": {
    "Voltage": [
      0.0,
      0.0,
      0.0,
      0.0,
      0.0,
      0.031247135251760483,
      0.03458265960216522,
      0.03392399102449417,
      0.03254291042685509,
      0.03931030258536339,
      0.03713215887546539,
      0.03845180943608284,
      0.03956175595521927,
      0.03908935934305191,
      0.04455289617180824,
      0.04667560011148453,
      0.04993842542171478,
      0.04967508092522621,
      0.050859659910202026,
      0.05466456338763237,
      0.054191719740629196,
      0.0553961917757988,
      0.060473423451185226,
      0.07117698341608047,
      0.07523621618747711,
      0.06954153627157211,
      0.06815625727176666,
      0.06913798302412033,
      0.07610421627759933,
      0.08170955628156662,
      0.08111286163330078,
      0.08237608522176743,
      0.0851345881819725,
      0.09515099227428436,
      0.10393163561820984,
      0.10650409013032913,
      0.10690305382013321,
      0.11163517832756042,
      0.12236455082893372,
      0.1314883679151535,
      0.1345471292734146,
      0.1356828212738037,
      0.14053359627723694,
      0.15131805837154388,
      0.160091832280159,
      0.1633039265871048,
      0.16569416224956512,
      0.17020000517368317,
      0.181793674826622,
      0.19024090468883514,
      0.19386045634746552,
      0.19969749450683594,
      0.20530526340007782,
      0.2159101516008377,
      0.22526931762695312,
      0.2291826456785202,
      0.23528560996055603,
      0.24231764674186707,
      0.25125792622566223,
      0.2643609046936035,
      0.269089937210083,
      0.27603593468666077,
      0.2838905453681946,
      0.29083579778671265,
      0.3054182231426239,
      0.305517315864563,
      0.3083873987197876,
      0.30923017859458923,
      0.3130730092525482,
      0.32721853256225586,
      0.32579439878463745,
      0.3284139335155487,
      0.32606083154678345,
      0.33365222811698914,
      0.3493193984031677,
      0.34883755445480347,
      0.35250264406204224,
      0.35087519884109497,
      0.35996973514556885,
      0.3774482011795044,
      0.3776755928993225,
      0.38274773955345154,
      0.38383200764656067,
      0.3970615565776825,
      0.4185875654220581,
      0.4183332622051239,
      0.42056483030319214,
      0.4178171157836914,
      0.42514023184776306,
      0.43978583812713623,
      0.433332234621048,
      0.4329061508178711,
      0.4263588786125183,
      0.43028727173805237,
      0.44169044494628906,
      0.4327850043773651,
      0.4329693913459778,
      0.42884907126426697,
      0.4322587549686432,
      0.4438461661338806,
      0.43567317724227905,
      0.4382321238517761,
      0.43775472044944763,
      0.4414231777191162,
      0.45362022519111633,
      0.44877228140830994,
      0.4516220688819885,
      0.45421457290649414,
      0.45467913150787354,
      0.46542468667030334,
      0.46059125661849976,
      0.46507567167282104,
      0.47080421447753906,
      0.4699205756187439,
      0.476998507976532,
      0.47044825553894043,
      0.4741581976413727,
      0.4805999994277954,
      0.47889795899391174,
      0.4827110469341278,
      0.4713039696216583,
      0.4695066809654236,
      0.46925532817840576,
      0.4628124237060547,
      0.46449610590934753,
      0.44779524207115173,
      0.4393085539340973,
      0.436551570892334,
      0.4272025227546692,
      0.4231064021587372,
      0.4054417908191681,
      0.39040911197662354,
      0.38199669122695923,
      0.3678746819496155,
      0.36202171444892883,
      0.34778261184692383,
      0.33196550607681274,
      0.3286588490009308,
      0.32474449276924133,
      0.3308417499065399,
      0.3276408910751343,
      0.31043243408203125,
      0.3144553303718567,
      0.32239192724227905,
      0.32967954874038696,
      0.3303881883621216,
      0.3146078586578369,
      0.3177925646305084,
      0.33480674028396606,
      0.34158816933631897,
      0.34326794743537903,
      0.3379124104976654,
      0.3373512625694275,
      0.35755303502082825,
      0.3654044270515442,
      0.3619542419910431,
      0.36851584911346436,
      0.36845090985298157,
      0.38451483845710754,
      0.39111801981925964,
      0.3855809271335602,
      0.4044198989868164,
      0.40736261010169983,
      0.41968461871147156,
      0.4264989197254181,
      0.42139172554016113,
      0.4429355263710022,
      0.4455907642841339,
      0.452373743057251,
      0.4628147482872009,
      0.45359188318252563,
      0.47462713718414307,
      0.4773496687412262,
      0.4815422594547272,
      0.4913943409919739,
      0.4859519898891449,
      0.5028058886528015,
      0.5065425038337708,
      0.5121405720710754,
      0.5190932154655457,
      0.5185408592224121,
      0.5265238881111145,
      0.5294283628463745,
      0.5354796051979065,
      0.5399438142776489,
      0.5329307913780212,
      0.5345197916030884,
      0.5402466058731079,
      0.5481313467025757,
      0.5534264445304871,
      0.5312203168869019,
      0.5333669781684875,
      0.5379127860069275,
      0.5520403981208801,
      0.5612006187438965,
      0.5296754837036133,
      0.5301817059516907,
      0.5340799689292908,
      0.5593058466911316,
      0.5671623945236206
    ],