{
  "Channel 0 (0 = Voltage, 1 = Recovery Current)": {
    "Avg Mean Absolute Error": 0.045938391238451004,
    "Average Cell Error": 0.0459383949637413,
    "Average Error of Top 10 Worst Cells": 0.06214874982833862,
    "Mean Signed Error (Bias)": 0.045938391238451004,
    "Max Signed Error": 0.9590581059455872,
    "Pct Errors > Avg MAE": 27.60000904888661,
    "Pct Cells with Avg Error > Avg Cell Error": 43.56435643564357,
    "Worst Case Results": {
      "Timestep": 194,
      "Cell [x, y]": [
        66,
        0
      ],
      "Absolute Error": 0.9590581059455872
    },
    "Best Case Results": {
      "Timestep": 30,
      "Cell [x, y]": [
        66,
        99
      ],
      "Absolute Error": 0.0
    },
    "Best/Worst Cells Over Time": {
      "Best Cell [x, y]": [
        9,
        5
      ],
      "Best Cell Avg Error": 0.025730019435286522,
      "Worst Cell [x, y]": [
        100,
        0
      ],
      "Worst Cell Avg Error": 0.15116572380065918
    },
    "Overall RMSE:": 0.07582542300224304
  },
  "Channel 1 (0 = Voltage, 1 = Recovery Current)": {
    "Avg Mean Absolute Error": 0.04414466395974159,
    "Average Cell Error": 0.04414466768503189,
    "Average Error of Top 10 Worst Cells": 0.07377298921346664,
    "Mean Signed Error (Bias)": 0.04414466395974159,
    "Max Signed Error": 0.8657913208007812,
    "Pct Errors > Avg MAE": 24.04575720329078,
    "Pct Cells with Avg Error > Avg Cell Error": 43.56435643564357,
    "Worst Case Results": {
      "Timestep": 194,
      "Cell [x, y]": [
        27,
        41
      ],
      "Absolute Error": 0.8657913208007812
    },
    "Best Case Results": {
      "Timestep": 121,
      "Cell [x, y]": [
        78,
        61
      ],
      "Absolute Error": 0.0
    },
    "Best/Worst Cells Over Time": {
      "Best Cell [x, y]": [
        41,
        78
      ],
      "Best Cell Avg Error": 0.02065194956958294,
      "Worst Cell [x, y]": [
        100,
        0
      ],
      "Worst Cell Avg Error": 0.14118793606758118
    },
    "Overall RMSE:": 0.08462022989988327
  }
}