{
  "phase": "",
  "net_training_time_sec": 37844.881496191025,
  "net_training_time_min": 630.748024936517,
  "min_mse": 0.03349852189421654,
  "min_mse_epoch": 51,
  "min_rmse": 0.036502983421087265,
  "min_rmse_epoch": 51
}