{
  "model_name": "./PINO/Baseline/Rollout/1_frame/Results_chaotic_PINO_finite_difference_0.01_resloss_0.1_icloss_0.1_bcloss_0.0_wloss_mse_eval_0.55_D_1_frames_30_10_2025-19_32",
  "timesteps": [
    0,
    1
  ],
  "rmse": {
    "Voltage": [
      0.0,
      0.027111928910017014,
      0.04926146939396858,
      0.06794644147157669,
      0.08455821871757507,
      0.10036928951740265,
      0.11624367535114288,
      0.13253703713417053,
      0.14925670623779297,
      0.1663111299276352,
      0.18366238474845886,
      0.20132958889007568,
      0.21931986510753632,
      0.23759132623672485,
      0.2561054229736328,
      0.27496156096458435,
      0.2946152985095978,
      0.3162037134170532,
      0.33753809332847595,
      0.3564569652080536,
      0.374426931142807,
      0.39226195216178894,
      0.4111512005329132,
      0.43212008476257324,
      0.4488464295864105,
      0.4601697623729706,
      0.4677499532699585,
      0.47220784425735474,
      0.47464779019355774,
      0.4758440852165222,
      0.4759739637374878,
      0.47558122873306274,
      0.47493603825569153,
      0.4742682874202728,
      0.47385355830192566,
      0.47398072481155396,
      0.47487080097198486,
      0.4762931764125824,
      0.4782402515411377,
      0.48090627789497375,
      0.4839491546154022,
      0.487079918384552,
      0.49020376801490784,
      0.4933885633945465,
      0.4968823194503784,
      0.5005999207496643,
      0.5044072270393372,
      0.5082569718360901,
      0.5121498703956604,
      0.5160985589027405,
      0.5200686454772949,
      0.5239859819412231,
      0.5277549624443054,
      0.5312788486480713,
      0.5344346761703491,
      0.5370882153511047,
      0.5391110777854919,
      0.5404189229011536,
      0.5409716367721558,
      0.540776252746582,
      0.540000319480896,
      0.5390111207962036,
      0.5381916761398315,
      0.5377289652824402,
      0.5376372933387756,
      0.537796676158905,
      0.5381050705909729,
      0.5385881662368774,
      0.5393242835998535,
      0.5403996706008911,
      0.5418944358825684,
      0.5438523292541504,
      0.5462892055511475,
      0.5492148399353027,
      0.5526101589202881,
      0.5564157962799072,
      0.560577392578125,
      0.5650680065155029,
      0.5698893070220947,
      0.5751016736030579,
      0.5808743834495544,
      0.5876044034957886,
      0.5961008667945862,
      0.60618656873703,
      0.6157442331314087,
      0.6237382292747498,
      0.631172776222229,
      0.6387686729431152,
      0.6465736627578735,
      0.6544885039329529,
      0.6624667048454285,
      0.6704652309417725,
      0.6783662438392639,
      0.6860033273696899,
      0.6931824684143066,
      0.6996534466743469,
      0.7051931619644165,
      0.7097043395042419,
      0.7131950855255127,
      0.7157706618309021,
      0.7175849676132202,
      0.7188107967376709,
      0.7196341156959534,
      0.7202357053756714,
      0.7207422256469727,
      0.7211833000183105,
      0.7215354442596436,
      0.7217829823493958,
      0.7219178080558777,
      0.7219295501708984,
      0.7218387126922607,
      0.7217104434967041,
      0.7215264439582825,
      0.7210755944252014,
      0.7201681733131409,
      0.7187585830688477,
      0.717013955116272,
      0.7156451940536499,
      0.7147715091705322,
      0.7142832279205322,
      0.7142603993415833,
      0.7148146629333496,
      0.7157185673713684,
      0.7166765332221985,
      0.7175343632698059,
      0.7182012796401978,
      0.7185677886009216,
      0.718611478805542,
      0.7182283401489258,
      0.7174466252326965,
      0.7164065837860107,
      0.7152820229530334,
      0.714259922504425,
      0.7135460376739502,
      0.7133798003196716,
      0.7132842540740967,
      0.7132528424263,
      0.7129393815994263,
      0.7121884226799011,
      0.7112923264503479,
      0.7103097438812256,
      0.7092257142066956,
      0.7079490423202515,
      0.7064092755317688,
      0.7045332193374634,
      0.7022537589073181,
      0.6995762586593628,
      0.6965406537055969,
      0.6931782364845276,
      0.6895913481712341,
      0.685944676399231,
      0.6821385622024536,
      0.6781803369522095,
      0.6742126941680908,
      0.6703736782073975,
      0.6666639447212219,
      0.6629518270492554,
      0.6591389775276184,
      0.6551942825317383,
      0.6511132121086121,
      0.6470864415168762,
      0.6434218883514404,
      0.6399680972099304,
      0.6366310119628906,
      0.6333128809928894,
      0.6300556063652039,
      0.6271248459815979,
      0.6247590184211731,
      0.6230551600456238,
      0.6221479177474976,
      0.6221775412559509,
      0.6229873895645142,
      0.6241704225540161,
      0.625495195388794,
      0.6269736886024475,
      0.6286203861236572,
      0.6304810047149658,
      0.6325774788856506,
      0.6347184777259827,
      0.6366854310035706,
      0.638420820236206,
      0.6400679349899292,
      0.6418888568878174,
      0.6440649628639221,
      0.6466900706291199,
      0.6497777104377747,
      0.6532402634620667,
      0.6569799184799194,
      0.6609629392623901,
      0.6651451587677002,
      0.6694889664649963,
      0.6740514636039734,
      0.678963840007782,
      0.6843704581260681,
      0.690553605556488,
      0.6978208422660828,
      0.7062375545501709,
      0.715425968170166,
      0.7251232266426086,
      0.7351618409156799
    ],