{
  "model_name": "./PINO/Baseline/Rollout/5_frame/Results_stable_PINO_finite_difference_0.01_resloss_0.1_icloss_0.1_bcloss_0.0_wloss_mse_eval_0.55_D_5_frames_30_10_2025-19_32",
  "timesteps": [
    0,
    1
  ],
  "mse": {
    "Voltage": [
      0.0,
      0.0,
      0.0,
      0.0,
      0.0,
      0.00022158768842928112,
      0.00029358803294599056,
      0.00029589326004497707,
      0.00041079867514781654,
      0.00029314443236216903,
      7.680660201003775e-05,
      9.330188913736492e-05,
      0.00013774838589597493,
      0.0001376882428303361,
      9.161551133729517e-05,
      7.447852840414271e-05,
      6.510780076496303e-05,
      5.440740642370656e-05,
      5.186814087210223e-05,
      6.392489740392193e-05,
      5.718853208236396e-05,
      4.992166213924065e-05,
      4.810726750292815e-05,
      3.6739977076649666e-05,
      3.8478079659398645e-05,
      3.651787847047672e-05,
      4.7602614358766004e-05,
      4.31969492638018e-05,
      4.765656922245398e-05,
      2.8309284971328452e-05,
      2.4160071916412562e-05,
      2.550200770201627e-05,
      2.1694284441764466e-05,
      2.3922450054669753e-05,
      2.048715396085754e-05,
      1.6960668290266767e-05,
      2.4785609639366157e-05,
      1.98510260815965e-05,
      2.0500632672337815e-05,
      1.895316381705925e-05,
      1.7333750292891636e-05,
      2.6481844543013722e-05,
      3.382916111149825e-05,
      4.224754957249388e-05,
      4.485557656153105e-05,
      2.2871945475344546e-05,
      2.4741297238506377e-05,
      2.514619154680986e-05,
      2.500527261872776e-05,
      2.4875811504898593e-05,
      1.9278993931948207e-05,
      2.160130134143401e-05,
      1.8079063011100516e-05,
      2.0793322619283572e-05,
      2.4306762497872114e-05,
      1.4643393114965875e-05,
      1.4396030564967077e-05,
      1.6572781532886438e-05,
      1.7116599337896332e-05,
      1.7594333257875405e-05,
      1.742111999192275e-05,
      1.3760233741777483e-05,
      1.684878225205466e-05,
      1.6745658285799436e-05,
      1.4886923054291401e-05,
      1.324974527960876e-05,
      1.3520773791242391e-05,
      1.6236304873018526e-05,
      1.4435772754950449e-05,
      1.5855659512453713e-05,
      1.6303712982335128e-05,
      3.558230309863575e-05,
      6.0563823353732005e-05,
      7.08530205884017e-05,
      6.827292963862419e-05,
      7.806741632521152e-05,
      5.263504135655239e-05,
      3.2190237106988207e-05,
      2.262174166389741e-05,
      2.455166213621851e-05,
      4.004796937806532e-05,
      3.418305641389452e-05,
      3.870527143590152e-05,
      3.537139491527341e-05,
      4.807270670426078e-05,
      3.732333789230324e-05,
      3.248402936151251e-05,
      3.100392495980486e-05,
      2.7594922357820906e-05,
      2.952074646600522e-05,
      2.4794848286546767e-05,
      2.94121364277089e-05,
      2.7232947104494087e-05,
      2.582050183264073e-05,
      2.567357660154812e-05,
      3.295914575573988e-05,
      5.05965763295535e-05,
      5.754188168793917e-05,
      0.00010446341912029311,
      9.012511145556346e-05,
      9.029269131133333e-05,
      0.0001088350618374534,
      0.000138091403641738,
      0.00011317839380353689,
      8.248879748862237e-05,
      7.042403740342706e-05,
      7.750342774670571e-05,
      7.899144111433998e-05,
      6.683084939140826e-05,
      4.56986490462441e-05,
      4.773746695718728e-05,
      5.710289769922383e-05,
      6.016106271999888e-05,
      4.185829311609268e-05,
      3.267210195190273e-05,
      3.72146132576745e-05,
      2.9827615435351618e-05,
      2.7293221137369983e-05,
      2.0438146748347208e-05,
      1.7954698705580086e-05,
      1.5596815501339734e-05,
      1.8982542314915918e-05,
      1.919361238833517e-05,
      2.030977157119196e-05,
      2.2093965526437387e-05,
      2.2742759028915316e-05,
      3.3091262594098225e-05,
      3.442086017457768e-05,
      3.331667903694324e-05,
      2.5221610485459678e-05,
      1.818716737034265e-05,
      1.896215690067038e-05,
      1.9484092263155617e-05,
      1.8839735275832936e-05,
      1.7849206415121444e-05,
      1.3619450328405946e-05,
      1.4006103810970671e-05,
      1.4913744053046685e-05,
      1.4186997759679798e-05,
      1.522782986285165e-05,
      9.8887057902175e-06,
      1.0611005563987419e-05,
      9.450704965274781e-06,
      1.020110630634008e-05,
      9.864955245575402e-06,
      9.216777471010573e-06,
      8.940266525314655e-06,
      8.060261279752012e-06,
      7.632113920408301e-06,
      7.0467067416757345e-06,
      7.799639206496067e-06,
      9.208664778270759e-06,
      1.1506675946293399e-05,
      1.3179646884964313e-05,
      2.4081211449811235e-05,
      5.214907287154347e-05,
      0.0001802624319680035,
      0.00016925411182455719,
      0.00011442338291089982,
      4.494716631597839e-05,
      0.00041981469257734716,
      0.0005678241141140461,
      0.0003827403124887496,
      0.00032553644268773496,
      0.00028846965869888663,
      0.0005282885394990444,
      0.0005329245468601584,
      0.000540873093996197,
      0.0007343722973018885,
      0.0010627186857163906,
      0.0014161750441417098,
      0.001397448591887951,
      0.001086119213141501,
      0.0010534244356676936,
      0.0009269979782402515,
      0.001084031187929213,
      0.0011431564344093204,
      0.0011972124921157956,
      0.0010833709966391325,
      0.0011114684166386724,
      0.0012442455627024174,
      0.0014711800031363964,
      0.0014101127162575722,
      0.0013728225603699684,
      0.0015831823693588376,
      0.0019122257363051176,
      0.0021059352438896894,
      0.001822322839871049,
      0.0018109653610736132,
      0.0019487274112179875,
      0.0019094467861577868,
      0.0021154882851988077,
      0.0018485358450561762,
      0.0019373141694813967,
      0.002180797513574362,
      0.0019231827463954687,
      0.0021602564956992865,
      0.0021273044403642416,
      0.0022896877489984035,
      0.002745239529758692
    ],