{
  "model_name": "./PINO/Baseline/Rollout/5_frame/Results_stable_PINO_finite_difference_0.01_resloss_0.1_icloss_0.1_bcloss_0.0_wloss_mse_eval_0.55_D_5_frames_30_10_2025-19_32",
  "timesteps": [
    0,
    1
  ],
  "rmse": {
    "Voltage": [
      0.0,
      0.0,
      0.0,
      0.0,
      0.0,
      0.014885821379721165,
      0.01713441126048565,
      0.01720154844224453,
      0.020268168300390244,
      0.017121460288763046,
      0.008763937279582024,
      0.009659290313720703,
      0.01173662580549717,
      0.011734063737094402,
      0.009571598842740059,
      0.00863009411841631,
      0.008068940602242947,
      0.007376137655228376,
      0.007201953791081905,
      0.0079953046515584,
      0.007562309969216585,
      0.007065526209771633,
      0.006935940124094486,
      0.006061350926756859,
      0.006203070282936096,
      0.006043002475053072,
      0.006899464875459671,
      0.006572438403964043,
      0.006903373636305332,
      0.005320647265762091,
      0.004915289580821991,
      0.005049951374530792,
      0.004657712299376726,
      0.004891057964414358,
      0.004526273813098669,
      0.004118333104997873,
      0.004978514742106199,
      0.0044554490596055984,
      0.004527762532234192,
      0.004353523254394531,
      0.004163382109254599,
      0.005146051291376352,
      0.005816284101456404,
      0.006499811541289091,
      0.006697430741041899,
      0.004782462492585182,
      0.00497406255453825,
      0.005014597903937101,
      0.005000527016818523,
      0.0049875658005476,
      0.004390785004943609,
      0.004647720139473677,
      0.004251948092132807,
      0.004559969529509544,
      0.004930188879370689,
      0.003826668718829751,
      0.0037942100316286087,
      0.004070967901498079,
      0.00413722125813365,
      0.004194559995085001,
      0.004173861350864172,
      0.0037094790022820234,
      0.0041047269478440285,
      0.004092145711183548,
      0.0038583576679229736,
      0.0036400200333446264,
      0.0036770605947822332,
      0.004029429983347654,
      0.003799443831667304,
      0.0039819166995584965,
      0.004037785809487104,
      0.005965090356767178,
      0.007782276254147291,
      0.008417423814535141,
      0.00826274324208498,
      0.008835576474666595,
      0.007255000993609428,
      0.005673644132912159,
      0.004756231792271137,
      0.004954963456839323,
      0.00632834667339921,
      0.005846627987921238,
      0.0062213558703660965,
      0.00594738544896245,
      0.0069334483705461025,
      0.006109282840043306,
      0.0056994762271642685,
      0.005568116903305054,
      0.005253086797893047,
      0.005433299578726292,
      0.004979442339390516,
      0.0054232957772910595,
      0.005218519829213619,
      0.00508138770237565,
      0.0050669098272919655,
      0.005741005763411522,
      0.007113127037882805,
      0.007585636340081692,
      0.010220734402537346,
      0.00949342455714941,
      0.009502246975898743,
      0.010432404465973377,
      0.011751229874789715,
      0.010638533160090446,
      0.009082334116101265,
      0.008391902782022953,
      0.008803603239357471,
      0.008887712843716145,
      0.008175013586878777,
      0.006760077551007271,
      0.006909230723977089,
      0.007556646130979061,
      0.0077563561499118805,
      0.006469798739999533,
      0.005715951323509216,
      0.0061003779992461205,
      0.005461466498672962,
      0.005224291235208511,
      0.004520856775343418,
      0.004237298388034105,
      0.003949280362576246,
      0.004356896039098501,
      0.0043810512870550156,
      0.004506636410951614,
      0.004700421821326017,
      0.004768936894834042,
      0.0057525006122887135,
      0.0058669294230639935,
      0.005772060249000788,
      0.005022112280130386,
      0.0042646415531635284,
      0.00435455609112978,
      0.004414078779518604,
      0.004340476356446743,
      0.00422483216971159,
      0.0036904539447277784,
      0.003742472967132926,
      0.003861831733956933,
      0.0037665630225092173,
      0.0039022851269692183,
      0.0031446311622858047,
      0.0032574539072811604,
      0.003074199892580509,
      0.0031939169857650995,
      0.003140852553769946,
      0.003035914618521929,
      0.002990027889609337,
      0.0028390600346028805,
      0.0027626280207186937,
      0.0026545634027570486,
      0.0027927833143621683,
      0.0030345781706273556,
      0.0033921492286026478,
      0.003630378283560276,
      0.004907261114567518,
      0.0072214314714074135,
      0.01342618465423584,
      0.013009769842028618,
      0.010696887038648129,
      0.006704264786094427,
      0.02048937976360321,
      0.023829059675335884,
      0.019563749432563782,
      0.018042627722024918,
      0.016984393820166588,
      0.02298452891409397,
      0.023085158318281174,
      0.023256678134202957,
      0.027099303901195526,
      0.03259936720132828,
      0.03763210028409958,
      0.03738246485590935,
      0.0329563245177269,
      0.03245650231838226,
      0.030446641147136688,
      0.032924629747867584,
      0.03381059691309929,
      0.03460075706243515,
      0.032914601266384125,
      0.03333869203925133,
      0.03527386486530304,
      0.03835596516728401,
      0.03755146637558937,
      0.037051621824502945,
      0.03978922590613365,
      0.04372900351881981,
      0.04589046910405159,
      0.042688675224781036,
      0.042555440217256546,
      0.044144392013549805,
      0.04369721561670303,
      0.045994438230991364,
      0.042994603514671326,
      0.044014930725097656,
      0.04669900983572006,
      0.04385410621762276,
      0.04647855833172798,
      0.0461227111518383,
      0.04785068333148956,
      0.052395034581422806
    ],