{
  "Channel 0 (0 = Voltage, 1 = Recovery Current)": {
    "Avg Mean Absolute Error": 0.338722288608551,
    "Average Cell Error": 0.338722288608551,
    "Average Error of Top 10 Worst Cells": 0.4525146186351776,
    "Mean Signed Error (Bias)": 0.338722288608551,
    "Max Signed Error": 2.2549922466278076,
    "Pct Errors > Avg MAE": 39.52436035682776,
    "Pct Cells with Avg Error > Avg Cell Error": 42.57425742574257,
    "Worst Case Results": {
      "Timestep": 152,
      "Cell [x, y]": [
        2,
        100
      ],
      "Absolute Error": 2.2549922466278076
    },
    "Best Case Results": {
      "Timestep": 0,
      "Cell [x, y]": [
        0,
        0
      ],
      "Absolute Error": 0.0
    },
    "Best/Worst Cells Over Time": {
      "Best Cell [x, y]": [
        95,
        45
      ],
      "Best Cell Avg Error": 0.08892982453107834,
      "Worst Cell [x, y]": [
        2,
        100
      ],
      "Worst Cell Avg Error": 1.717522382736206
    },
    "Overall RMSE:": 0.4796692132949829
  },
  "Channel 1 (0 = Voltage, 1 = Recovery Current)": {
    "Avg Mean Absolute Error": 0.4161597490310669,
    "Average Cell Error": 0.4161597490310669,
    "Average Error of Top 10 Worst Cells": 0.4970123767852783,
    "Mean Signed Error (Bias)": 0.4161597490310669,
    "Max Signed Error": 2.532982110977173,
    "Pct Errors > Avg MAE": 41.27521811587099,
    "Pct Cells with Avg Error > Avg Cell Error": 56.43564356435643,
    "Worst Case Results": {
      "Timestep": 163,
      "Cell [x, y]": [
        100,
        3
      ],
      "Absolute Error": 2.532982110977173
    },
    "Best Case Results": {
      "Timestep": 0,
      "Cell [x, y]": [
        0,
        0
      ],
      "Absolute Error": 0.0
    },
    "Best/Worst Cells Over Time": {
      "Best Cell [x, y]": [
        98,
        47
      ],
      "Best Cell Avg Error": 0.15385031700134277,
      "Worst Cell [x, y]": [
        4,
        100
      ],
      "Worst Cell Avg Error": 1.0982575416564941
    },
    "Overall RMSE:": 0.5590214133262634
  }
}