{
  "phase": "",
  "net_training_time_sec": 3158.3962663356215,
  "net_training_time_min": 52.63993777226036,
  "min_mse": 0.006425181403756142,
  "min_mse_epoch": 201,
  "min_rmse": 0.015758218243718147,
  "min_rmse_epoch": 601
}