{
  "model_name": "./PINO/Baseline/P2P/5_frame/Results_planar_PINO_finite_difference_0.01_resloss_0.1_icloss_0.1_bcloss_0.0_wloss_mse_eval_0.55_D_5_frames_30_10_2025-19_32",
  "timesteps": [
    0,
    1
  ],
  "mse": {
    "Voltage": [
      0.017583463340997696,
      0.010686867870390415,
      0.00864129513502121,
      0.00646086223423481,
      0.005536054726690054,
      0.0032416516914963722,
      0.002367946784943342,
      0.002138659590855241,
      0.0020980103872716427,
      0.002030538162216544,
      0.0018855498638004065,
      0.001695958781056106,
      0.001516595366410911,
      0.0013883779756724834,
      0.0013250326737761497,
      0.001314919674769044,
      0.0013304317835718393,
      0.001339626731351018,
      0.0013165900018066168,
      0.0012485439656302333,
      0.0011390598956495523,
      0.0010060667991638184,
      0.0008745177183300257,
      0.0007664078730158508,
      0.000692580419126898,
      0.0006502291071228683,
      0.0006278266664594412,
      0.0006141774356365204,
      0.0006059228908270597,
      0.000607224297709763,
      0.0006152655114419758,
      0.0005935524241067469,
      0.0004725927719846368,
      0.00028167697018943727,
      0.00026187286130152643,
      0.000370615889551118,
      0.0003515843127388507,
      0.00027810572646558285,
      0.00023600096756126732,
      0.00020695397688541561,
      0.0001643257710384205,
      0.0001223516883328557,
      9.837736433837563e-05,
      9.047980711329728e-05,
      9.11306997295469e-05,
      9.39607634791173e-05,
      9.501302702119574e-05,
      9.307268192060292e-05,
      8.911004260880873e-05,
      8.467405859846622e-05,
      8.082081330940127e-05,
      7.788732909830287e-05,
      7.572202594019473e-05,
      7.400650792988017e-05,
      7.245469168992713e-05,
      7.087488484103233e-05,
      6.918557483004406e-05,
      6.741174729540944e-05,
      6.564697832800448e-05,
      6.398562254616991e-05,
      6.248430872801691e-05,
      6.119441241025925e-05,
      6.0226280766073614e-05,
      5.9751349908765405e-05,
      5.989509372739121e-05,
      6.059290171833709e-05,
      6.155374285299331e-05,
      6.240174843696877e-05,
      6.289830344030634e-05,
      6.307208968792111e-05,
      6.316087819868699e-05,
      6.343072891468182e-05,
      6.402244616765529e-05,
      6.492537795566022e-05,
      6.60523510305211e-05,
      6.733673217240721e-05,
      6.87942374497652e-05,
      7.052900764392689e-05,
      7.26846483303234e-05,
      7.53674830775708e-05,
      7.858196477172896e-05,
      8.22148795123212e-05,
      8.605875336797908e-05,
      8.983661246020347e-05,
      9.32233888306655e-05,
      9.591766865924001e-05,
      9.781220433069393e-05,
      9.923126344801858e-05,
      0.00010107114212587476,
      0.00010462235513841733,
      0.0001110220473492518,
      0.00012061079178238288,
      0.0001327018835581839,
      0.00014611956430599093,
      0.00016016510198824108,
      0.0001748150389175862,
      0.00018924163305200636,
      0.000199688074644655,
      0.00019959484052378684,
      0.00018458302656654269,
      0.00016411741671618074,
      0.00019303195585962385,
      0.0005747241084463894,
      0.0033809521701186895,
      0.007776473183184862,
      0.006141121499240398,
      0.004348134156316519,
      0.003262660698965192,
      0.0022151025477796793,
      0.0015166226075962186,
      0.0015538685256615281,
      0.0016256533563137054,
      0.0016446311492472887,
      0.0016246993327513337,
      0.0015709421131759882,
      0.0014843723038211465,
      0.0013792570680379868,
      0.0012697932543233037,
      0.0011660640593618155,
      0.0010735838441178203,
      0.0009945889469236135,
      0.0009291020105592906,
      0.0008755686576478183,
      0.0008310643606819212,
      0.0007917964830994606,
      0.0007540452643297613,
      0.0007151460740715265,
      0.0006740044918842614,
      0.0006310074240900576,
      0.0005875936476513743,
      0.0005458167288452387,
      0.0005079084075987339,
      0.0004755342088174075,
      0.00044864704250358045,
      0.00042464188300073147,
      0.0003990221593994647,
      0.00036814992199651897,
      0.0003327192971482873,
      0.0002986228500958532,
      0.000272389646852389,
      0.0002528512559365481,
      0.00022716379316989332,
      0.0001818700839066878,
      0.0001265865721506998,
      9.537946607451886e-05,
      8.310534030897543e-05,
      3.386113894521259e-05,
      3.3719843486323953e-06,
      2.0914139895467088e-06,
      3.695697046168789e-07,
      3.2508069125469774e-08,
      2.4107750462576405e-08,
      2.079376848485026e-08,
      5.6758533872880435e-08,
      1.159500087055676e-07,
      2.3203288890272233e-07,
      4.324350300066726e-07,
      7.181152454904804e-07,
      1.0707273077059654e-06,
      1.4652513300461578e-06,
      1.8785227666739956e-06,
      2.294419800819014e-06,
      2.7034361664846074e-06,
      3.100412868661806e-06,
      3.482759893813636e-06,
      3.849324912152952e-06,
      4.199808699922869e-06,
      4.5343831516220234e-06,
      4.853491645917529e-06,
      5.157720352144679e-06,
      5.447742296382785e-06,
      5.724266429751879e-06,
      5.987977601762395e-06,
      6.239577942324104e-06,
      6.4797377490322106e-06,
      6.709099125146167e-06,
      6.928267794137355e-06,
      7.13781673766789e-06,
      7.3382898335694335e-06,
      7.530191396654118e-06,
      7.71400209487183e-06,
      7.890163942647632e-06,
      8.059098036028445e-06,
      8.22119545773603e-06,
      8.376821824640501e-06,
      8.52632183523383e-06,
      8.67001563165104e-06,
      8.808200618659612e-06,
      8.9411614681012e-06,
      9.069160114449915e-06,
      9.19244484975934e-06,
      9.255212717107497e-06,
      9.68842414295068e-06,
      9.804655746847857e-06,
      7.40318637326709e-06
    ],