{
  "model_name": "./PINO/Baseline/P2P/5_frame/Results_planar_PINO_finite_difference_0.01_resloss_0.1_icloss_0.1_bcloss_0.0_wloss_mse_eval_0.55_D_5_frames_30_10_2025-19_32",
  "timesteps": [
    0,
    1
  ],
  "rmse": {
    "Voltage": [
      0.13260264694690704,
      0.10337730497121811,
      0.09295856952667236,
      0.08037948608398438,
      0.07440467178821564,
      0.05693550407886505,
      0.048661552369594574,
      0.046245645731687546,
      0.045804042369127274,
      0.045061491429805756,
      0.043422918766736984,
      0.0411820188164711,
      0.03894348815083504,
      0.03726094588637352,
      0.03640099987387657,
      0.036261823028326035,
      0.036475084722042084,
      0.03660091012716293,
      0.03628484532237053,
      0.035334739834070206,
      0.033749960362911224,
      0.031718555837869644,
      0.029572246596217155,
      0.02768407203257084,
      0.026316922158002853,
      0.02549958974123001,
      0.025056470185518265,
      0.024782603606581688,
      0.02461550012230873,
      0.024641921743750572,
      0.02480454556643963,
      0.02436293102800846,
      0.02173919975757599,
      0.01678323559463024,
      0.016182485967874527,
      0.01925138756632805,
      0.01875058189034462,
      0.01667650230228901,
      0.015362323261797428,
      0.014385894872248173,
      0.012818961404263973,
      0.011061269789934158,
      0.009918536059558392,
      0.00951208733022213,
      0.009546239860355854,
      0.009693335741758347,
      0.009747462347149849,
      0.00964741874486208,
      0.009439812041819096,
      0.00920185074210167,
      0.008990040048956871,
      0.00882537942379713,
      0.008701840415596962,
      0.008602703921496868,
      0.008512032218277454,
      0.008418722078204155,
      0.008317786268889904,
      0.00821046531200409,
      0.00810228195041418,
      0.007999101653695107,
      0.007904701866209507,
      0.00782268587499857,
      0.00776055920869112,
      0.007729899603873491,
      0.007739191874861717,
      0.0077841440215706825,
      0.007845619693398476,
      0.007899478077888489,
      0.007930845022201538,
      0.007941793650388718,
      0.00794738158583641,
      0.007964340969920158,
      0.008001402951776981,
      0.008057628758251667,
      0.008127260021865368,
      0.008205896243453026,
      0.00829422939568758,
      0.008398154750466347,
      0.008525528945028782,
      0.008681444451212883,
      0.008864646777510643,
      0.009067242033779621,
      0.009276785887777805,
      0.009478217922151089,
      0.009655226022005081,
      0.009793756529688835,
      0.009890004992485046,
      0.009961488656699657,
      0.010053414851427078,
      0.010228507220745087,
      0.01053670048713684,
      0.01098229456692934,
      0.011519630439579487,
      0.012087992392480373,
      0.012655635364353657,
      0.013221764005720615,
      0.01375651266425848,
      0.014131102710962296,
      0.014127803966403008,
      0.0135861337184906,
      0.012810831889510155,
      0.013893594034016132,
      0.023973403498530388,
      0.058145955204963684,
      0.08818431198596954,
      0.07836531102657318,
      0.06594038009643555,
      0.0571197047829628,
      0.047064874321222305,
      0.03894383832812309,
      0.03941914066672325,
      0.04031939059495926,
      0.04055405035614967,
      0.040307559072971344,
      0.03963511064648628,
      0.03852755203843117,
      0.03713835030794144,
      0.03563416004180908,
      0.034147679805755615,
      0.03276558965444565,
      0.03153710439801216,
      0.03048117458820343,
      0.029590008780360222,
      0.02882818691432476,
      0.02813887782394886,
      0.0274598840624094,
      0.02674221433699131,
      0.02596159651875496,
      0.025119861587882042,
      0.02424033172428608,
      0.023362720385193825,
      0.02253682352602482,
      0.0218067467212677,
      0.021181289106607437,
      0.020606840029358864,
      0.019975539296865463,
      0.019187232479453087,
      0.01824059523642063,
      0.017280707135796547,
      0.016504231840372086,
      0.015901297330856323,
      0.015071953646838665,
      0.013485921546816826,
      0.011251069605350494,
      0.009766241535544395,
      0.009116212837398052,
      0.005819032434374094,
      0.0018362964037805796,
      0.0014461721293628216,
      0.0006079224403947592,
      0.00018029994680546224,
      0.00015526670904364437,
      0.00014420044317375869,
      0.00023824049276299775,
      0.00034051432157866657,
      0.0004816979344468564,
      0.0006575979059562087,
      0.0008474168134853244,
      0.0010347595671191812,
      0.0012104756897315383,
      0.0013705921592190862,
      0.0015147342346608639,
      0.0016442129854112864,
      0.0017607989721000195,
      0.0018662153743207455,
      0.0019619695376604795,
      0.00204934342764318,
      0.002129408996552229,
      0.002203064039349556,
      0.0022710615303367376,
      0.002334039891138673,
      0.0023925439454615116,
      0.002447034465149045,
      0.0024979147128760815,
      0.0025455330032855272,
      0.002590192947536707,
      0.0026321602053940296,
      0.0026716692373156548,
      0.0027089277282357216,
      0.002744119381532073,
      0.0027774092741310596,
      0.002808943623676896,
      0.002838855143636465,
      0.0028672628104686737,
      0.0028942739591002464,
      0.0029199866112321615,
      0.002944489009678364,
      0.00296786124818027,
      0.0029901775997132063,
      0.003011504653841257,
      0.003031904576346278,
      0.0030422380659729242,
      0.00311262346804142,
      0.003131238743662834,
      0.0027208796236664057
    ],