{
  "model_name": "./PINO_reladapt/Baseline/Rollout/1_frame/Results_centrifugal_PINO_finite_difference_0.01_resloss_0.1_icloss_0.1_bcloss_0.0_wloss_mse_eval_0.55_D_1_frames_31_10_2025-20_30",
  "timesteps": [
    0,
    1
  ],
  "mse": {
    "Voltage": [
      0.0,
      0.05765577778220177,
      0.05748031288385391,
      0.05975020304322243,
      0.06269718706607819,
      0.06596314907073975,
      0.06943423300981522,
      0.07306279987096786,
      0.07682378590106964,
      0.08070044219493866,
      0.08467923104763031,
      0.08874788135290146,
      0.0928947851061821,
      0.09710900485515594,
      0.10138034075498581,
      0.10569948703050613,
      0.11005785316228867,
      0.11444757133722305,
      0.11886101216077805,
      0.12329041212797165,
      0.12772731482982635,
      0.1321621835231781,
      0.13658376038074493,
      0.14097876846790314,
      0.14533144235610962,
      0.14962315559387207,
      0.15383213758468628,
      0.15793286263942719,
      0.16189543902873993,
      0.16568470001220703,
      0.16925878822803497,
      0.17256738245487213,
      0.17554891109466553,
      0.17812757194042206,
      0.18020956218242645,
      0.181681290268898,
      0.18241573870182037,
      0.18230414390563965,
      0.1813393086194992,
      0.17973698675632477,
      0.17792920768260956,
      0.17629705369472504,
      0.17509905993938446,
      0.17487049102783203,
      0.1764996498823166,
      0.17999905347824097,
      0.18418321013450623,
      0.18839974701404572,
      0.19259020686149597,
      0.19678956270217896,
      0.20101772248744965,
      0.20528174936771393,
      0.20958346128463745,
      0.21392309665679932,
      0.21830090880393982,
      0.22271765768527985,
      0.22717446088790894,
      0.23167257010936737,
      0.23621319234371185,
      0.24079684913158417,
      0.24542340636253357,
      0.2500922381877899,
      0.2548021078109741,
      0.25955185294151306,
      0.26434025168418884,
      0.2691667079925537,
      0.27403077483177185,
      0.2789324223995209,
      0.283871054649353,
      0.2888450622558594,
      0.29385077953338623,
      0.2988820970058441,
      0.30393049120903015,
      0.3089865744113922,
      0.3140415549278259,
      0.319088876247406,
      0.32412514090538025,
      0.3291500508785248,
      0.33416619896888733,
      0.3391796350479126,
      0.344209223985672,
      0.34936362504959106,
      0.3553314507007599,
      0.36349061131477356,
      0.36969485878944397,
      0.37291333079338074,
      0.37447211146354675,
      0.3749252259731293,
      0.37452754378318787,
      0.3734101951122284,
      0.371664434671402,
      0.369364857673645,
      0.36656737327575684,
      0.3633109927177429,
      0.35962629318237305,
      0.3555409610271454,
      0.35107871890068054,
      0.3462570011615753,
      0.34108787775039673,
      0.335580974817276,
      0.3297474980354309,
      0.32360199093818665,
      0.31716132164001465,
      0.31044167280197144,
      0.303455650806427,
      0.2962116003036499,
      0.288715124130249,
      0.2809723913669586,
      0.27299314737319946,
      0.26479241251945496,
      0.25638988614082336,
      0.24780704081058502,
      0.23906347155570984,
      0.2301761358976364,
      0.22116120159626007,
      0.21203690767288208,
      0.20282472670078278,
      0.1935487538576126,
      0.18423400819301605,
      0.17491090297698975,
      0.16563211381435394,
      0.1561061292886734,
      0.14643137156963348,
      0.1370193213224411,
      0.12824894487857819,
      0.12032019346952438,
      0.11304222792387009,
      0.10624133795499802,
      0.09983819723129272,
      0.09378645569086075,
      0.08805090188980103,
      0.08260379731655121,
      0.07742275297641754,
      0.07248876988887787,
      0.06778594106435776,
      0.06330154091119766,
      0.05902554839849472,
      0.054949551820755005,
      0.05106557160615921,
      0.04736553132534027,
      0.043841395527124405,
      0.040485795587301254,
      0.03729251027107239,
      0.03425656631588936,
      0.03137384355068207,
      0.028640517964959145,
      0.02605263516306877,
      0.023606114089488983,
      0.021296942606568336,
      0.019121387973427773,
      0.017076052725315094,
      0.015157797373831272,
      0.013363560661673546,
      0.011690068058669567,
      0.010133666917681694,
      0.008690559305250645,
      0.007357747294008732,
      0.006135083269327879,
      0.005028754938393831,
      0.004055591765791178,
      0.0032441949006170034,
      0.0026235191617161036,
      0.0021969967056065798,
      0.0019369467627257109,
      0.001820450066588819,
      0.0018368138698861003,
      0.0019301989814266562,
      0.002046287292614579,
      0.0021762277465313673,
      0.0023205142933875322,
      0.0024792689364403486,
      0.0026525261346250772,
      0.002840434666723013,
      0.003043214324861765,
      0.003261113539338112,
      0.003494414733722806,
      0.0037434687837958336,
      0.004008742049336433,
      0.004290842451155186,
      0.00459048617631197,
      0.004908337257802486,
      0.005244623403996229,
      0.0055984738282859325,
      0.005967136938124895,
      0.006345393136143684,
      0.006725567393004894,
      0.007098350208252668,
      0.007454313803464174,
      0.00778555404394865,
      0.008086721412837505,
      0.008355052210390568,
      0.008589980192482471,
      0.008792879059910774,
      0.00896685104817152,
      0.009116126224398613,
      0.009245078079402447,
      0.009357322007417679,
      0.009455307386815548,
      0.009540519677102566,
      0.009614012204110622
    ],