{
  "model_name": "./PINO_reladapt/Baseline/Rollout/1_frame/Results_centrifugal_PINO_finite_difference_0.01_resloss_0.1_icloss_0.1_bcloss_0.0_wloss_mse_eval_0.55_D_1_frames_31_10_2025-20_30",
  "timesteps": [
    0,
    1
  ],
  "rmse": {
    "Voltage": [
      0.0,
      0.2401161789894104,
      0.23975051939487457,
      0.2444385439157486,
      0.2503940761089325,
      0.25683292746543884,
      0.263503760099411,
      0.27030131220817566,
      0.2771710455417633,
      0.2840782403945923,
      0.2909969687461853,
      0.297905832529068,
      0.30478644371032715,
      0.3116231858730316,
      0.31840279698371887,
      0.32511457800865173,
      0.33174967765808105,
      0.33830100297927856,
      0.34476226568222046,
      0.35112735629081726,
      0.35738956928253174,
      0.3635411858558655,
      0.36957240104675293,
      0.3754713833332062,
      0.3812236189842224,
      0.3868115246295929,
      0.39221441745758057,
      0.3974076807498932,
      0.40236231684684753,
      0.40704384446144104,
      0.41141071915626526,
      0.4154123067855835,
      0.4189855754375458,
      0.4220516085624695,
      0.4245109558105469,
      0.4262408912181854,
      0.4271015524864197,
      0.426970899105072,
      0.42583954334259033,
      0.42395398020744324,
      0.42181655764579773,
      0.41987743973731995,
      0.41844838857650757,
      0.41817519068717957,
      0.4201186001300812,
      0.4242629408836365,
      0.42916572093963623,
      0.43405041098594666,
      0.438850998878479,
      0.44360968470573425,
      0.4483500123023987,
      0.45308029651641846,
      0.4578028619289398,
      0.46251821517944336,
      0.4672268331050873,
      0.47192972898483276,
      0.47662821412086487,
      0.481323778629303,
      0.4860176742076874,
      0.4907105565071106,
      0.4954022765159607,
      0.5000922083854675,
      0.5047792792320251,
      0.509462296962738,
      0.5141403079032898,
      0.5188127756118774,
      0.5234794616699219,
      0.5281405448913574,
      0.5327954888343811,
      0.5374431014060974,
      0.5420800447463989,
      0.5467011332511902,
      0.5512989163398743,
      0.5558655858039856,
      0.5603941082954407,
      0.5648795366287231,
      0.5693199038505554,
      0.5737159848213196,
      0.578071117401123,
      0.5823913216590881,
      0.5866934657096863,
      0.5910698771476746,
      0.5960968732833862,
      0.602901816368103,
      0.6080253720283508,
      0.6106662750244141,
      0.6119412779808044,
      0.6123113632202148,
      0.6119865775108337,
      0.6110729575157166,
      0.6096428632736206,
      0.6077539324760437,
      0.6054480671882629,
      0.6027528643608093,
      0.5996884703636169,
      0.5962725281715393,
      0.5925189852714539,
      0.5884360671043396,
      0.5840272903442383,
      0.5792934894561768,
      0.5742364525794983,
      0.5688602328300476,
      0.5631707906723022,
      0.557172954082489,
      0.5508680939674377,
      0.5442532300949097,
      0.5373221635818481,
      0.5300682783126831,
      0.522487461566925,
      0.5145798325538635,
      0.5063495635986328,
      0.497802197933197,
      0.48894116282463074,
      0.47976675629615784,
      0.4702777862548828,
      0.4604746401309967,
      0.45036065578460693,
      0.43994176387786865,
      0.4292248785495758,
      0.41822350025177,
      0.4069792628288269,
      0.39510267972946167,
      0.3826635181903839,
      0.3701612055301666,
      0.35811862349510193,
      0.3468720018863678,
      0.3362175226211548,
      0.3259468376636505,
      0.31597182154655457,
      0.30624574422836304,
      0.2967337369918823,
      0.2874087691307068,
      0.27824944257736206,
      0.2692373991012573,
      0.2603573203086853,
      0.25159797072410583,
      0.24295173585414886,
      0.23441320657730103,
      0.22597692906856537,
      0.21763624250888824,
      0.20938336849212646,
      0.20121082663536072,
      0.19311268627643585,
      0.18508529663085938,
      0.17712663114070892,
      0.16923509538173676,
      0.16140829026699066,
      0.15364281833171844,
      0.14593471586704254,
      0.13828010857105255,
      0.13067537546157837,
      0.12311700731515884,
      0.11560086905956268,
      0.1081206202507019,
      0.1006661131978035,
      0.09322316944599152,
      0.08577731251716614,
      0.0783267691731453,
      0.07091371715068817,
      0.06368352472782135,
      0.05695783346891403,
      0.051220301538705826,
      0.046872131526470184,
      0.04401075839996338,
      0.042666733264923096,
      0.0428580678999424,
      0.04393402859568596,
      0.045235905796289444,
      0.046650055795907974,
      0.048171717673540115,
      0.04979225620627403,
      0.05150268226861954,
      0.05329572781920433,
      0.05516533553600311,
      0.05710615962743759,
      0.05911357328295708,
      0.06118389219045639,
      0.06331462413072586,
      0.0655045211315155,
      0.0677531287074089,
      0.07005952298641205,
      0.07241977006196976,
      0.07482294738292694,
      0.0772472470998764,
      0.07965797930955887,
      0.08200955390930176,
      0.08425170928239822,
      0.08633837103843689,
      0.08823578804731369,
      0.08992619812488556,
      0.0914059728384018,
      0.09268214553594589,
      0.0937703549861908,
      0.09469345957040787,
      0.09547840803861618,
      0.09615132957696915,
      0.09673324972391129,
      0.09723840653896332,
      0.09767558425664902,
      0.09805107116699219
    ],