{
  "model_name": "./PINO/Baseline/P2P/1_frame/Results_stable_PINO_finite_difference_0.01_resloss_0.1_icloss_0.1_bcloss_0.0_wloss_mse_eval_0.55_D_1_frames_30_10_2025-19_32",
  "timesteps": [
    0,
    1
  ],
  "mse": {
    "Voltage": [
      3.163778819725849e-05,
      1.8665064999368042e-05,
      1.776258613972459e-05,
      2.06727327167755e-05,
      5.342569056665525e-05,
      4.089764479431324e-05,
      3.387773176655173e-05,
      2.696494266274385e-05,
      2.327431684534531e-05,
      2.2114330931799486e-05,
      2.165440673707053e-05,
      2.1275605831760913e-05,
      2.0995415979996324e-05,
      1.958385473699309e-05,
      2.02728060685331e-05,
      1.5643037841073237e-05,
      1.4502542398986407e-05,
      1.5003789485490415e-05,
      2.62509875028627e-05,
      2.1412472051451914e-05,
      2.096719981636852e-05,
      2.1066505723865703e-05,
      1.9609778973972425e-05,
      1.7180700524477288e-05,
      1.574911038915161e-05,
      1.584716301294975e-05,
      1.4671483768324833e-05,
      2.1168447347008623e-05,
      1.057824647432426e-05,
      9.236174264515284e-06,
      8.105118467938155e-06,
      7.3506985245330725e-06,
      6.784208835597383e-06,
      6.447201030823635e-06,
      6.335661964840256e-06,
      6.221179774001939e-06,
      5.963446255918825e-06,
      5.749655429099221e-06,
      5.964491720078513e-06,
      6.804241820645984e-06,
      8.084238288574852e-06,
      8.944513865571935e-06,
      9.153824976237956e-06,
      9.384506483911537e-06,
      8.23380469228141e-06,
      7.116275810403749e-06,
      6.409133675333578e-06,
      5.754775884270202e-06,
      5.576016064878786e-06,
      5.271736881695688e-06,
      4.622354481398361e-06,
      4.198263468424557e-06,
      3.934939741156995e-06,
      3.7499683003261453e-06,
      3.5516925436240854e-06,
      3.3648861972324084e-06,
      3.1448571462533437e-06,
      2.871570586648886e-06,
      3.0086098377068993e-06,
      2.976300038426416e-06,
      2.8231036139914067e-06,
      2.7610901724983705e-06,
      2.4860880785126938e-06,
      2.487104893589276e-06,
      2.51854294219811e-06,
      2.789103291434003e-06,
      3.2600346457911655e-06,
      3.842227215500316e-06,
      4.336699475970818e-06,
      5.610016160062514e-06,
      9.931323802447878e-06,
      1.1743456525437068e-05,
      4.669095142162405e-05,
      4.8515983507968485e-05,
      3.242993261665106e-05,
      1.4874458429403603e-05,
      1.0913781807175837e-05,
      9.59242333919974e-06,
      9.644078090786934e-06,
      1.1093757166236173e-05,
      1.3282651707413606e-05,
      1.4749602087249514e-05,
      2.2390579033526592e-05,
      2.601406413305085e-05,
      1.6658279491821304e-05,
      1.3225697330199182e-05,
      1.0681425919756293e-05,
      8.908491508918814e-06,
      7.605646715092007e-06,
      6.497054982901318e-06,
      5.924001925450284e-06,
      6.05772629569401e-06,
      6.748079158569453e-06,
      7.583602382510435e-06,
      9.078156836039852e-06,
      1.3167946235626005e-05,
      1.922017145261634e-05,
      5.4225583880906925e-05,
      4.477504626265727e-05,
      3.849648419418372e-05,
      3.3762757084332407e-05,
      3.115473737125285e-05,
      2.3597067411174066e-05,
      1.8426055248710327e-05,
      1.7915486751007847e-05,
      1.7563359506311826e-05,
      2.4410357582382858e-05,
      2.0596366084646434e-05,
      1.5136782167246565e-05,
      1.4161612853058614e-05,
      1.3528018826036714e-05,
      1.2942022294737399e-05,
      1.1544990229594987e-05,
      1.3308137567946687e-05,
      1.32888553707744e-05,
      1.2817912647733465e-05,
      7.4216809480276424e-06,
      6.36258073427598e-06,
      5.515571501746308e-06,
      4.88629257233697e-06,
      4.486382294999203e-06,
      4.350039944256423e-06,
      4.60826231574174e-06,
      5.387300461734412e-06,
      7.515271590818884e-06,
      9.663018317951355e-06,
      9.220278116117697e-06,
      7.956587069202214e-06,
      6.183254299685359e-06,
      5.243176929070614e-06,
      4.974948296876391e-06,
      4.477346465137089e-06,
      3.89892011298798e-06,
      3.4916388358396944e-06,
      3.3020787668647245e-06,
      3.2820942124089925e-06,
      3.236843667764333e-06,
      2.9781563171127345e-06,
      2.580045929789776e-06,
      2.421207682345994e-06,
      2.436422619211953e-06,
      2.5599006221455056e-06,
      2.6308784981665667e-06,
      2.746866812231019e-06,
      2.8087767987017287e-06,
      2.4045793907134794e-06,
      2.3161223907663953e-06,
      2.36733148994972e-06,
      2.435842361592222e-06,
      2.547697249610792e-06,
      2.7682319796440424e-06,
      3.4338327168370597e-06,
      5.047214926889865e-06,
      7.632522283529397e-06,
      3.576116796466522e-05,
      8.607854397268966e-05,
      6.136004230938852e-05,
      2.5534574888297357e-05,
      2.742123069765512e-05,
      3.826882311841473e-05,
      5.05141906614881e-05,
      6.079860759200528e-05,
      6.876097904751077e-05,
      7.593360351165757e-05,
      8.326031093019992e-05,
      8.95614575711079e-05,
      9.527193469693884e-05,
      0.00010893947910517454,
      0.00013591251627076417,
      0.0001547795836813748,
      0.0001726056361803785,
      0.0001882962678791955,
      0.00017393006419297308,
      0.00016750977374613285,
      0.0001633812062209472,
      0.0001602511474629864,
      0.00015824531146790832,
      0.0001563959667691961,
      0.00015459042333532125,
      0.00015095120761543512,
      0.00014444086991716176,
      0.00014126364840194583,
      0.00015900284051895142,
      0.0002170034422306344,
      0.00019518118642736226,
      0.00016629107994958758,
      0.0001530047011328861,
      0.00014723732601851225,
      0.00013625802239403129,
      0.00012035984400426969,
      0.00010264523734804243,
      9.097429574467242e-05,
      9.262825187761337e-05,
      0.000111390370875597,
      8.887214062269777e-05,
      8.681568579049781e-05,
      8.3115381130483e-05,
      8.168847853085026e-05,
      9.404303273186088e-05
    ],