{
  "model_name": "./FNO_New/Baseline/Rollout/5_frame/Results_stable_Data_Only_mse_5_frames_31_10_2025-17_57",
  "timesteps": [
    0,
    1
  ],
  "mse": {
    "Voltage": [
      0.0,
      0.0,
      0.0,
      0.0,
      0.0,
      0.00832586269825697,
      0.008623119443655014,
      0.009205501526594162,
      0.009202271699905396,
      0.00950696412473917,
      0.009823174215853214,
      0.00933858472853899,
      0.008642585016787052,
      0.008169910870492458,
      0.008063770830631256,
      0.008195427246391773,
      0.007570367306470871,
      0.006339493673294783,
      0.005152776371687651,
      0.00721367821097374,
      0.006707282271236181,
      0.00648814532905817,
      0.0057522933930158615,
      0.00601587351411581,
      0.007575344759970903,
      0.005869284737855196,
      0.0061670998111367226,
      0.00523305032402277,
      0.006132013164460659,
      0.006556682288646698,
      0.005465974099934101,
      0.005785339046269655,
      0.005197739228606224,
      0.006461240816861391,
      0.006573830731213093,
      0.006303117610514164,
      0.006536367814987898,
      0.006059729959815741,
      0.007018255069851875,
      0.006708872504532337,
      0.007232752628624439,
      0.007346451748162508,
      0.00725141353905201,
      0.008472707122564316,
      0.008088218979537487,
      0.00876977201551199,
      0.008348665200173855,
      0.008339060470461845,
      0.008822483010590076,
      0.008508941158652306,
      0.008841406553983688,
      0.008728092536330223,
      0.008866511285305023,
      0.009013636037707329,
      0.00882629118859768,
      0.009478580206632614,
      0.00945176463574171,
      0.009427580051124096,
      0.010408567264676094,
      0.009973736479878426,
      0.011056467890739441,
      0.010944447480142117,
      0.011021343059837818,
      0.012224211357533932,
      0.011971889063715935,
      0.012904925271868706,
      0.013124343007802963,
      0.013353829272091389,
      0.014869936741888523,
      0.014072318561375141,
      0.015165995806455612,
      0.015743520110845566,
      0.016265440732240677,
      0.01776217296719551,
      0.018395714461803436,
      0.02132374420762062,
      0.02118603326380253,
      0.020976481959223747,
      0.020120181143283844,
      0.02153153531253338,
      0.021569643169641495,
      0.022983193397521973,
      0.0242028646171093,
      0.024064678698778152,
      0.026617828756570816,
      0.023798039183020592,
      0.02658083103597164,
      0.02723018452525139,
      0.027437733486294746,
      0.02846984565258026,
      0.02578173764050007,
      0.02920721471309662,
      0.02964489348232746,
      0.030130160972476006,
      0.03072352707386017,
      0.026522692292928696,
      0.030531272292137146,
      0.03003503382205963,
      0.03127683326601982,
      0.034473717212677,
      0.03150206804275513,
      0.03656736761331558,
      0.034459102898836136,
      0.033197417855262756,
      0.03445382043719292,
      0.03218424320220947,
      0.03325312212109566,
      0.03073374554514885,
      0.030547751113772392,
      0.03022291511297226,
      0.029810255393385887,
      0.0306254792958498,
      0.030100837349891663,
      0.032226912677288055,
      0.03247580677270889,
      0.030634693801403046,
      0.0318216010928154,
      0.031241167336702347,
      0.03470015898346901,
      0.033847879618406296,
      0.03202544525265694,
      0.033131036907434464,
      0.03331122174859047,
      0.03700549900531769,
      0.03555243834853172,
      0.034061744809150696,
      0.035560671240091324,
      0.03615540266036987,
      0.03971906378865242,
      0.0392790287733078,
      0.03657301142811775,
      0.03713192790746689,
      0.036730844527482986,
      0.03813159093260765,
      0.036584217101335526,
      0.034108053892850876,
      0.03426535427570343,
      0.03444273769855499,
      0.03557532653212547,
      0.034814342856407166,
      0.03342573344707489,
      0.03343275189399719,
      0.03442695736885071,
      0.035994455218315125,
      0.03527958691120148,
      0.03483566641807556,
      0.035172488540410995,
      0.036476023495197296,
      0.03836609795689583,
      0.03810182958841324,
      0.037214551120996475,
      0.03845871239900589,
      0.040204472839832306,
      0.04313373565673828,
      0.0429120697081089,
      0.043113600462675095,
      0.047079797834157944,
      0.04946975037455559,
      0.05074240639805794,
      0.048364702612161636,
      0.04787101969122887,
      0.04737178981304169,
      0.04631401598453522,
      0.04511461779475212,
      0.046304989606142044,
      0.04567793384194374,
      0.047806691378355026,
      0.04902966320514679,
      0.049506839364767075,
      0.05347051844000816,
      0.048932094126939774,
      0.05422450229525566,
      0.055463168770074844,
      0.05499880760908127,
      0.05669016018509865,
      0.05297240614891052,
      0.05936018005013466,
      0.060250554233789444,
      0.05991499498486519,
      0.06018177047371864,
      0.05564830079674721,
      0.06246967613697052,
      0.06093352288007736,
      0.061175987124443054,
      0.06429530680179596,
      0.06205891817808151,
      0.07129080593585968,
      0.06805900484323502,
      0.06431671977043152,
      0.06334485113620758,
      0.059401702135801315,
      0.062450021505355835,
      0.05553526431322098,
      0.05273846536874771,
      0.05255227908492088,
      0.05166955292224884,
      0.052314069122076035,
      0.05029722675681114,
      0.05066894367337227,
      0.05127134919166565
    ],