{
  "model_name": "./FNO_New/Baseline/Rollout/5_frame/Results_stable_Data_Only_mse_5_frames_31_10_2025-17_57",
  "timesteps": [
    0,
    1
  ],
  "rmse": {
    "Voltage": [
      0.0,
      0.0,
      0.0,
      0.0,
      0.0,
      0.09124616533517838,
      0.09286075085401535,
      0.09594530612230301,
      0.09592847526073456,
      0.097503662109375,
      0.09911192953586578,
      0.09663635492324829,
      0.0929655060172081,
      0.09038756042718887,
      0.08979850262403488,
      0.09052859991788864,
      0.08700785785913467,
      0.07962093502283096,
      0.07178284227848053,
      0.08493337780237198,
      0.08189799636602402,
      0.08054902404546738,
      0.07584387809038162,
      0.07756206393241882,
      0.08703645318746567,
      0.07661125808954239,
      0.07853088527917862,
      0.07233982533216476,
      0.07830717414617538,
      0.08097334206104279,
      0.0739322230219841,
      0.07606141269207001,
      0.0720953494310379,
      0.080381840467453,
      0.0810791626572609,
      0.07939217239618301,
      0.08084780722856522,
      0.07784426957368851,
      0.08377502858638763,
      0.08190770447254181,
      0.08504559099674225,
      0.08571144193410873,
      0.08515523374080658,
      0.0920473113656044,
      0.08993452787399292,
      0.0936470627784729,
      0.09137102961540222,
      0.09131845831871033,
      0.09392807632684708,
      0.09224392473697662,
      0.09402875602245331,
      0.09342426061630249,
      0.09416215121746063,
      0.0949401706457138,
      0.09394834190607071,
      0.09735800325870514,
      0.09722018986940384,
      0.09709572792053223,
      0.10202238708734512,
      0.09986859560012817,
      0.10514973849058151,
      0.1046157106757164,
      0.10498258471488953,
      0.11056315898895264,
      0.10941612720489502,
      0.11359984427690506,
      0.114561527967453,
      0.11555877327919006,
      0.12194234877824783,
      0.11862680315971375,
      0.1231502965092659,
      0.12547318637371063,
      0.12753604352474213,
      0.13327480852603912,
      0.135630801320076,
      0.14602652192115784,
      0.14555422961711884,
      0.14483259618282318,
      0.14184562861919403,
      0.146736279129982,
      0.1468660682439804,
      0.15160208940505981,
      0.15557269752025604,
      0.15512794256210327,
      0.16314971446990967,
      0.1542661339044571,
      0.1630362868309021,
      0.16501571238040924,
      0.16564339399337769,
      0.16873009502887726,
      0.16056692600250244,
      0.17090117931365967,
      0.17217692732810974,
      0.17358042299747467,
      0.17528128623962402,
      0.16285789012908936,
      0.1747319996356964,
      0.1733061820268631,
      0.17685256898403168,
      0.18567098677158356,
      0.17748822271823883,
      0.19122596085071564,
      0.1856316328048706,
      0.1822015792131424,
      0.18561740219593048,
      0.17939966917037964,
      0.1823543906211853,
      0.1753104329109192,
      0.17477914690971375,
      0.17384739220142365,
      0.17265646159648895,
      0.1750013679265976,
      0.17349593341350555,
      0.17951855063438416,
      0.18021045625209808,
      0.17502769827842712,
      0.17838610708713531,
      0.17675171792507172,
      0.1862797886133194,
      0.18397793173789978,
      0.178956538438797,
      0.18201933801174164,
      0.18251362442970276,
      0.19236813485622406,
      0.18855354189872742,
      0.18455824255943298,
      0.1885753720998764,
      0.19014574587345123,
      0.19929641485214233,
      0.198189377784729,
      0.19124071300029755,
      0.1926964670419693,
      0.19165292382240295,
      0.19527311623096466,
      0.19127000868320465,
      0.1846836656332016,
      0.18510903418064117,
      0.185587540268898,
      0.18861421942710876,
      0.18658602237701416,
      0.18282705545425415,
      0.18284624814987183,
      0.18554502725601196,
      0.18972204625606537,
      0.18782861530780792,
      0.18664315342903137,
      0.18754330277442932,
      0.1909869760274887,
      0.19587266445159912,
      0.19519689679145813,
      0.19291073083877563,
      0.19610893726348877,
      0.20051053166389465,
      0.2076866328716278,
      0.20715229213237762,
      0.20763814449310303,
      0.2169787883758545,
      0.22241796553134918,
      0.22526074945926666,
      0.21991977095603943,
      0.21879446506500244,
      0.2176506072282791,
      0.21520692110061646,
      0.21240201592445374,
      0.21518594026565552,
      0.21372397243976593,
      0.21864742040634155,
      0.22142642736434937,
      0.22250132262706757,
      0.23123693466186523,
      0.22120599448680878,
      0.23286154866218567,
      0.23550619184970856,
      0.23451824486255646,
      0.2380969524383545,
      0.23015734553337097,
      0.24363945424556732,
      0.2454598844051361,
      0.24477539956569672,
      0.24531972408294678,
      0.2358989268541336,
      0.24993935227394104,
      0.24684716761112213,
      0.24733780324459076,
      0.2535651922225952,
      0.24911627173423767,
      0.2670033872127533,
      0.2608812153339386,
      0.2536074221134186,
      0.2516840398311615,
      0.24372464418411255,
      0.24990002810955048,
      0.23565921187400818,
      0.22964857518672943,
      0.22924283146858215,
      0.22730937600135803,
      0.2287226915359497,
      0.22427043318748474,
      0.2250976264476776,
      0.22643177211284637
    ],