{
  "phase": "",
  "net_training_time_sec": 18748.986974179745,
  "net_training_time_min": 312.48311623632907,
  "min_mse": 0.030489876866340637,
  "min_mse_epoch": 51,
  "min_rmse": 0.03484506905078888,
  "min_rmse_epoch": 51
}