{
  "phase": "",
  "net_training_time_sec": 23030.00616436638,
  "net_training_time_min": 383.833436072773,
  "min_mse": 0.0006179896299727261,
  "min_mse_epoch": 1201,
  "min_rmse": 0.004963582847267389,
  "min_rmse_epoch": 1201
}