{
  "phase": "",
  "net_training_time_sec": 24834.527928104624,
  "net_training_time_min": 413.9087988017437,
  "min_mse": 0.03365024924278259,
  "min_mse_epoch": 201,
  "min_rmse": 0.03650999441742897,
  "min_rmse_epoch": 201
}