{
  "model_name": "./PINO_reladapt/Baseline/Rollout/5_frame/Results_stable_PINO_finite_difference_0.01_resloss_0.1_icloss_0.1_bcloss_0.0_wloss_mse_eval_0.55_D_5_frames_31_10_2025-20_30",
  "timesteps": [
    0,
    1
  ],
  "mse": {
    "Voltage": [
      0.0,
      0.0,
      0.0,
      0.0,
      0.0,
      0.0002447111764922738,
      0.00018975355487782508,
      0.000275713944574818,
      0.0003176326281391084,
      0.0004421408229973167,
      8.825244731269777e-05,
      6.948699592612684e-05,
      8.876546053215861e-05,
      0.00011028380686184391,
      0.0001467424153815955,
      7.525251567130908e-05,
      6.320375541690737e-05,
      7.262094004545361e-05,
      7.03380283084698e-05,
      0.00011205508053535596,
      7.167315197875723e-05,
      5.236406286712736e-05,
      5.42254674655851e-05,
      5.959666668786667e-05,
      5.515461089089513e-05,
      4.392235859995708e-05,
      3.992247729911469e-05,
      4.773542968905531e-05,
      5.809080903418362e-05,
      4.4483116653282195e-05,
      3.584376463550143e-05,
      2.2348234779201448e-05,
      2.1910929717705585e-05,
      2.251719888590742e-05,
      2.3231739760376513e-05,
      2.7349491574568674e-05,
      1.8642265786183998e-05,
      1.814113238651771e-05,
      1.8006147001869977e-05,
      2.01255770662101e-05,
      2.2234691641642712e-05,
      1.843915379140526e-05,
      2.8384951292537153e-05,
      3.882257078657858e-05,
      4.097784039913677e-05,
      2.669131754373666e-05,
      1.73221378645394e-05,
      2.1388941604527645e-05,
      2.247340489702765e-05,
      1.8422222638037056e-05,
      1.7839491192717105e-05,
      1.561392673465889e-05,
      1.5894827811280265e-05,
      1.2869674719695468e-05,
      1.3365322956815362e-05,
      1.3147571735316887e-05,
      1.1865879059769213e-05,
      1.3563654647441581e-05,
      1.1475040992081631e-05,
      1.2652621990127955e-05,
      1.1481907677080017e-05,
      1.1367920706106815e-05,
      1.622754098207224e-05,
      1.3132818821759429e-05,
      1.2567996236612089e-05,
      9.34094987314893e-06,
      8.973706826509442e-06,
      1.4169799214869272e-05,
      1.553484980831854e-05,
      2.0935298380209133e-05,
      1.5426076060975902e-05,
      2.6613788577378727e-05,
      4.028718831250444e-05,
      7.035645103314891e-05,
      0.00010642148845363408,
      6.164413207443431e-05,
      5.2580398914869875e-05,
      4.655465454561636e-05,
      3.79344419343397e-05,
      4.176826769253239e-05,
      2.9415636163321324e-05,
      2.3644312022952363e-05,
      3.573952562874183e-05,
      4.3043179175583646e-05,
      7.433460268657655e-05,
      4.443117359187454e-05,
      2.8366524929879233e-05,
      2.816094820445869e-05,
      3.7766505556646734e-05,
      3.806635504588485e-05,
      2.8083697543479502e-05,
      2.5792583983275108e-05,
      2.331386713194661e-05,
      3.39389152941294e-05,
      4.110683948965743e-05,
      3.152711360598914e-05,
      4.1721104935277253e-05,
      4.832294871448539e-05,
      0.00010653306526364759,
      0.00016459677135571837,
      9.838587720878422e-05,
      9.158076863968745e-05,
      0.00011883750994456932,
      0.00015759437519591302,
      0.0001133236801251769,
      7.310260116355494e-05,
      6.037261482561007e-05,
      5.755760503234342e-05,
      8.374939352506772e-05,
      6.64140097796917e-05,
      5.334674642654136e-05,
      4.43464086856693e-05,
      4.2358835344202816e-05,
      4.763157994602807e-05,
      4.4858275941805914e-05,
      3.8916281482670456e-05,
      3.1309606129070744e-05,
      2.6389565391582437e-05,
      2.266100091219414e-05,
      2.6362267817603424e-05,
      2.3900745873106644e-05,
      1.854373658716213e-05,
      1.8073076716973446e-05,
      2.166179365303833e-05,
      2.6331266781198792e-05,
      3.286569699412212e-05,
      3.1128849514061585e-05,
      3.119944813079201e-05,
      2.8868556910310872e-05,
      3.141731576761231e-05,
      2.2542568331118673e-05,
      1.719919418974314e-05,
      1.8526508938521147e-05,
      1.7467353245592676e-05,
      2.0791610950254835e-05,
      1.678877197264228e-05,
      1.4280089089879766e-05,
      1.5238703781506047e-05,
      1.4338763321575243e-05,
      1.4705295143357944e-05,
      1.3518170817405917e-05,
      1.1541040294105187e-05,
      1.4092825949774124e-05,
      1.1347467989253346e-05,
      1.2251606676727533e-05,
      9.984802090912126e-06,
      1.0177869626204483e-05,
      9.519186278339475e-06,
      8.702219929546118e-06,
      1.0273346561007202e-05,
      8.569722012907732e-06,
      8.219451956392732e-06,
      1.2092616998415906e-05,
      1.8161295884056017e-05,
      3.747068330994807e-05,
      4.957645433023572e-05,
      0.00010449551336932927,
      9.780986147234216e-05,
      8.739887562114745e-05,
      5.71718264836818e-05,
      0.00031227211002260447,
      0.00037247073487378657,
      0.00039184183697216213,
      0.0003375241649337113,
      0.00033113890094682574,
      0.0004378462035674602,
      0.0003968420496676117,
      0.0005563711165450513,
      0.0010165234562009573,
      0.0014444778207689524,
      0.0015094623668119311,
      0.001411736709997058,
      0.0012700005900114775,
      0.0011525290319696069,
      0.00106743851210922,
      0.0010823673801496625,
      0.0009228893322870135,
      0.0009722120012156665,
      0.0009877262637019157,
      0.0010639755055308342,
      0.0013046023668721318,
      0.0012941031018272042,
      0.001352853374555707,
      0.0012005517492070794,
      0.0015830077463760972,
      0.0020829366985708475,
      0.001943416427820921,
      0.0017792318249121308,
      0.0017100435215979815,
      0.0015721176750957966,
      0.0018132555996999145,
      0.0016895013395696878,
      0.0016795397968962789,
      0.001677494845353067,
      0.001860101125203073,
      0.0017369422130286694,
      0.0017748763784766197,
      0.0017801165813580155,
      0.0025543030351400375,
      0.0027567094657570124
    ],