{
  "phase": "",
  "net_training_time_sec": 24886.444086326286,
  "net_training_time_min": 414.7740681054381,
  "min_mse": 0.0007002867059782147,
  "min_mse_epoch": 1001,
  "min_rmse": 0.005279884673655033,
  "min_rmse_epoch": 1001
}