{
  "Channel 0 (0 = Voltage, 1 = Recovery Current)": {
    "Avg Mean Absolute Error": 333.36773681640625,
    "Average Cell Error": 333.36773681640625,
    "Average Error of Top 10 Worst Cells": 435.9982604980469,
    "Mean Signed Error (Bias)": 333.36773681640625,
    "Max Signed Error": 9603.88671875,
    "Pct Errors > Avg MAE": 22.163840146390875,
    "Pct Cells with Avg Error > Avg Cell Error": 47.524752475247524,
    "Worst Case Results": {
      "Timestep": 194,
      "Cell [x, y]": [
        68,
        98
      ],
      "Absolute Error": 9603.88671875
    },
    "Best Case Results": {
      "Timestep": 0,
      "Cell [x, y]": [
        0,
        0
      ],
      "Absolute Error": 0.0
    },
    "Best/Worst Cells Over Time": {
      "Best Cell [x, y]": [
        7,
        68
      ],
      "Best Cell Avg Error": 78.3393783569336,
      "Worst Cell [x, y]": [
        34,
        46
      ],
      "Worst Cell Avg Error": 748.4345703125
    },
    "Overall RMSE:": 832.3026123046875
  },
  "Channel 1 (0 = Voltage, 1 = Recovery Current)": {
    "Avg Mean Absolute Error": 704.4279174804688,
    "Average Cell Error": 704.4279174804688,
    "Average Error of Top 10 Worst Cells": 985.7803955078125,
    "Mean Signed Error (Bias)": 704.4279174804688,
    "Max Signed Error": 41586.76171875,
    "Pct Errors > Avg MAE": 18.618737730589512,
    "Pct Cells with Avg Error > Avg Cell Error": 50.495049504950494,
    "Worst Case Results": {
      "Timestep": 194,
      "Cell [x, y]": [
        23,
        86
      ],
      "Absolute Error": 41586.76171875
    },
    "Best Case Results": {
      "Timestep": 0,
      "Cell [x, y]": [
        0,
        0
      ],
      "Absolute Error": 0.0
    },
    "Best/Worst Cells Over Time": {
      "Best Cell [x, y]": [
        55,
        45
      ],
      "Best Cell Avg Error": 59.966636657714844,
      "Worst Cell [x, y]": [
        24,
        87
      ],
      "Worst Cell Avg Error": 2747.348876953125
    },
    "Overall RMSE:": 2234.3740234375
  }
}