{
  "model_name": "./PINO_reladapt/Baseline/Rollout/1_frame/Results_planar_PINO_finite_difference_0.01_resloss_0.1_icloss_0.1_bcloss_0.0_wloss_mse_eval_0.55_D_1_frames_31_10_2025-20_30",
  "timesteps": [
    0,
    1
  ],
  "mse": {
    "Voltage": [
      0.0,
      7.061394717311487e-05,
      0.00019785133190453053,
      0.0003371791390236467,
      0.0004568595322780311,
      0.0005350507562980056,
      0.000572649878449738,
      0.0005891761393286288,
      0.0006075371638871729,
      0.0006443062447942793,
      0.0007070410065352917,
      0.0007947796839289367,
      0.0009007928892970085,
      0.001016463153064251,
      0.001133223413489759,
      0.0012425655731931329,
      0.0013366169296205044,
      0.0014090180629864335,
      0.001454911194741726,
      0.0014721052721142769,
      0.0014662848552688956,
      0.0014593126252293587,
      0.0014960661064833403,
      0.0016470985719934106,
      0.0020055766217410564,
      0.002658284269273281,
      0.0037216576747596264,
      0.005425070878118277,
      0.00798840168863535,
      0.011493146419525146,
      0.01545418705791235,
      0.018757086247205734,
      0.021858174353837967,
      0.026357445865869522,
      0.03476599231362343,
      0.04907020181417465,
      0.06942236423492432,
      0.09545991569757462,
      0.12759706377983093,
      0.16754575073719025,
      0.21881499886512756,
      0.2851836681365967,
      0.36885303258895874,
      0.4734373688697815,
      0.6089405417442322,
      0.7936156392097473,
      1.052167534828186,
      1.418935775756836,
      1.9370777606964111,
      2.632850170135498,
      3.4811675548553467,
      4.396071910858154,
      5.2836785316467285,
      6.0873703956604,
      6.803077697753906,
      7.47029972076416,
      8.144451141357422,
      8.874282836914062,
      9.707380294799805,
      10.688749313354492,
      11.852744102478027,
      13.230483055114746,
      14.852535247802734,
      16.736906051635742,
      18.879783630371094,
      21.2763671875,
      23.937206268310547,
      26.90645980834961,
      30.27678871154785,
      34.16481018066406,
      38.701744079589844,
      44.00004196166992,
      50.13277816772461,
      57.152801513671875,
      65.13491821289062,
      74.19268035888672,
      84.45875549316406,
      96.07930755615234,
      109.18367767333984,
      123.88775634765625,
      140.33824157714844,
      158.78125,
      179.49945068359375,
      202.8740692138672,
      229.42434692382812,
      259.54150390625,
      293.8536376953125,
      333.2994689941406,
      379.1634521484375,
      433.2210388183594,
      496.9911804199219,
      572.2118530273438,
      660.661376953125,
      764.116943359375,
      883.9658813476562,
      1020.9240112304688,
      1175.5784912109375,
      1348.3428955078125,
      1539.360107421875,
      1749.0419921875,
      1976.442626953125,
      2222.390380859375,
      2487.93994140625,
      2773.995849609375,
      3084.159423828125,
      3421.775146484375,
      3789.37744140625,
      4188.81494140625,
      4622.72509765625,
      5096.00439453125,
      5618.2099609375,
      6198.52099609375,
      6844.06591796875,
      7558.0947265625,
      8342.267578125,
      9195.6630859375,
      10119.1357421875,
      11122.9384765625,
      12213.6552734375,
      13400.505859375,
      14689.0693359375,
      16089.826171875,
      17630.4140625,
      19338.490234375,
      21252.7421875,
      23421.84375,
      25887.74609375,
      28672.548828125,
      31782.91015625,
      35163.7890625,
      38766.703125,
      42565.08203125,
      46592.70703125,
      50883.30078125,
      55488.91015625,
      60425.14453125,
      65737.6171875,
      71532.2890625,
      77830.484375,
      84642.2890625,
      91887.2265625,
      99526.25,
      107524.765625,
      115838.09375,
      124460.84375,
      133428.46875,
      142775.828125,
      152653.734375,
      163171.15625,
      174422.21875,
      186593.234375,
      200155.59375,
      215371.453125,
      232628.90625,
      252245.21875,
      274395.96875,
      299215.4375,
      326778.78125,
      357307.78125,
      390765.96875,
      427320.09375,
      467373.28125,
      511594.4375,
      560924.75,
      617360.75,
      682435.625,
      757095.25,
      841581.5,
      935403.25,
      1037704.0,
      1147788.875,
      1265099.375,
      1392714.0,
      1535053.125,
      1697774.875,
      1886021.25,
      2100788.25,
      2340566.25,
      2602911.0,
      2885901.0,
      3188919.75,
      3516417.75,
      3876357.75,
      4276055.5,
      4725357.5,
      5231690.0,
      5800428.5,
      6432670.0,
      7126039.0,
      7876453.0,
      8673867.0,
      9515023.0,
      10404563.0,
      11353187.0,
      12383776.0
    ],