{
  "model_name": "./PINO_reladapt/Baseline/Rollout/1_frame/Results_planar_PINO_finite_difference_0.01_resloss_0.1_icloss_0.1_bcloss_0.0_wloss_mse_eval_0.55_D_1_frames_31_10_2025-20_30",
  "timesteps": [
    0,
    1
  ],
  "rmse": {
    "Voltage": [
      0.0,
      0.008403210900723934,
      0.014065963216125965,
      0.018362438306212425,
      0.02137427218258381,
      0.02313116379082203,
      0.023930104449391365,
      0.024272950366139412,
      0.02464826963841915,
      0.02538318745791912,
      0.026590242981910706,
      0.028191836550831795,
      0.03001321107149124,
      0.031882017850875854,
      0.03366338461637497,
      0.035250045359134674,
      0.03655977174639702,
      0.03753688931465149,
      0.03814329952001572,
      0.03836802393198013,
      0.03829209879040718,
      0.03820095211267471,
      0.03867901489138603,
      0.040584463626146317,
      0.044783663004636765,
      0.05155855044722557,
      0.06100539118051529,
      0.07365508377552032,
      0.08937785774469376,
      0.10720609128475189,
      0.12431486696004868,
      0.13695651292800903,
      0.1478451043367386,
      0.16234976053237915,
      0.18645641207695007,
      0.22151795029640198,
      0.2634812295436859,
      0.30896589159965515,
      0.3572072982788086,
      0.409323513507843,
      0.46777665615081787,
      0.5340259075164795,
      0.607332706451416,
      0.6880678534507751,
      0.7803464531898499,
      0.8908510804176331,
      1.0257521867752075,
      1.1911909580230713,
      1.391789436340332,
      1.6226060390472412,
      1.8657886981964111,
      2.0966811180114746,
      2.2986254692077637,
      2.467259645462036,
      2.6082711219787598,
      2.733184814453125,
      2.853848457336426,
      2.978973388671875,
      3.1156668663024902,
      3.2693653106689453,
      3.442781448364258,
      3.637373208999634,
      3.853898763656616,
      4.091076374053955,
      4.34508752822876,
      4.612631320953369,
      4.892566204071045,
      5.187143802642822,
      5.502434730529785,
      5.845067024230957,
      6.221072673797607,
      6.6332526206970215,
      7.080450534820557,
      7.5599470138549805,
      8.0706205368042,
      8.613517761230469,
      9.190144538879395,
      9.80200481414795,
      10.44909954071045,
      11.130487442016602,
      11.846444129943848,
      12.60084342956543,
      13.397740364074707,
      14.243387222290039,
      15.146759986877441,
      16.110292434692383,
      17.142160415649414,
      18.25649070739746,
      19.47212028503418,
      20.813962936401367,
      22.293298721313477,
      23.920949935913086,
      25.70333480834961,
      27.64266586303711,
      29.731563568115234,
      31.951902389526367,
      34.28670883178711,
      36.71978759765625,
      39.23468017578125,
      41.82154846191406,
      44.45719909667969,
      47.142234802246094,
      49.87925338745117,
      52.66873550415039,
      55.53520965576172,
      58.495941162109375,
      61.557918548583984,
      64.72105407714844,
      67.9906234741211,
      71.38630676269531,
      74.95471954345703,
      78.7306900024414,
      82.72886657714844,
      86.93730163574219,
      91.33601379394531,
      95.8940200805664,
      100.59391784667969,
      105.46533966064453,
      110.5154037475586,
      115.76055145263672,
      121.19847106933594,
      126.8456802368164,
      132.77957153320312,
      139.06289672851562,
      145.783203125,
      153.04196166992188,
      160.89669799804688,
      169.3297119140625,
      178.27761840820312,
      187.5200958251953,
      196.8926239013672,
      206.3130645751953,
      215.8534393310547,
      225.57327270507812,
      235.5608367919922,
      245.8152618408203,
      256.39349365234375,
      267.4552001953125,
      278.98114013671875,
      290.9334716796875,
      303.1290588378906,
      315.4778137207031,
      327.9096984863281,
      340.3499450683594,
      352.7900695800781,
      365.27862548828125,
      377.8569030761719,
      390.7092590332031,
      403.9444885253906,
      417.63885498046875,
      431.9643859863281,
      447.38751220703125,
      464.081298828125,
      482.3161926269531,
      502.2402038574219,
      523.8281860351562,
      547.005859375,
      571.6456909179688,
      597.7522583007812,
      625.11279296875,
      653.697265625,
      683.6470336914062,
      715.25830078125,
      748.9490966796875,
      785.7230834960938,
      826.0966186523438,
      870.1121826171875,
      917.3775024414062,
      967.1624755859375,
      1018.6775512695312,
      1071.34912109375,
      1124.766357421875,
      1180.133056640625,
      1238.97265625,
      1302.9869384765625,
      1373.3248291015625,
      1449.40966796875,
      1529.890869140625,
      1613.35400390625,
      1698.7939453125,
      1785.754638671875,
      1875.21142578125,
      1968.8468017578125,
      2067.862548828125,
      2173.788818359375,
      2287.288818359375,
      2408.407958984375,
      2536.27099609375,
      2669.464111328125,
      2806.501953125,
      2945.14306640625,
      3084.64306640625,
      3225.610595703125,
      3369.448974609375,
      3519.05908203125
    ],