{
  "model_name": "./FNO_New/Baseline/Rollout/1_frame/Results_centrifugal_Data_Only_mse_1_frames_31_10_2025-17_57",
  "timesteps": [
    0,
    1
  ],
  "mse": {
    "Voltage": [
      0.0,
      0.058404210954904556,
      0.05882125720381737,
      0.06164591386914253,
      0.0650487020611763,
      0.06866619735956192,
      0.07239658385515213,
      0.07620789855718613,
      0.08009009063243866,
      0.08403973281383514,
      0.08805467188358307,
      0.09213230758905411,
      0.09626923501491547,
      0.10046138614416122,
      0.10470415651798248,
      0.10899274051189423,
      0.11332190036773682,
      0.11768598854541779,
      0.12207860499620438,
      0.1264922320842743,
      0.1309179812669754,
      0.1353451907634735,
      0.1397613137960434,
      0.14415164291858673,
      0.14849914610385895,
      0.15278422832489014,
      0.1569843292236328,
      0.1610734760761261,
      0.16502144932746887,
      0.16879278421401978,
      0.17234539985656738,
      0.17562852799892426,
      0.1785801202058792,
      0.1811233013868332,
      0.18316246569156647,
      0.18458081781864166,
      0.18524612486362457,
      0.18504197895526886,
      0.18395188450813293,
      0.18218331038951874,
      0.1801612824201584,
      0.1782519519329071,
      0.17667829990386963,
      0.17593830823898315,
      0.17697614431381226,
      0.1800159066915512,
      0.18398624658584595,
      0.18814857304096222,
      0.19235244393348694,
      0.19658979773521423,
      0.2008640021085739,
      0.20517562329769135,
      0.20952357351779938,
      0.21390604972839355,
      0.2183210700750351,
      0.2227664738893509,
      0.22724035382270813,
      0.23174068331718445,
      0.23626577854156494,
      0.2408142387866974,
      0.24538518488407135,
      0.2499781847000122,
      0.2545933723449707,
      0.25923094153404236,
      0.26389139890670776,
      0.26857492327690125,
      0.27328160405158997,
      0.2780113220214844,
      0.2827640771865845,
      0.287540078163147,
      0.29233983159065247,
      0.29716435074806213,
      0.302015095949173,
      0.3068940341472626,
      0.31180340051651,
      0.31674569845199585,
      0.32172316312789917,
      0.32673731446266174,
      0.33178848028182983,
      0.33687710762023926,
      0.34201595187187195,
      0.3473144471645355,
      0.3534891903400421,
      0.3619251847267151,
      0.3682360053062439,
      0.3714335858821869,
      0.37294262647628784,
      0.3733384311199188,
      0.37287965416908264,
      0.3717162609100342,
      0.3699429929256439,
      0.3676212728023529,
      0.3647952079772949,
      0.36150097846984863,
      0.3577692210674286,
      0.3536258041858673,
      0.3490928113460541,
      0.3441900312900543,
      0.3389354348182678,
      0.333345502614975,
      0.327435165643692,
      0.3212176263332367,
      0.314704567193985,
      0.30790644884109497,
      0.30083319544792175,
      0.29349520802497864,
      0.2859039604663849,
      0.27807220816612244,
      0.27001333236694336,
      0.26174065470695496,
      0.25326675176620483,
      0.24460411071777344,
      0.2357662171125412,
      0.22676940262317657,
      0.21763402223587036,
      0.20838479697704315,
      0.19904956221580505,
      0.1896567940711975,
      0.1802336424589157,
      0.17081235349178314,
      0.16143326461315155,
      0.15168610215187073,
      0.14169707894325256,
      0.13192541897296906,
      0.1227831095457077,
      0.1145668551325798,
      0.10713162273168564,
      0.10026009380817413,
      0.09382873773574829,
      0.08776763081550598,
      0.08203087747097015,
      0.07658585160970688,
      0.07140913605690002,
      0.06648360937833786,
      0.06179600954055786,
      0.057335153222084045,
      0.05309128761291504,
      0.049055784940719604,
      0.045220959931612015,
      0.04157983511686325,
      0.03812602534890175,
      0.03485366702079773,
      0.03175748512148857,
      0.028832780197262764,
      0.02607545256614685,
      0.02348192036151886,
      0.021048977971076965,
      0.01877354457974434,
      0.01665245182812214,
      0.014682254754006863,
      0.012859220616519451,
      0.01117944810539484,
      0.009639078751206398,
      0.008234458975493908,
      0.006962149403989315,
      0.005818746518343687,
      0.004800579510629177,
      0.003903378266841173,
      0.003122007241472602,
      0.002450299449265003,
      0.00188103795517236,
      0.0014061853289604187,
      0.0010177724761888385,
      0.000710835331119597,
      0.0004916887846775353,
      0.00037849979707971215,
      0.0003462150052655488,
      0.00033962095039896667,
      0.00033793694456107914,
      0.000337335339281708,
      0.0003370699123479426,
      0.0003369392652530223,
      0.00033687104587443173,
      0.0003368340840097517,
      0.0003368136822246015,
      0.00033680221531540155,
      0.00033679563784971833,
      0.00033679194166325033,
      0.00033678978797979653,
      0.00033678850741125643,
      0.00033678780891932547,
      0.00033678734325803816,
      0.0003367871104273945,
      0.0003367869649082422,
      0.00033678687759675086,
      0.0003367867902852595,
      0.0003367867902852595,
      0.00033678676118142903,
      0.00033678676118142903,
      0.00033678673207759857,
      0.00033678676118142903,
      0.00033678673207759857,
      0.00033678673207759857,
      0.00033678676118142903,
      0.00033678673207759857,
      0.00033678673207759857,
      0.00033678673207759857,
      0.00033678673207759857,
      0.00033678673207759857,
      0.00033678673207759857
    ],