{
  "model_name": "./FNO_New/Baseline/Rollout/1_frame/Results_centrifugal_Data_Only_mse_1_frames_31_10_2025-17_57",
  "timesteps": [
    0,
    1
  ],
  "rmse": {
    "Voltage": [
      0.0,
      0.24166962504386902,
      0.2425309419631958,
      0.2482859492301941,
      0.25504645705223083,
      0.2620423436164856,
      0.26906612515449524,
      0.27605777978897095,
      0.28300192952156067,
      0.28989607095718384,
      0.2967400848865509,
      0.30353304743766785,
      0.31027284264564514,
      0.31695643067359924,
      0.32358020544052124,
      0.33014047145843506,
      0.33663317561149597,
      0.3430539071559906,
      0.3493974804878235,
      0.3556574583053589,
      0.3618259131908417,
      0.36789292097091675,
      0.3738466501235962,
      0.3796730637550354,
      0.3853558599948883,
      0.39087623357772827,
      0.39621248841285706,
      0.401339590549469,
      0.40622833371162415,
      0.41084399819374084,
      0.41514503955841064,
      0.41908058524131775,
      0.42258742451667786,
      0.4255858361721039,
      0.4279748499393463,
      0.4296287000179291,
      0.4304022789001465,
      0.43016505241394043,
      0.42889612913131714,
      0.42682936787605286,
      0.42445409297943115,
      0.42219895124435425,
      0.4203311800956726,
      0.4194500148296356,
      0.4206853210926056,
      0.42428281903266907,
      0.4289361834526062,
      0.43376097083091736,
      0.4385800361633301,
      0.44338446855545044,
      0.4481785297393799,
      0.4529631733894348,
      0.45773744583129883,
      0.46249979734420776,
      0.46724840998649597,
      0.4719814360141754,
      0.47669732570648193,
      0.48139452934265137,
      0.48607179522514343,
      0.4907282590866089,
      0.49536368250846863,
      0.4999781847000122,
      0.5045724511146545,
      0.5091472864151001,
      0.5137035846710205,
      0.5182421207427979,
      0.5227634310722351,
      0.5272678136825562,
      0.5317556262016296,
      0.5362276434898376,
      0.5406845808029175,
      0.545127809047699,
      0.5495589971542358,
      0.5539801716804504,
      0.5583935976028442,
      0.5628016591072083,
      0.5672064423561096,
      0.571609377861023,
      0.5760108232498169,
      0.5804111361503601,
      0.5848212838172913,
      0.5893338918685913,
      0.5945495963096619,
      0.6016021966934204,
      0.606824517250061,
      0.6094534993171692,
      0.6106902956962585,
      0.6110142469406128,
      0.6106387376785278,
      0.6096853613853455,
      0.608229398727417,
      0.6063178181648254,
      0.6039828062057495,
      0.6012495160102844,
      0.598138153553009,
      0.594664454460144,
      0.590840756893158,
      0.5866771340370178,
      0.5821816325187683,
      0.5773608088493347,
      0.5722194910049438,
      0.5667606592178345,
      0.5609853267669678,
      0.5548931956291199,
      0.5484826564788818,
      0.5417519807815552,
      0.5346998572349548,
      0.5273255109786987,
      0.5196280479431152,
      0.511605978012085,
      0.5032561421394348,
      0.4945746660232544,
      0.4855576455593109,
      0.4762031137943268,
      0.46651262044906616,
      0.4564918279647827,
      0.44614970684051514,
      0.4354960322380066,
      0.42453932762145996,
      0.4132945239543915,
      0.40178757905960083,
      0.3894689977169037,
      0.37642672657966614,
      0.3632153868675232,
      0.35040420293807983,
      0.3384772539138794,
      0.32730966806411743,
      0.3166387379169464,
      0.30631476640701294,
      0.29625603556632996,
      0.2864103317260742,
      0.27674147486686707,
      0.26722487807273865,
      0.25784415006637573,
      0.24858802556991577,
      0.23944759368896484,
      0.2304154634475708,
      0.22148540616035461,
      0.21265220642089844,
      0.20391133427619934,
      0.19525887072086334,
      0.18669137358665466,
      0.17820629477500916,
      0.16980217397212982,
      0.1614789515733719,
      0.15323811769485474,
      0.14508265256881714,
      0.13701657950878143,
      0.12904438376426697,
      0.12117035686969757,
      0.11339850723743439,
      0.10573291033506393,
      0.09817881137132645,
      0.09074392169713974,
      0.08343949913978577,
      0.07628070563077927,
      0.06928621232509613,
      0.06247702240943909,
      0.05587492510676384,
      0.04950049892067909,
      0.04337093606591225,
      0.037499137222766876,
      0.03190254792571068,
      0.026661494746804237,
      0.022174056619405746,
      0.019455071538686752,
      0.01860685460269451,
      0.018428808078169823,
      0.01838306151330471,
      0.01836669072508812,
      0.018359463661909103,
      0.018355906009674072,
      0.01835404708981514,
      0.018353039398789406,
      0.018352484330534935,
      0.018352171406149864,
      0.018351992592215538,
      0.01835189200937748,
      0.018351834267377853,
      0.018351798877120018,
      0.018351780250668526,
      0.01835176721215248,
      0.018351759761571884,
      0.018351756036281586,
      0.018351754173636436,
      0.018351752310991287,
      0.018351752310991287,
      0.018351750448346138,
      0.018351750448346138,
      0.018351750448346138,
      0.018351750448346138,
      0.018351750448346138,
      0.018351750448346138,
      0.018351750448346138,
      0.018351750448346138,
      0.018351750448346138,
      0.018351750448346138,
      0.018351750448346138,
      0.018351750448346138,
      0.018351750448346138
    ],