{
  "phase": "",
  "net_training_time_sec": 382.8223388232291,
  "net_training_time_min": 6.380372313720485,
  "min_mse": 0.0004062466905452311,
  "min_mse_epoch": 81,
  "min_rmse": 0.003931417129933834,
  "min_rmse_epoch": 81
}