{
  "Channel 0 (0 = Voltage, 1 = Recovery Current)": {
    "Avg Mean Absolute Error": 0.37893587350845337,
    "Average Cell Error": 0.37893590331077576,
    "Average Error of Top 10 Worst Cells": 0.46051493287086487,
    "Mean Signed Error (Bias)": 0.37893587350845337,
    "Max Signed Error": 2.2549922466278076,
    "Pct Errors > Avg MAE": 42.710969512792865,
    "Pct Cells with Avg Error > Avg Cell Error": 35.64356435643564,
    "Worst Case Results": {
      "Timestep": 152,
      "Cell [x, y]": [
        2,
        100
      ],
      "Absolute Error": 2.2549922466278076
    },
    "Best Case Results": {
      "Timestep": 0,
      "Cell [x, y]": [
        0,
        0
      ],
      "Absolute Error": 0.0
    },
    "Best/Worst Cells Over Time": {
      "Best Cell [x, y]": [
        38,
        51
      ],
      "Best Cell Avg Error": 0.21214865148067474,
      "Worst Cell [x, y]": [
        1,
        100
      ],
      "Worst Cell Avg Error": 1.5019996166229248
    },
    "Overall RMSE:": 0.5022786259651184
  },
  "Channel 1 (0 = Voltage, 1 = Recovery Current)": {
    "Avg Mean Absolute Error": 0.4732080101966858,
    "Average Cell Error": 0.4732080101966858,
    "Average Error of Top 10 Worst Cells": 0.5607016682624817,
    "Mean Signed Error (Bias)": 0.4732080101966858,
    "Max Signed Error": 2.615443468093872,
    "Pct Errors > Avg MAE": 42.887344378002155,
    "Pct Cells with Avg Error > Avg Cell Error": 36.633663366336634,
    "Worst Case Results": {
      "Timestep": 212,
      "Cell [x, y]": [
        100,
        3
      ],
      "Absolute Error": 2.615443468093872
    },
    "Best Case Results": {
      "Timestep": 0,
      "Cell [x, y]": [
        0,
        0
      ],
      "Absolute Error": 0.0
    },
    "Best/Worst Cells Over Time": {
      "Best Cell [x, y]": [
        34,
        52
      ],
      "Best Cell Avg Error": 0.2681676745414734,
      "Worst Cell [x, y]": [
        2,
        100
      ],
      "Worst Cell Avg Error": 0.9743906855583191
    },
    "Overall RMSE:": 0.6054753065109253
  }
}