{
  "model_name": "./PINO_reladapt/Baseline/Rollout/1_frame/Results_chaotic_PINO_finite_difference_0.01_resloss_0.1_icloss_0.1_bcloss_0.0_wloss_mse_eval_0.55_D_1_frames_31_10_2025-20_30",
  "timesteps": [
    0,
    1
  ],
  "mse": {
    "Voltage": [
      0.0,
      0.0003537871816661209,
      0.0010853628627955914,
      0.002029562136158347,
      0.0032870301511138678,
      0.005078793969005346,
      0.00755590945482254,
      0.01071886532008648,
      0.01449607778340578,
      0.018818996846675873,
      0.023668965324759483,
      0.029121683910489082,
      0.03536735475063324,
      0.042668167501688004,
      0.051259107887744904,
      0.06121985614299774,
      0.07235360145568848,
      0.08457823842763901,
      0.09727320075035095,
      0.10749293118715286,
      0.11405929923057556,
      0.1168283224105835,
      0.11619415879249573,
      0.11417581886053085,
      0.11282189190387726,
      0.1113569587469101,
      0.10966737568378448,
      0.10812792181968689,
      0.10738065093755722,
      0.10806269943714142,
      0.10982457548379898,
      0.11226586252450943,
      0.11512230336666107,
      0.1182190552353859,
      0.1214323490858078,
      0.12460996210575104,
      0.12768632173538208,
      0.13073401153087616,
      0.13341672718524933,
      0.1356242448091507,
      0.13740113377571106,
      0.13881006836891174,
      0.1398778259754181,
      0.14064890146255493,
      0.14085672795772552,
      0.13996657729148865,
      0.13905535638332367,
      0.13844919204711914,
      0.13821259140968323,
      0.138360857963562,
      0.1388872265815735,
      0.13975879549980164,
      0.14092327654361725,
      0.14236900210380554,
      0.1440911591053009,
      0.14605766534805298,
      0.14825505018234253,
      0.15068188309669495,
      0.1533564180135727,
      0.15634551644325256,
      0.15971367061138153,
      0.1634279489517212,
      0.16733026504516602,
      0.1711999773979187,
      0.17485055327415466,
      0.17833980917930603,
      0.18189376592636108,
      0.18567533791065216,
      0.18974247574806213,
      0.1940806806087494,
      0.19863447546958923,
      0.20334963500499725,
      0.20820702612400055,
      0.21318815648555756,
      0.21827487647533417,
      0.2234833985567093,
      0.22883741557598114,
      0.23432782292366028,
      0.23989301919937134,
      0.24542567133903503,
      0.25080519914627075,
      0.25593245029449463,
      0.26090434193611145,
      0.26643919944763184,
      0.2731490433216095,
      0.28032997250556946,
      0.28716152906417847,
      0.29364848136901855,
      0.2997239828109741,
      0.3050979971885681,
      0.30959200859069824,
      0.3131517767906189,
      0.31580424308776855,
      0.31773805618286133,
      0.3192386329174042,
      0.3205031156539917,
      0.32157769799232483,
      0.3223367929458618,
      0.32264137268066406,
      0.32252511382102966,
      0.3220868408679962,
      0.32143333554267883,
      0.3206928074359894,
      0.3199704885482788,
      0.3193109333515167,
      0.3187040090560913,
      0.3180961310863495,
      0.31745389103889465,
      0.3168037235736847,
      0.3162238299846649,
      0.3158281445503235,
      0.31565871834754944,
      0.31542351841926575,
      0.3145841360092163,
      0.31290337443351746,
      0.3104020357131958,
      0.30724453926086426,
      0.3042868971824646,
      0.30142074823379517,
      0.29796305298805237,
      0.29388436675071716,
      0.2895946800708771,
      0.2853078246116638,
      0.28097525238990784,
      0.27658751606941223,
      0.27224504947662354,
      0.26818737387657166,
      0.2646271884441376,
      0.26125043630599976,
      0.25767895579338074,
      0.25383663177490234,
      0.24973854422569275,
      0.245429128408432,
      0.24091745913028717,
      0.23647719621658325,
      0.2327466607093811,
      0.22977274656295776,
      0.22764363884925842,
      0.2263062447309494,
      0.22540971636772156,
      0.2246142029762268,
      0.22403040528297424,
      0.22388103604316711,
      0.22439593076705933,
      0.2257290482521057,
      0.22796504199504852,
      0.23113445937633514,
      0.2350815385580063,
      0.23947913944721222,
      0.24399477243423462,
      0.24779105186462402,
      0.25018590688705444,
      0.2520982623100281,
      0.2539149522781372,
      0.2558298707008362,
      0.25799280405044556,
      0.2604471445083618,
      0.2631959915161133,
      0.26627233624458313,
      0.269756555557251,
      0.273965984582901,
      0.2788718640804291,
      0.2839377224445343,
      0.28911393880844116,
      0.29454612731933594,
      0.3003884553909302,
      0.3066816031932831,
      0.313318133354187,
      0.32006627321243286,
      0.326668918132782,
      0.3329557776451111,
      0.3389035165309906,
      0.34463152289390564,
      0.3503277897834778,
      0.35611510276794434,
      0.36195436120033264,
      0.3677069842815399,
      0.3729906380176544,
      0.3771148920059204,
      0.3797345459461212,
      0.38105887174606323,
      0.3815379738807678,
      0.3815508484840393,
      0.38124167919158936,
      0.3805937170982361,
      0.3795394003391266,
      0.37802934646606445,
      0.37614792585372925,
      0.37404435873031616,
      0.371798574924469,
      0.3694186508655548,
      0.36688220500946045,
      0.3641617000102997,
      0.36125895380973816,
      0.3582262396812439,
      0.3551832139492035,
      0.35243767499923706,
      0.3500474691390991,
      0.34789055585861206,
      0.3459908962249756
    ],