{
  "model_name": "./PINO_reladapt/Baseline/Rollout/1_frame/Results_chaotic_PINO_finite_difference_0.01_resloss_0.1_icloss_0.1_bcloss_0.0_wloss_mse_eval_0.55_D_1_frames_31_10_2025-20_30",
  "timesteps": [
    0,
    1
  ],
  "rmse": {
    "Voltage": [
      0.0,
      0.018809230998158455,
      0.03294484689831734,
      0.04505066201090813,
      0.05733262747526169,
      0.07126566022634506,
      0.0869247317314148,
      0.10353195667266846,
      0.12039966136217117,
      0.137182354927063,
      0.15384721755981445,
      0.17065076529979706,
      0.18806210160255432,
      0.20656274259090424,
      0.22640474140644073,
      0.24742646515369415,
      0.2689862549304962,
      0.290823370218277,
      0.3118865191936493,
      0.32786116003990173,
      0.3377266526222229,
      0.34180158376693726,
      0.3408726453781128,
      0.3378991186618805,
      0.33588969707489014,
      0.3337019085884094,
      0.33116063475608826,
      0.3288280963897705,
      0.32768985629081726,
      0.32872891426086426,
      0.3313979208469391,
      0.3350609838962555,
      0.33929678797721863,
      0.3438299894332886,
      0.34847143292427063,
      0.35300135612487793,
      0.3573322296142578,
      0.3615715801715851,
      0.36526253819465637,
      0.36827197670936584,
      0.37067657709121704,
      0.37257224321365356,
      0.3740024268627167,
      0.37503185868263245,
      0.3753088414669037,
      0.3741210699081421,
      0.3729012608528137,
      0.37208762764930725,
      0.3717695474624634,
      0.3719688951969147,
      0.3726757764816284,
      0.3738432824611664,
      0.3753975033760071,
      0.3773181736469269,
      0.3795934021472931,
      0.38217490911483765,
      0.3850390315055847,
      0.38817763328552246,
      0.39160749316215515,
      0.39540550112724304,
      0.3996419310569763,
      0.4042622148990631,
      0.40906020998954773,
      0.4137631952762604,
      0.4181513488292694,
      0.4223029911518097,
      0.42649006843566895,
      0.43090060353279114,
      0.435594379901886,
      0.4405458867549896,
      0.4456842839717865,
      0.4509430527687073,
      0.4562970697879791,
      0.4617230296134949,
      0.4671989679336548,
      0.4727403223514557,
      0.4783695340156555,
      0.484074205160141,
      0.4897887408733368,
      0.49540454149246216,
      0.5008045434951782,
      0.5058976411819458,
      0.5107879638671875,
      0.5161774754524231,
      0.5226366519927979,
      0.5294619798660278,
      0.5358745455741882,
      0.5418934226036072,
      0.5474705100059509,
      0.5523567795753479,
      0.5564099550247192,
      0.5595996379852295,
      0.5619646310806274,
      0.5636825561523438,
      0.5650120377540588,
      0.5661299228668213,
      0.5670782327651978,
      0.5677471160888672,
      0.5680152773857117,
      0.5679129362106323,
      0.5675269365310669,
      0.5669509172439575,
      0.5662974715232849,
      0.5656593441963196,
      0.5650760531425476,
      0.5645387768745422,
      0.564000129699707,
      0.5634304881095886,
      0.562853217124939,
      0.5623378157615662,
      0.5619859099388123,
      0.5618351101875305,
      0.5616257786750793,
      0.5608779788017273,
      0.5593776702880859,
      0.5571373701095581,
      0.5542964339256287,
      0.5516220331192017,
      0.5490179657936096,
      0.5458599328994751,
      0.5421110391616821,
      0.5381399989128113,
      0.5341421365737915,
      0.530070960521698,
      0.5259158611297607,
      0.5217710733413696,
      0.5178681015968323,
      0.5144192576408386,
      0.5111266374588013,
      0.5076208710670471,
      0.5038220286369324,
      0.499738484621048,
      0.4954080283641815,
      0.49083343148231506,
      0.48628920316696167,
      0.48243823647499084,
      0.4793461561203003,
      0.47712016105651855,
      0.47571656107902527,
      0.4747733175754547,
      0.4739347994327545,
      0.47331851720809937,
      0.47316068410873413,
      0.4737044870853424,
      0.4751095175743103,
      0.47745683789253235,
      0.4807644486427307,
      0.4848520755767822,
      0.4893660545349121,
      0.4939582645893097,
      0.49778616428375244,
      0.5001858472824097,
      0.5020938515663147,
      0.5038997530937195,
      0.5057962536811829,
      0.5079299211502075,
      0.5103402137756348,
      0.5130262970924377,
      0.5160158276557922,
      0.5193809270858765,
      0.523417592048645,
      0.5280832052230835,
      0.5328580737113953,
      0.5376931428909302,
      0.5427210330963135,
      0.5480770468711853,
      0.553788423538208,
      0.5597482919692993,
      0.5657439827919006,
      0.5715495944023132,
      0.5770232081413269,
      0.5821542143821716,
      0.5870532393455505,
      0.591884970664978,
      0.5967537760734558,
      0.601626455783844,
      0.6063884496688843,
      0.6107295751571655,
      0.6140968203544617,
      0.616226077079773,
      0.6172996759414673,
      0.6176875829696655,
      0.6176980137825012,
      0.6174477338790894,
      0.6169227957725525,
      0.6160677075386047,
      0.6148409247398376,
      0.6133090257644653,
      0.611591637134552,
      0.609752893447876,
      0.6077982187271118,
      0.6057080030441284,
      0.6034581065177917,
      0.6010482311248779,
      0.598520040512085,
      0.59597247838974,
      0.5936645865440369,
      0.5916481018066406,
      0.5898224711418152,
      0.5882099270820618
    ],