{
  "model_name": "./PINO/Baseline/Rollout/5_frame/Results_centrifugal_PINO_finite_difference_0.01_resloss_0.1_icloss_0.1_bcloss_0.0_wloss_mse_eval_0.55_D_5_frames_30_10_2025-19_32",
  "timesteps": [
    0,
    1
  ],
  "mse": {
    "Voltage": [
      0.0,
      0.0,
      0.0,
      0.0,
      0.0,
      0.000868393515702337,
      7.4171090091113e-05,
      0.00011232702672714368,
      5.3864634537603706e-05,
      0.00011823028034996241,
      3.422732334001921e-05,
      3.411320358281955e-05,
      4.318957508075982e-05,
      3.495443888823502e-05,
      4.610639371094294e-05,
      1.8512948372517712e-05,
      2.101141399180051e-05,
      2.4957747882581316e-05,
      2.09349727811059e-05,
      3.190432471456006e-05,
      1.827345295168925e-05,
      2.0646952179959044e-05,
      2.080002195725683e-05,
      1.9622440959210508e-05,
      2.8663271223194897e-05,
      1.7233864127774723e-05,
      2.0886971469735727e-05,
      2.2457845261669718e-05,
      1.8783566702040844e-05,
      2.931942799477838e-05,
      1.986388633667957e-05,
      2.4348817532882094e-05,
      2.584155481599737e-05,
      2.3707867512712255e-05,
      3.565539009287022e-05,
      2.6081877877004445e-05,
      3.0343329854076728e-05,
      3.0868101021042094e-05,
      3.291065513622016e-05,
      4.103723767912015e-05,
      4.0923965570982546e-05,
      5.014615089748986e-05,
      4.996782081434503e-05,
      6.085970744607039e-05,
      8.620647713541985e-05,
      4.723568417830393e-05,
      4.4729880755767226e-05,
      4.194470602669753e-05,
      4.198552051093429e-05,
      5.940085611655377e-05,
      3.4359527489868924e-05,
      3.01171385217458e-05,
      3.719066808116622e-05,
      3.339519025757909e-05,
      3.731368269654922e-05,
      2.8868778827018104e-05,
      2.8688175007118843e-05,
      2.786630102491472e-05,
      3.0627801606897265e-05,
      3.2247244234895334e-05,
      2.792493069136981e-05,
      3.1503208447247744e-05,
      3.018747338501271e-05,
      3.0700666684424505e-05,
      3.098308661719784e-05,
      3.029086292372085e-05,
      3.293512054369785e-05,
      3.0895680538378656e-05,
      3.618097252910957e-05,
      3.6995774280512705e-05,
      3.4312717616558075e-05,
      3.4787233744282275e-05,
      3.3460815757280216e-05,
      3.518139055813663e-05,
      3.554275099304505e-05,
      3.701844980241731e-05,
      4.441413693712093e-05,
      4.90371385239996e-05,
      5.5171112762764096e-05,
      5.7496363297104836e-05,
      8.069767500273883e-05,
      0.00011879395606229082,
      0.00013290026981849223,
      0.0005521188140846789,
      0.00044968375004827976,
      0.0004839227185584605,
      0.00033022722345776856,
      0.00023933777993079275,
      0.0001586804719408974,
      0.00011695953435264528,
      0.00015908846398815513,
      0.00013712988584302366,
      0.00012814284127671272,
      9.619742922950536e-05,
      6.966043292777613e-05,
      8.778609480941668e-05,
      9.10013695829548e-05,
      9.091490210266784e-05,
      6.430400389945135e-05,
      6.22905427007936e-05,
      5.671613325830549e-05,
      7.030687993392348e-05,
      5.87583526794333e-05,
      5.693859202438034e-05,
      5.0407910748617724e-05,
      4.4514315959531814e-05,
      5.5142656492535025e-05,
      4.614681893144734e-05,
      6.639451021328568e-05,
      3.579728945624083e-05,
      3.533054405124858e-05,
      3.99784003093373e-05,
      3.9235612348420545e-05,
      5.167454219190404e-05,
      2.5754605303518474e-05,
      2.8409001970430836e-05,
      3.362497591297142e-05,
      4.2082025174750015e-05,
      4.727348641608842e-05,
      3.185493187629618e-05,
      5.8596921007847413e-05,
      4.9466605560155585e-05,
      4.5987799239810556e-05,
      4.059967614011839e-05,
      5.312790017342195e-05,
      5.3542091336566955e-05,
      3.844382081297226e-05,
      3.503057450870983e-05,
      2.671112451935187e-05,
      2.1177527742111124e-05,
      1.5264906323864125e-05,
      1.618541318748612e-05,
      1.3469165423884988e-05,
      1.0811782885866705e-05,
      1.0806143109221011e-05,
      7.0515534389414825e-06,
      7.843650564609561e-06,
      8.608796633780003e-06,
      6.468844276241725e-06,
      5.957951998425415e-06,
      5.132420483278111e-06,
      5.9351145864638966e-06,
      4.9996488087344915e-06,
      3.950828613596968e-06,
      3.93028949474683e-06,
      3.546095058482024e-06,
      3.2421717151009943e-06,
      2.93568086817686e-06,
      2.8200338419992477e-06,
      2.50907828558411e-06,
      2.8983495212742127e-06,
      2.4384942207689164e-06,
      2.160373242077185e-06,
      2.1604346329695545e-06,
      1.871516474238888e-06,
      2.4042656150413677e-06,
      1.9139279174851254e-06,
      1.873821702247369e-06,
      1.5192032378763543e-06,
      1.0059877695312025e-06,
      0.00010113188182003796,
      5.327853432390839e-05,
      3.630931314546615e-05,
      2.3583635993418284e-05,
      5.7220102462451905e-05,
      0.0006772183696739376,
      0.0002937001409009099,
      0.0001800158352125436,
      6.0668422520393506e-05,
      5.5063122999854386e-05,
      0.0012286028359085321,
      0.0004952811286784708,
      0.00037534398143179715,
      0.00011741427442757413,
      8.053193596424535e-05,
      0.002153999637812376,
      0.0006982406484894454,
      0.000574766134377569,
      0.00019674732175190002,
      0.00014168805500958115,
      0.0030956564005464315,
      0.0007949632708914578,
      0.0007285314495675266,
      0.00027229494298808277,
      0.00021418542019091547,
      0.0038569143507629633,
      0.0008520259289070964,
      0.0008571825455874205,
      0.00033617508597671986,
      0.00028061855118721724,
      0.004435219336301088,
      0.0008970131748355925,
      0.0009588170796632767,
      0.0003916373534593731,
      0.00033715961035341024,
      0.004873616620898247,
      0.0009359344840049744,
      0.0010370224481448531,
      0.0004410902038216591,
      0.0003849910572171211
    ],