{
  "model_name": "./PINO/Baseline/Rollout/5_frame/Results_centrifugal_PINO_finite_difference_0.01_resloss_0.1_icloss_0.1_bcloss_0.0_wloss_mse_eval_0.55_D_5_frames_30_10_2025-19_32",
  "timesteps": [
    0,
    1
  ],
  "rmse": {
    "Voltage": [
      0.0,
      0.0,
      0.0,
      0.0,
      0.0,
      0.029468517750501633,
      0.008612263947725296,
      0.010598444379866123,
      0.007339253090322018,
      0.010873374529182911,
      0.005850412417203188,
      0.005840650759637356,
      0.006571877747774124,
      0.005912228021770716,
      0.006790169049054384,
      0.004302667453885078,
      0.004583820700645447,
      0.004995773080736399,
      0.0045754751190543175,
      0.00564839132130146,
      0.004274745937436819,
      0.00454389164224267,
      0.004560703877359629,
      0.004429722670465708,
      0.005353808868676424,
      0.0041513689793646336,
      0.004570226650685072,
      0.004738971125334501,
      0.004334001336246729,
      0.005414741579443216,
      0.004456892143934965,
      0.004934452008455992,
      0.005083458963781595,
      0.004869072698056698,
      0.005971213337033987,
      0.005107041914016008,
      0.005508477799594402,
      0.0055559067986905575,
      0.005736780818551779,
      0.006406031548976898,
      0.006397183984518051,
      0.007081394549459219,
      0.007068791892379522,
      0.007801263127475977,
      0.009284744039177895,
      0.006872822064906359,
      0.006688040215522051,
      0.0064764730632305145,
      0.006479623261839151,
      0.0077071948908269405,
      0.0058617000468075275,
      0.005487908609211445,
      0.006098415236920118,
      0.0057788570411503315,
      0.006108492612838745,
      0.005372967571020126,
      0.005356134381145239,
      0.005278854165226221,
      0.005534239113330841,
      0.005678665824234486,
      0.005284404382109642,
      0.005612771958112717,
      0.005494312848895788,
      0.005540818441659212,
      0.005566245410591364,
      0.005503713618963957,
      0.005738912615925074,
      0.00555838830769062,
      0.00601506233215332,
      0.006082415115088224,
      0.005857705604285002,
      0.0058980705216526985,
      0.005784532520920038,
      0.0059313904494047165,
      0.005961773917078972,
      0.00608427869156003,
      0.006664393004029989,
      0.007002652157098055,
      0.007427725940942764,
      0.007582635618746281,
      0.008983188308775425,
      0.010899264365434647,
      0.011528237722814083,
      0.023497208952903748,
      0.02120574750006199,
      0.021998243406414986,
      0.01817215606570244,
      0.01547054573893547,
      0.012596843764185905,
      0.010814783163368702,
      0.012613027356564999,
      0.01171024702489376,
      0.011320019140839577,
      0.009808029048144817,
      0.008346282877027988,
      0.009369423612952232,
      0.009539463557302952,
      0.009534930810332298,
      0.00801897794008255,
      0.007892435416579247,
      0.00753101147711277,
      0.008384919725358486,
      0.007665399927645922,
      0.007545766420662403,
      0.0070998528972268105,
      0.006671905051916838,
      0.00742581021040678,
      0.006793145090341568,
      0.008148282766342163,
      0.005983083508908749,
      0.005943950265645981,
      0.006322847679257393,
      0.0062638334929943085,
      0.007188500836491585,
      0.005074899643659592,
      0.005330009385943413,
      0.005798704456537962,
      0.006487065926194191,
      0.006875571794807911,
      0.005644017364829779,
      0.007654862478375435,
      0.007033249828964472,
      0.006781430449336767,
      0.006371787283569574,
      0.007288889028131962,
      0.007317245937883854,
      0.006200307980179787,
      0.005918663460761309,
      0.005168280564248562,
      0.004601904656738043,
      0.003907032776623964,
      0.004023110028356314,
      0.003670036094263196,
      0.0032881274819374084,
      0.0032872699666768312,
      0.0026554760988801718,
      0.002800651825964451,
      0.002934075193479657,
      0.0025433923583477736,
      0.002440891694277525,
      0.0022654845379292965,
      0.0024362090043723583,
      0.0022359895519912243,
      0.00198766915127635,
      0.0019824958872050047,
      0.0018831078195944428,
      0.0018006031168624759,
      0.001713382895104587,
      0.0016792956739664078,
      0.0015840070554986596,
      0.0017024539411067963,
      0.001561567885801196,
      0.001469820854254067,
      0.001469841692596674,
      0.0013680338161066175,
      0.0015505694318562746,
      0.0013834477867931128,
      0.0013688760809600353,
      0.0012325596762821078,
      0.0010029893601313233,
      0.010056435130536556,
      0.007299214601516724,
      0.006025720853358507,
      0.004856298677623272,
      0.0075643970631062984,
      0.026023419573903084,
      0.0171376820653677,
      0.013416998088359833,
      0.007788993883877993,
      0.007420453242957592,
      0.03505143150687218,
      0.022254912182688713,
      0.01937379688024521,
      0.01083578635007143,
      0.008973958902060986,
      0.04641120135784149,
      0.026424244046211243,
      0.023974280804395676,
      0.01402666512876749,
      0.011903279460966587,
      0.055638622492551804,
      0.02819509245455265,
      0.02699132263660431,
      0.01650136150419712,
      0.014635074883699417,
      0.062104061245918274,
      0.02918948233127594,
      0.029277680441737175,
      0.01833507791161537,
      0.016751673072576523,
      0.06659743934869766,
      0.029950177296996117,
      0.030964771285653114,
      0.01978982985019684,
      0.018361905589699745,
      0.06981129199266434,
      0.03059304691851139,
      0.0322028324007988,
      0.021002147346735,
      0.019621189683675766
    ],