{
  "phase": "",
  "net_training_time_sec": 19545.608253698796,
  "net_training_time_min": 325.7601375616466,
  "min_mse": 0.0007873688591644168,
  "min_mse_epoch": 1001,
  "min_rmse": 0.005603618919849396,
  "min_rmse_epoch": 1001
}