{
  "phase": "",
  "net_training_time_sec": 7630.428729716688,
  "net_training_time_min": 127.17381216194481,
  "min_mse": 0.000498305365908891,
  "min_mse_epoch": 101,
  "min_rmse": 0.004462103359401226,
  "min_rmse_epoch": 101
}