{
  "Channel 0 (0 = Voltage, 1 = Recovery Current)": {
    "Avg Mean Absolute Error": 0.003689542645588517,
    "Average Cell Error": 0.003689542878419161,
    "Average Error of Top 10 Worst Cells": 0.016150332987308502,
    "Mean Signed Error (Bias)": 0.003689542645588517,
    "Max Signed Error": 0.8769815564155579,
    "Pct Errors > Avg MAE": 18.285487345383434,
    "Pct Cells with Avg Error > Avg Cell Error": 20.792079207920793,
    "Worst Case Results": {
      "Timestep": 0,
      "Cell [x, y]": [
        0,
        0
      ],
      "Absolute Error": 0.8769815564155579
    },
    "Best Case Results": {
      "Timestep": 74,
      "Cell [x, y]": [
        96,
        53
      ],
      "Absolute Error": 0.0
    },
    "Best/Worst Cells Over Time": {
      "Best Cell [x, y]": [
        57,
        44
      ],
      "Best Cell Avg Error": 0.0010431564878672361,
      "Worst Cell [x, y]": [
        0,
        0
      ],
      "Worst Cell Avg Error": 0.03444226086139679
    },
    "Overall RMSE:": 0.019457917660474777
  },
  "Channel 1 (0 = Voltage, 1 = Recovery Current)": {
    "Avg Mean Absolute Error": 0.01045790035277605,
    "Average Cell Error": 0.01045790035277605,
    "Average Error of Top 10 Worst Cells": 0.026283983141183853,
    "Mean Signed Error (Bias)": 0.01045790035277605,
    "Max Signed Error": 0.4465121030807495,
    "Pct Errors > Avg MAE": 24.75916136929763,
    "Pct Cells with Avg Error > Avg Cell Error": 35.64356435643564,
    "Worst Case Results": {
      "Timestep": 34,
      "Cell [x, y]": [
        0,
        0
      ],
      "Absolute Error": 0.4465121030807495
    },
    "Best Case Results": {
      "Timestep": 2,
      "Cell [x, y]": [
        99,
        46
      ],
      "Absolute Error": 0.0
    },
    "Best/Worst Cells Over Time": {
      "Best Cell [x, y]": [
        93,
        75
      ],
      "Best Cell Avg Error": 0.0043410309590399265,
      "Worst Cell [x, y]": [
        100,
        100
      ],
      "Worst Cell Avg Error": 0.04418882727622986
    },
    "Overall RMSE:": 0.02217448130249977
  }
}