{
  "model_name": "./PINO/Baseline/Rollout/1_frame/Results_planar_PINO_finite_difference_0.01_resloss_0.1_icloss_0.1_bcloss_0.0_wloss_mse_eval_0.55_D_1_frames_30_10_2025-19_32",
  "timesteps": [
    0,
    1
  ],
  "mse": {
    "Voltage": [
      0.0,
      0.0026156767271459103,
      0.005623500328511,
      0.008166332729160786,
      0.010044760070741177,
      0.011235594749450684,
      0.011797325685620308,
      0.011843868531286716,
      0.011504501104354858,
      0.010911858640611172,
      0.010220586322247982,
      0.009605666622519493,
      0.009198437444865704,
      0.009025843814015388,
      0.009034402668476105,
      0.009176928550004959,
      0.00947071798145771,
      0.009985202923417091,
      0.01079286728054285,
      0.011936367489397526,
      0.01343004684895277,
      0.015266573056578636,
      0.017397956922650337,
      0.019703660160303116,
      0.022014696151018143,
      0.02418474107980728,
      0.026069583371281624,
      0.02746346779167652,
      0.028111429885029793,
      0.02780592255294323,
      0.02652459405362606,
      0.02455141581594944,
      0.022453030571341515,
      0.020942816510796547,
      0.020711036399006844,
      0.021738938987255096,
      0.023190833628177643,
      0.024316707625985146,
      0.02466769516468048,
      0.02417268231511116,
      0.02321290224790573,
      0.022469518706202507,
      0.022648874670267105,
      0.024304810911417007,
      0.027822917327284813,
      0.03350770100951195,
      0.04159888997673988,
      0.051982540637254715,
      0.06363081187009811,
      0.07486904412508011,
      0.08545771986246109,
      0.09687387943267822,
      0.10972820222377777,
      0.12325213104486465,
      0.13626253604888916,
      0.14758990705013275,
      0.15643879771232605,
      0.16263727843761444,
      0.16677799820899963,
      0.1697632372379303,
      0.17208914458751678,
      0.17320837080478668,
      0.17170529067516327,
      0.16637085378170013,
      0.15770825743675232,
      0.1486736536026001,
      0.14311756193637848,
      0.14323119819164276,
      0.14862312376499176,
      0.15767692029476166,
      0.1699313223361969,
      0.18678319454193115,
      0.2092556208372116,
      0.23447732627391815,
      0.25581416487693787,
      0.26934781670570374,
      0.27757009863853455,
      0.285625696182251,
      0.2965018153190613,
      0.31020525097846985,
      0.32587942481040955,
      0.34277963638305664,
      0.3600214123725891,
      0.3767665922641754,
      0.39264994859695435,
      0.40791037678718567,
      0.42301473021507263,
      0.4381651282310486,
      0.4531986117362976,
      0.4679107069969177,
      0.4806469976902008,
      0.4887678325176239,
      0.4902496933937073,
      0.4848649501800537,
      0.47511574625968933,
      0.4650311768054962,
      0.4586426913738251,
      0.45849326252937317,
      0.46539315581321716,
      0.4786171317100525,
      0.49624356627464294,
      0.5163058638572693,
      0.5380337238311768,
      0.5635575652122498,
      0.594811737537384,
      0.6224268078804016,
      0.6508738398551941,
      0.6785315871238708,
      0.7011322975158691,
      0.7153521776199341,
      0.7189874649047852,
      0.7101143598556519,
      0.6900331377983093,
      0.6620685458183289,
      0.6305807828903198,
      0.5995400547981262,
      0.5719589591026306,
      0.549832820892334,
      0.5331620573997498,
      0.5185114741325378,
      0.5033712387084961,
      0.4867357909679413,
      0.4683838188648224,
      0.44895845651626587,
      0.4294338822364807,
      0.4106830954551697,
      0.3935614824295044,
      0.3788735568523407,
      0.36673060059547424,
      0.35666778683662415,
      0.3477383255958557,
      0.339143306016922,
      0.3302605450153351,
      0.3206239640712738,
      0.31008291244506836,
      0.2988746464252472,
      0.28754544258117676,
      0.2767111361026764,
      0.2667334973812103,
      0.25754979252815247,
      0.24863466620445251,
      0.23921261727809906,
      0.22862213850021362,
      0.21663179993629456,
      0.2035360187292099,
      0.19006073474884033,
      0.17730705440044403,
      0.16646888852119446,
      0.15723538398742676,
      0.14856310188770294,
      0.14007297158241272,
      0.13179899752140045,
      0.12392769008874893,
      0.11669714748859406,
      0.11030799895524979,
      0.10493147373199463,
      0.10078493505716324,
      0.09801679849624634,
      0.09647523611783981,
      0.09570255130529404,
      0.09520679712295532,
      0.09469711035490036,
      0.09410864114761353,
      0.09353195130825043,
      0.09302814304828644,
      0.09253514558076859,
      0.09204158931970596,
      0.09169334918260574,
      0.09168054908514023,
      0.09216348081827164,
      0.09322915226221085,
      0.09487956762313843,
      0.09701279550790787,
      0.09958373010158539,
      0.10272451490163803,
      0.10670801997184753,
      0.11204390227794647,
      0.11924640834331512,
      0.12854880094528198,
      0.13991999626159668,
      0.15304714441299438,
      0.16756266355514526,
      0.18331100046634674,
      0.20068767666816711,
      0.2200271487236023,
      0.23920206725597382,
      0.25544273853302,
      0.26890087127685547,
      0.28090420365333557,
      0.2917872369289398,
      0.301576167345047,
      0.31097501516342163,
      0.32076916098594666,
      0.3313784599304199,
      0.34331345558166504
    ],