{
  "model_name": "./PINO/Baseline/Rollout/1_frame/Results_planar_PINO_finite_difference_0.01_resloss_0.1_icloss_0.1_bcloss_0.0_wloss_mse_eval_0.55_D_1_frames_30_10_2025-19_32",
  "timesteps": [
    0,
    1
  ],
  "rmse": {
    "Voltage": [
      0.0,
      0.05114368721842766,
      0.07499000430107117,
      0.09036776423454285,
      0.10022354871034622,
      0.10599809139966965,
      0.10861549526453018,
      0.10882953554391861,
      0.10725903511047363,
      0.10445984452962875,
      0.10109691321849823,
      0.09800850600004196,
      0.09590848535299301,
      0.09500443935394287,
      0.09504947811365128,
      0.09579628705978394,
      0.09731761366128922,
      0.09992598742246628,
      0.10388872772455215,
      0.10925368219614029,
      0.1158880814909935,
      0.12355797737836838,
      0.1319013088941574,
      0.1403697282075882,
      0.14837349951267242,
      0.1555144339799881,
      0.1614607870578766,
      0.16572105884552002,
      0.16766463220119476,
      0.16675108671188354,
      0.16286373138427734,
      0.15668891370296478,
      0.14984335005283356,
      0.14471633732318878,
      0.14391329884529114,
      0.1474413126707077,
      0.1522853672504425,
      0.15593814849853516,
      0.15705952048301697,
      0.1554756611585617,
      0.152357816696167,
      0.14989836513996124,
      0.15049542486667633,
      0.1559000015258789,
      0.1668020337820053,
      0.18305109441280365,
      0.20395806431770325,
      0.2279967963695526,
      0.2522514760494232,
      0.2736220955848694,
      0.2923315167427063,
      0.3112456798553467,
      0.33125248551368713,
      0.3510728180408478,
      0.36913755536079407,
      0.38417431712150574,
      0.39552345871925354,
      0.40328311920166016,
      0.40838462114334106,
      0.4120233356952667,
      0.4148362874984741,
      0.41618308424949646,
      0.41437336802482605,
      0.4078858196735382,
      0.3971249759197235,
      0.38558223843574524,
      0.37830883264541626,
      0.37845897674560547,
      0.3855167031288147,
      0.3970855474472046,
      0.4122272729873657,
      0.43218421936035156,
      0.4574446678161621,
      0.48422858119010925,
      0.5057807564735413,
      0.5189872980117798,
      0.5268492102622986,
      0.5344396233558655,
      0.5445197820663452,
      0.5569607019424438,
      0.5708584785461426,
      0.5854738354682922,
      0.6000178456306458,
      0.6138131618499756,
      0.6266178488731384,
      0.6386786103248596,
      0.6503958106040955,
      0.6619404554367065,
      0.673200249671936,
      0.6840400099754333,
      0.6932870745658875,
      0.6991193294525146,
      0.700178325176239,
      0.6963224411010742,
      0.6892864108085632,
      0.6819319725036621,
      0.6772316098213196,
      0.6771212816238403,
      0.6821972727775574,
      0.6918215751647949,
      0.7044456005096436,
      0.7185442447662354,
      0.7335078120231628,
      0.7507047057151794,
      0.7712404131889343,
      0.7889403104782104,
      0.8067675232887268,
      0.8237302899360657,
      0.8373364210128784,
      0.8457849621772766,
      0.8479312658309937,
      0.8426828384399414,
      0.8306823372840881,
      0.8136759400367737,
      0.7940911650657654,
      0.7742997407913208,
      0.756279706954956,
      0.7415071129798889,
      0.730179488658905,
      0.720077395439148,
      0.7094866037368774,
      0.6976644992828369,
      0.6843857169151306,
      0.6700436472892761,
      0.6553120613098145,
      0.6408455967903137,
      0.6273447871208191,
      0.6155270338058472,
      0.6055828332901001,
      0.5972167253494263,
      0.5896934270858765,
      0.5823600888252258,
      0.5746830105781555,
      0.566236674785614,
      0.5568509101867676,
      0.546694278717041,
      0.5362326502799988,
      0.5260334014892578,
      0.516462504863739,
      0.5074936151504517,
      0.4986327886581421,
      0.4890936613082886,
      0.47814446687698364,
      0.4654372036457062,
      0.45114967226982117,
      0.4359595477581024,
      0.4210784435272217,
      0.4080059826374054,
      0.3965291678905487,
      0.38543882966041565,
      0.3742632269859314,
      0.36304131150245667,
      0.3520336449146271,
      0.3416096568107605,
      0.3321264684200287,
      0.3239312767982483,
      0.3174664378166199,
      0.31307634711265564,
      0.31060463190078735,
      0.30935829877853394,
      0.3085559904575348,
      0.30772894620895386,
      0.30677130818367004,
      0.3058299422264099,
      0.30500516295433044,
      0.30419591069221497,
      0.30338355898857117,
      0.30280908942222595,
      0.3027879595756531,
      0.30358439683914185,
      0.3053344786167145,
      0.3080252707004547,
      0.31146878004074097,
      0.3155688941478729,
      0.32050666213035583,
      0.32666194438934326,
      0.3347295820713043,
      0.3453207314014435,
      0.3585370182991028,
      0.3740588128566742,
      0.3912124037742615,
      0.4093441963195801,
      0.4281483292579651,
      0.4479817748069763,
      0.46907052397727966,
      0.48908287286758423,
      0.5054134130477905,
      0.518556535243988,
      0.5300039649009705,
      0.540173351764679,
      0.5491595268249512,
      0.5576513409614563,
      0.5663648843765259,
      0.5756548047065735,
      0.5859295725822449
    ],