{
  "Channel 0 (0 = Voltage, 1 = Recovery Current)": {
    "Avg Mean Absolute Error": 0.04189879447221756,
    "Average Cell Error": 0.04189880192279816,
    "Average Error of Top 10 Worst Cells": 0.05806226655840874,
    "Mean Signed Error (Bias)": 0.04189879447221756,
    "Max Signed Error": 0.8879311680793762,
    "Pct Errors > Avg MAE": 22.886544556969024,
    "Pct Cells with Avg Error > Avg Cell Error": 35.64356435643564,
    "Worst Case Results": {
      "Timestep": 194,
      "Cell [x, y]": [
        67,
        0
      ],
      "Absolute Error": 0.8879311680793762
    },
    "Best Case Results": {
      "Timestep": 29,
      "Cell [x, y]": [
        0,
        73
      ],
      "Absolute Error": 0.0
    },
    "Best/Worst Cells Over Time": {
      "Best Cell [x, y]": [
        5,
        90
      ],
      "Best Cell Avg Error": 0.013502588495612144,
      "Worst Cell [x, y]": [
        100,
        0
      ],
      "Worst Cell Avg Error": 0.09854327887296677
    },
    "Overall RMSE:": 0.08322761207818985
  },
  "Channel 1 (0 = Voltage, 1 = Recovery Current)": {
    "Avg Mean Absolute Error": 0.06144318729639053,
    "Average Cell Error": 0.06144319102168083,
    "Average Error of Top 10 Worst Cells": 0.07554136216640472,
    "Mean Signed Error (Bias)": 0.06144318729639053,
    "Max Signed Error": 0.7019292712211609,
    "Pct Errors > Avg MAE": 38.39055497324295,
    "Pct Cells with Avg Error > Avg Cell Error": 37.62376237623762,
    "Worst Case Results": {
      "Timestep": 194,
      "Cell [x, y]": [
        16,
        29
      ],
      "Absolute Error": 0.7019292712211609
    },
    "Best Case Results": {
      "Timestep": 4,
      "Cell [x, y]": [
        13,
        9
      ],
      "Absolute Error": 5.960464477539063e-08
    },
    "Best/Worst Cells Over Time": {
      "Best Cell [x, y]": [
        56,
        34
      ],
      "Best Cell Avg Error": 0.034044064581394196,
      "Worst Cell [x, y]": [
        100,
        0
      ],
      "Worst Cell Avg Error": 0.11235389113426208
    },
    "Overall RMSE:": 0.08136209845542908
  }
}