{
  "phase": "",
  "net_training_time_sec": 37834.61638202891,
  "net_training_time_min": 630.5769397004818,
  "min_mse": 0.00034209032310172915,
  "min_mse_epoch": 1001,
  "min_rmse": 0.0036980805452913046,
  "min_rmse_epoch": 1001
}