{
  "model_name": "./FNO_New/Baseline/Rollout/5_frame/Results_centrifugal_Data_Only_mse_5_frames_31_10_2025-17_57",
  "timesteps": [
    0,
    1
  ],
  "mse": {
    "Voltage": [
      0.0,
      0.0,
      0.0,
      0.0,
      0.0,
      0.03969747945666313,
      0.013184892013669014,
      0.015457085333764553,
      0.015003328211605549,
      0.02167799323797226,
      0.052077025175094604,
      0.03994675353169441,
      0.04527941346168518,
      0.04387412220239639,
      0.05555596947669983,
      0.07698161154985428,
      0.07630971819162369,
      0.08316512405872345,
      0.08050411939620972,
      0.09282702207565308,
      0.10720334202051163,
      0.11398588120937347,
      0.1219903752207756,
      0.11895284056663513,
      0.12938962876796722,
      0.13667118549346924,
      0.14721597731113434,
      0.15607313811779022,
      0.15329530835151672,
      0.16119857132434845,
      0.16129080951213837,
      0.1731606125831604,
      0.1814449429512024,
      0.17848888039588928,
      0.18350578844547272,
      0.1764925867319107,
      0.18713465332984924,
      0.19169840216636658,
      0.18660534918308258,
      0.18741045892238617,
      0.17446371912956238,
      0.18232420086860657,
      0.1834469884634018,
      0.1811925172805786,
      0.1846913844347,
      0.1764317750930786,
      0.18923413753509521,
      0.19400660693645477,
      0.19914551079273224,
      0.20657925307750702,
      0.1974693089723587,
      0.2106606364250183,
      0.21508370339870453,
      0.22152584791183472,
      0.23061999678611755,
      0.21901704370975494,
      0.23219038546085358,
      0.23659391701221466,
      0.24443283677101135,
      0.2554214894771576,
      0.24096743762493134,
      0.2538478672504425,
      0.25841060280799866,
      0.26787105202674866,
      0.2810434401035309,
      0.2632078528404236,
      0.27593711018562317,
      0.2807331383228302,
      0.2920103371143341,
      0.3073093891143799,
      0.2855672240257263,
      0.2986191511154175,
      0.3037419319152832,
      0.3165324032306671,
      0.3339792490005493,
      0.3078705668449402,
      0.32199913263320923,
      0.32725459337234497,
      0.3410472273826599,
      0.360989511013031,
      0.33012884855270386,
      0.3452637493610382,
      0.35194143652915955,
      0.36916935443878174,
      0.3929837942123413,
      0.3544861376285553,
      0.3669874966144562,
      0.36972200870513916,
      0.3782077729701996,
      0.39519941806793213,
      0.3499700725078583,
      0.3592410981655121,
      0.3600224554538727,
      0.36520758271217346,
      0.37850499153137207,
      0.3316269516944885,
      0.3387286365032196,
      0.33869028091430664,
      0.3411557078361511,
      0.35065433382987976,
      0.3041512072086334,
      0.3092399835586548,
      0.30861255526542664,
      0.30851104855537415,
      0.3141991198062897,
      0.26952943205833435,
      0.2726360559463501,
      0.27158430218696594,
      0.2687964141368866,
      0.27103501558303833,
      0.22964343428611755,
      0.23032373189926147,
      0.2291048914194107,
      0.22393086552619934,
      0.2230050414800644,
      0.18650607764720917,
      0.18430952727794647,
      0.18316741287708282,
      0.17625947296619415,
      0.17268066108226776,
      0.14262615144252777,
      0.13788673281669617,
      0.13608583807945251,
      0.12801246345043182,
      0.12240468710660934,
      0.10024122893810272,
      0.09610132873058319,
      0.0960155799984932,
      0.09061658382415771,
      0.0862063392996788,
      0.07143207639455795,
      0.06776071339845657,
      0.0680982917547226,
      0.06361924856901169,
      0.060007937252521515,
      0.049633610993623734,
      0.0462091825902462,
      0.0464620441198349,
      0.04271164909005165,
      0.03999636322259903,
      0.032907597720623016,
      0.02978445030748844,
      0.029815586283802986,
      0.026689689606428146,
      0.024894461035728455,
      0.02044047974050045,
      0.017567941918969154,
      0.01744159311056137,
      0.01501758024096489,
      0.014006836339831352,
      0.011629738844931126,
      0.009089149534702301,
      0.008805078454315662,
      0.007198041304945946,
      0.006776994094252586,
      0.005839454010128975,
      0.003881121287122369,
      0.0035006976686418056,
      0.002699150936678052,
      0.002716362476348877,
      0.0025767541956156492,
      0.0013808856019750237,
      0.0009589838446117938,
      0.000864001049194485,
      0.0011459429515525699,
      0.0013507191324606538,
      0.0008106711320579052,
      0.0004581253742799163,
      0.0007549453293904662,
      0.0010993513278663158,
      0.0013461137423291802,
      0.0008374203462153673,
      0.00046249572187662125,
      0.0007600426324643195,
      0.0011008245637640357,
      0.0013467720709741116,
      0.0008381902589462698,
      0.0004626249137800187,
      0.0007601930410601199,
      0.0011008746223524213,
      0.001346806762740016,
      0.0008382272790186107,
      0.00046263085096143186,
      0.0007602000259794295,
      0.0011008770670741796,
      0.0013468089746311307,
      0.0008382293162867427,
      0.00046263114199973643,
      0.0007602004334330559,
      0.0011008772999048233,
      0.0013468090910464525,
      0.0008382294909097254,
      0.00046263114199973643,
      0.000760200317017734,
      0.0011008772999048233,
      0.0013468090910464525,
      0.0008382294909097254,
      0.00046263114199973643,
      0.000760200375225395,
      0.0011008770670741796
    ],