{
  "model_name": "./FNO_New/Baseline/Rollout/5_frame/Results_centrifugal_Data_Only_mse_5_frames_31_10_2025-17_57",
  "timesteps": [
    0,
    1
  ],
  "rmse": {
    "Voltage": [
      0.0,
      0.0,
      0.0,
      0.0,
      0.0,
      0.1992422640323639,
      0.11482548713684082,
      0.12432652711868286,
      0.12248807400465012,
      0.1472344845533371,
      0.2282039076089859,
      0.19986684620380402,
      0.2127895951271057,
      0.209461510181427,
      0.23570314049720764,
      0.277455598115921,
      0.27624213695526123,
      0.2883836328983307,
      0.28373247385025024,
      0.30467528104782104,
      0.3274192214012146,
      0.337617963552475,
      0.3492712080478668,
      0.3448953926563263,
      0.35970771312713623,
      0.3696906566619873,
      0.3836873471736908,
      0.3950609266757965,
      0.3915294408798218,
      0.40149542689323425,
      0.40161028504371643,
      0.41612571477890015,
      0.42596355080604553,
      0.42247945070266724,
      0.4283757507801056,
      0.42011019587516785,
      0.43259063363075256,
      0.4378337562084198,
      0.43197840452194214,
      0.4329093098640442,
      0.4176885485649109,
      0.4269943833351135,
      0.42830711603164673,
      0.4256671369075775,
      0.42975735664367676,
      0.4200378358364105,
      0.43501049280166626,
      0.44046181440353394,
      0.44625723361968994,
      0.4545099139213562,
      0.4443751871585846,
      0.4589778184890747,
      0.46377116441726685,
      0.4706653356552124,
      0.48022910952568054,
      0.4679925739765167,
      0.4818613827228546,
      0.4864092171192169,
      0.4944014847278595,
      0.5053924322128296,
      0.49088433384895325,
      0.5038331747055054,
      0.5083410143852234,
      0.5175626277923584,
      0.5301352739334106,
      0.5130378603935242,
      0.5252971649169922,
      0.5298425555229187,
      0.5403798222541809,
      0.5543549060821533,
      0.5343849062919617,
      0.5464605689048767,
      0.5511278510093689,
      0.5626121163368225,
      0.5779093503952026,
      0.5548608303070068,
      0.567449688911438,
      0.5720617175102234,
      0.5839924812316895,
      0.6008239984512329,
      0.5745683908462524,
      0.5875914692878723,
      0.5932465195655823,
      0.6075930595397949,
      0.6268842220306396,
      0.5953873991966248,
      0.6057949066162109,
      0.6080477237701416,
      0.614986002445221,
      0.6286488771438599,
      0.5915826559066772,
      0.5993672609329224,
      0.6000187397003174,
      0.6043240427970886,
      0.6152275800704956,
      0.5758705735206604,
      0.5820040106773376,
      0.5819710493087769,
      0.5840853452682495,
      0.5921607613563538,
      0.55149906873703,
      0.5560935139656067,
      0.5555290579795837,
      0.5554376840591431,
      0.560534656047821,
      0.5191622376441956,
      0.5221456289291382,
      0.521137535572052,
      0.5184558033943176,
      0.5206102132797241,
      0.4792112708091736,
      0.47992053627967834,
      0.4786490201950073,
      0.4732133448123932,
      0.4722341001033783,
      0.4318634867668152,
      0.4293128550052643,
      0.4279806315898895,
      0.41983267664909363,
      0.4155486226081848,
      0.37765878438949585,
      0.37133103609085083,
      0.3688981533050537,
      0.3577882945537567,
      0.34986379742622375,
      0.3166089653968811,
      0.3100021481513977,
      0.309863805770874,
      0.3010258972644806,
      0.2936091721057892,
      0.26726779341697693,
      0.2603088915348053,
      0.2609564960002899,
      0.2522285580635071,
      0.24496518075466156,
      0.22278602421283722,
      0.21496321260929108,
      0.21555055677890778,
      0.2066679745912552,
      0.199990913271904,
      0.18140451610088348,
      0.1725817173719406,
      0.17267189919948578,
      0.1633697897195816,
      0.1577797830104828,
      0.14297020435333252,
      0.1325441151857376,
      0.13206662237644196,
      0.1225462406873703,
      0.11835048347711563,
      0.10784126818180084,
      0.09533703327178955,
      0.09383537620306015,
      0.0848412737250328,
      0.08232250064611435,
      0.07641632109880447,
      0.062298644334077835,
      0.059166692197322845,
      0.051953352987766266,
      0.052118733525276184,
      0.050761740654706955,
      0.03716026991605759,
      0.030967464670538902,
      0.029393894597887993,
      0.033851779997348785,
      0.0367521308362484,
      0.028472287580370903,
      0.02140386402606964,
      0.027476267889142036,
      0.033156465739011765,
      0.03668942302465439,
      0.028938215225934982,
      0.02150571346282959,
      0.027568871155381203,
      0.033178675919771194,
      0.036698393523693085,
      0.02895151637494564,
      0.0215087179094553,
      0.027571598067879677,
      0.03317943215370178,
      0.03669886663556099,
      0.028952155262231827,
      0.021508855745196342,
      0.027571724727749825,
      0.03317946940660477,
      0.03669889643788338,
      0.028952190652489662,
      0.02150886133313179,
      0.02757173217833042,
      0.03317946940660477,
      0.03669889643788338,
      0.02895219251513481,
      0.02150886133313179,
      0.027571730315685272,
      0.03317946940660477,
      0.03669889643788338,
      0.02895219251513481,
      0.02150886133313179,
      0.02757173217833042,
      0.03317946940660477
    ],