{
  "model_name": "./PINO_adapt/Baseline/Rollout/1_frame/Results_chaotic_PINO_finite_difference_0.01_resloss_0.1_icloss_0.1_bcloss_0.0_wloss_mse_eval_0.55_D_1_frames_31_10_2025-09_45",
  "timesteps": [
    0,
    1
  ],
  "mse": {
    "Voltage": [
      0.0,
      0.0013843347551301122,
      0.004255573730915785,
      0.007508197799324989,
      0.010758696123957634,
      0.014037810266017914,
      0.017541181296110153,
      0.021468350663781166,
      0.025957152247428894,
      0.031081264838576317,
      0.036869779229164124,
      0.04331936687231064,
      0.050390854477882385,
      0.05799994617700577,
      0.06601853668689728,
      0.07430187612771988,
      0.08281277865171432,
      0.09204238653182983,
      0.10118330270051956,
      0.10861742496490479,
      0.11452144384384155,
      0.11909691989421844,
      0.12285839766263962,
      0.12741702795028687,
      0.13232330977916718,
      0.13668550550937653,
      0.14065660536289215,
      0.1443021595478058,
      0.14796148240566254,
      0.1514621526002884,
      0.15439356863498688,
      0.1571585237979889,
      0.15994246304035187,
      0.16280518472194672,
      0.165705144405365,
      0.16858777403831482,
      0.1715235412120819,
      0.1745060235261917,
      0.17746049165725708,
      0.18060168623924255,
      0.1839219182729721,
      0.1873772144317627,
      0.19095532596111298,
      0.19470565021038055,
      0.19884030520915985,
      0.20331129431724548,
      0.2080782949924469,
      0.21317867934703827,
      0.21859337389469147,
      0.22427473962306976,
      0.23016014695167542,
      0.2361784428358078,
      0.2422453612089157,
      0.24825923144817352,
      0.2541077136993408,
      0.25968560576438904,
      0.26491302251815796,
      0.26974835991859436,
      0.2741987407207489,
      0.2783266305923462,
      0.2822291851043701,
      0.28599005937576294,
      0.2896840572357178,
      0.29332399368286133,
      0.2967734634876251,
      0.29988953471183777,
      0.3026201128959656,
      0.30493879318237305,
      0.3067913353443146,
      0.30812954902648926,
      0.30898648500442505,
      0.30946287512779236,
      0.3096850514411926,
      0.30980634689331055,
      0.30996283888816833,
      0.3102625608444214,
      0.3107854723930359,
      0.31156954169273376,
      0.3126235902309418,
      0.313956081867218,
      0.31560787558555603,
      0.31775468587875366,
      0.3209490180015564,
      0.32576531171798706,
      0.33155357837677,
      0.3369535803794861,
      0.3420783579349518,
      0.34717515110969543,
      0.35198745131492615,
      0.3561583459377289,
      0.3595205247402191,
      0.36212095618247986,
      0.36409857869148254,
      0.3656333088874817,
      0.36694270372390747,
      0.3682137727737427,
      0.3695448637008667,
      0.37090638279914856,
      0.37228095531463623,
      0.3738222122192383,
      0.37569767236709595,
      0.37796494364738464,
      0.3805830478668213,
      0.3834410011768341,
      0.3863643705844879,
      0.3891966938972473,
      0.3918929994106293,
      0.394469290971756,
      0.3969168961048126,
      0.39917832612991333,
      0.4011436104774475,
      0.4026355445384979,
      0.4033316969871521,
      0.4028557538986206,
      0.40112367272377014,
      0.3982623517513275,
      0.39459192752838135,
      0.3916586637496948,
      0.39039158821105957,
      0.3899625837802887,
      0.390082448720932,
      0.3907290995121002,
      0.3914005756378174,
      0.3916391134262085,
      0.391315221786499,
      0.39045223593711853,
      0.3890734612941742,
      0.3873014748096466,
      0.38506367802619934,
      0.3822435140609741,
      0.3789786696434021,
      0.37547287344932556,
      0.3719634711742401,
      0.36871975660324097,
      0.36616209149360657,
      0.3644210994243622,
      0.3636358082294464,
      0.3637116253376007,
      0.36415451765060425,
      0.36441585421562195,
      0.36458858847618103,
      0.3645124137401581,
      0.3638696074485779,
      0.36250048875808716,
      0.3604849874973297,
      0.3581012189388275,
      0.355741411447525,
      0.35378170013427734,
      0.3524811267852783,
      0.35193657875061035,
      0.35222128033638,
      0.3532605469226837,
      0.3550809919834137,
      0.35765302181243896,
      0.3608284592628479,
      0.36436063051223755,
      0.367825448513031,
      0.3706289231777191,
      0.37210792303085327,
      0.3716549277305603,
      0.3692021369934082,
      0.36547133326530457,
      0.36084526777267456,
      0.3554348647594452,
      0.34935662150382996,
      0.3428366482257843,
      0.3362627327442169,
      0.3301709294319153,
      0.3251931071281433,
      0.3218817412853241,
      0.3206399083137512,
      0.32170969247817993,
      0.3251127004623413,
      0.3305559754371643,
      0.3373976945877075,
      0.3448292315006256,
      0.3522590100765228,
      0.3593413829803467,
      0.3656522035598755,
      0.37065762281417847,
      0.374051570892334,
      0.3760184943675995,
      0.37716034054756165,
      0.37820446491241455,
      0.37972089648246765,
      0.38190293312072754,
      0.3845423758029938,
      0.38731807470321655,
      0.38997170329093933,
      0.39228320121765137,
      0.3941591680049896,
      0.3956543207168579,
      0.39698803424835205,
      0.3984026610851288,
      0.4000526964664459,
      0.40198081731796265,
      0.4042911231517792,
      0.40684521198272705,
      0.40909543633461,
      0.41058340668678284
    ],