{
  "model_name": "./PINO_adapt/Baseline/Rollout/1_frame/Results_planar_PINO_finite_difference_0.01_resloss_0.1_icloss_0.1_bcloss_0.0_wloss_mse_eval_0.55_D_1_frames_31_10_2025-09_45",
  "timesteps": [
    0,
    1
  ],
  "mse": {
    "Voltage": [
      0.0,
      0.00015792522754054517,
      0.0003258554788772017,
      0.0005011387984268367,
      0.0008987343171611428,
      0.0016043902141973376,
      0.0025649615563452244,
      0.0037532970309257507,
      0.005236061289906502,
      0.007087100762873888,
      0.009239545091986656,
      0.011618844233453274,
      0.014093726873397827,
      0.016407817602157593,
      0.018355345353484154,
      0.02008677087724209,
      0.02238016575574875,
      0.02661874145269394,
      0.03433705121278763,
      0.04637058824300766,
      0.06116974353790283,
      0.0759085938334465,
      0.08948443830013275,
      0.10115266591310501,
      0.11168744415044785,
      0.12306087464094162,
      0.13738316297531128,
      0.15639783442020416,
      0.18187153339385986,
      0.21657690405845642,
      0.260652095079422,
      0.3120347261428833,
      0.36952757835388184,
      0.43650388717651367,
      0.5203123092651367,
      0.6237748265266418,
      0.7416876554489136,
      0.8654158711433411,
      0.9853289723396301,
      1.0947461128234863,
      1.1906315088272095,
      1.272011637687683,
      1.3395522832870483,
      1.3924446105957031,
      1.431958794593811,
      1.4599125385284424,
      1.4762543439865112,
      1.4781399965286255,
      1.4644657373428345,
      1.4356499910354614,
      1.3936008214950562,
      1.341971516609192,
      1.2867623567581177,
      1.235419750213623,
      1.1943700313568115,
      1.168853759765625,
      1.1612707376480103,
      1.1735877990722656,
      1.2080657482147217,
      1.2704375982284546,
      1.3697055578231812,
      1.5092226266860962,
      1.6862529516220093,
      1.8951481580734253,
      2.115692138671875,
      2.3265721797943115,
      2.506545066833496,
      2.6363706588745117,
      2.7060043811798096,
      2.7275805473327637,
      2.7146809101104736,
      2.675408124923706,
      2.62680983543396,
      2.577908992767334,
      2.528930187225342,
      2.4899702072143555,
      2.4675838947296143,
      2.4628403186798096,
      2.4769749641418457,
      2.503711700439453,
      2.5368480682373047,
      2.5736870765686035,
      2.6130645275115967,
      2.6593358516693115,
      2.7210206985473633,
      2.8054144382476807,
      2.916455030441284,
      3.054875135421753,
      3.2214810848236084,
      3.4183197021484375,
      3.6451518535614014,
      3.9046013355255127,
      4.199302673339844,
      4.529527187347412,
      4.887406349182129,
      5.250206470489502,
      5.587296009063721,
      5.869285583496094,
      6.082413673400879,
      6.236000061035156,
      6.338720798492432,
      6.398617744445801,
      6.436643600463867,
      6.477355003356934,
      6.555792331695557,
      6.686375617980957,
      6.8532938957214355,
      7.043105125427246,
      7.241817951202393,
      7.434173583984375,
      7.608046054840088,
      7.755226135253906,
      7.867096900939941,
      7.934512138366699,
      7.952061653137207,
      7.911592960357666,
      7.805863857269287,
      7.621593952178955,
      7.360603332519531,
      7.04376220703125,
      6.6872124671936035,
      6.313246726989746,
      5.945478439331055,
      5.608173847198486,
      5.327378749847412,
      5.1337103843688965,
      5.059117794036865,
      5.117138385772705,
      5.287398338317871,
      5.535511016845703,
      5.818399906158447,
      6.099107265472412,
      6.347465991973877,
      6.547595500946045,
      6.705477714538574,
      6.835964202880859,
      6.956272602081299,
      7.074578762054443,
      7.190737724304199,
      7.292379379272461,
      7.374278545379639,
      7.44455623626709,
      7.510217666625977,
      7.574638843536377,
      7.642367362976074,
      7.6949238777160645,
      7.698623180389404,
      7.63769006729126,
      7.499751567840576,
      7.2500481605529785,
      6.892343997955322,
      6.453685283660889,
      5.964033603668213,
      5.4642229080200195,
      5.014392375946045,
      4.665269374847412,
      4.439095973968506,
      4.335987567901611,
      4.3250837326049805,
      4.372595310211182,
      4.490495681762695,
      4.688412189483643,
      4.922658920288086,
      5.1262288093566895,
      5.250711917877197,
      5.272273063659668,
      5.187719821929932,
      5.001368999481201,
      4.752334117889404,
      4.480090618133545,
      4.204615116119385,
      3.953657627105713,
      3.750995635986328,
      3.6077301502227783,
      3.51249361038208,
      3.4637818336486816,
      3.4877638816833496,
      3.619739294052124,
      3.8840110301971436,
      4.2729597091674805,
      4.742637634277344,
      5.225081920623779,
      5.650343418121338,
      5.9752516746521,
      6.188314914703369,
      6.302608966827393,
      6.349133014678955,
      6.363762378692627,
      6.377247333526611,
      6.413357257843018,
      6.492504596710205,
      6.623440742492676,
      6.802700042724609,
      7.020835876464844,
      7.2739129066467285
    ],