{
  "model_name": "./PINO_adapt/Baseline/Rollout/1_frame/Results_planar_PINO_finite_difference_0.01_resloss_0.1_icloss_0.1_bcloss_0.0_wloss_mse_eval_0.55_D_1_frames_31_10_2025-09_45",
  "timesteps": [
    0,
    1
  ],
  "rmse": {
    "Voltage": [
      0.0,
      0.012566830031573772,
      0.018051467835903168,
      0.022386129945516586,
      0.02997889742255211,
      0.040054839104413986,
      0.05064544826745987,
      0.06126415729522705,
      0.07236063480377197,
      0.0841849222779274,
      0.09612255543470383,
      0.1077907457947731,
      0.1187169998884201,
      0.12809300422668457,
      0.13548189401626587,
      0.14172780513763428,
      0.14960001409053802,
      0.1631525158882141,
      0.18530260026454926,
      0.2153383046388626,
      0.24732518196105957,
      0.2755151391029358,
      0.29913949966430664,
      0.31804507970809937,
      0.33419671654701233,
      0.3508003354072571,
      0.37065234780311584,
      0.3954716622829437,
      0.4264639914035797,
      0.4653782248497009,
      0.5105409622192383,
      0.558600664138794,
      0.6078878045082092,
      0.6606844067573547,
      0.7213267683982849,
      0.7897941470146179,
      0.8612129092216492,
      0.9302772879600525,
      0.9926373958587646,
      1.0463011264801025,
      1.0911606550216675,
      1.1278349161148071,
      1.1573902368545532,
      1.1800189018249512,
      1.1966447830200195,
      1.208268404006958,
      1.2150120735168457,
      1.2157877683639526,
      1.2101510763168335,
      1.1981861591339111,
      1.1805087327957153,
      1.1584349870681763,
      1.1343554258346558,
      1.1114944219589233,
      1.0928723812103271,
      1.0811353921890259,
      1.0776227712631226,
      1.083322525024414,
      1.0991204977035522,
      1.1271369457244873,
      1.1703442335128784,
      1.2285041809082031,
      1.298557996749878,
      1.3766437768936157,
      1.4545419216156006,
      1.5253105163574219,
      1.5832072496414185,
      1.6236904859542847,
      1.644993782043457,
      1.6515388488769531,
      1.647628903388977,
      1.6356674432754517,
      1.6207436323165894,
      1.6055867671966553,
      1.5902611017227173,
      1.577963948249817,
      1.5708545446395874,
      1.5693439245224,
      1.573840856552124,
      1.5823121070861816,
      1.5927486419677734,
      1.6042715311050415,
      1.6164976358413696,
      1.6307470798492432,
      1.6495516300201416,
      1.674937129020691,
      1.7077631950378418,
      1.7478201389312744,
      1.7948484420776367,
      1.848869800567627,
      1.9092280864715576,
      1.9760063886642456,
      2.049220085144043,
      2.1282684803009033,
      2.2107479572296143,
      2.291332960128784,
      2.363746166229248,
      2.4226608276367188,
      2.466254949569702,
      2.4971983432769775,
      2.51768159866333,
      2.5295488834381104,
      2.5370540618896484,
      2.545064926147461,
      2.5604281425476074,
      2.5858027935028076,
      2.617879629135132,
      2.6538848876953125,
      2.6910626888275146,
      2.7265679836273193,
      2.7582685947418213,
      2.784820556640625,
      2.8048346042633057,
      2.816826581954956,
      2.8199400901794434,
      2.8127553462982178,
      2.7938976287841797,
      2.760723352432251,
      2.713043212890625,
      2.654008626937866,
      2.5859644412994385,
      2.512617588043213,
      2.4383351802825928,
      2.3681583404541016,
      2.3081114292144775,
      2.2657692432403564,
      2.2492482662200928,
      2.2621092796325684,
      2.2994344234466553,
      2.352766752243042,
      2.4121360778808594,
      2.469637155532837,
      2.5194177627563477,
      2.5588269233703613,
      2.589493751525879,
      2.614567756652832,
      2.637474775314331,
      2.6598079204559326,
      2.6815550327301025,
      2.7004406452178955,
      2.715562343597412,
      2.728471517562866,
      2.7404775619506836,
      2.7522060871124268,
      2.7644832134246826,
      2.773972511291504,
      2.774639368057251,
      2.763637065887451,
      2.738567352294922,
      2.692591428756714,
      2.6253273487091064,
      2.5404105186462402,
      2.4421370029449463,
      2.3375678062438965,
      2.239283800125122,
      2.159923553466797,
      2.1069161891937256,
      2.082303524017334,
      2.079683542251587,
      2.0910751819610596,
      2.1190788745880127,
      2.165274143218994,
      2.2187066078186035,
      2.26411771774292,
      2.291443109512329,
      2.296143054962158,
      2.2776565551757812,
      2.2363741397857666,
      2.1799848079681396,
      2.1166224479675293,
      2.05051589012146,
      1.9883806705474854,
      1.936748743057251,
      1.8994026184082031,
      1.8741648197174072,
      1.86112380027771,
      1.8675556182861328,
      1.9025611877441406,
      1.9707894325256348,
      2.0671138763427734,
      2.177759885787964,
      2.285843849182129,
      2.377045154571533,
      2.4444327354431152,
      2.4876322746276855,
      2.5104997158050537,
      2.5197486877441406,
      2.5226497650146484,
      2.5253212451934814,
      2.5324606895446777,
      2.548039436340332,
      2.5736045837402344,
      2.608198642730713,
      2.649686098098755,
      2.697019338607788
    ],