{
  "Channel 0 (0 = Voltage, 1 = Recovery Current)": {
    "Avg Mean Absolute Error": 0.0027428288012742996,
    "Average Cell Error": 0.002742828568443656,
    "Average Error of Top 10 Worst Cells": 0.006333821453154087,
    "Mean Signed Error (Bias)": 0.0027428288012742996,
    "Max Signed Error": 0.41620486974716187,
    "Pct Errors > Avg MAE": 23.219593855805993,
    "Pct Cells with Avg Error > Avg Cell Error": 35.64356435643564,
    "Worst Case Results": {
      "Timestep": 78,
      "Cell [x, y]": [
        0,
        100
      ],
      "Absolute Error": 0.41620486974716187
    },
    "Best Case Results": {
      "Timestep": 38,
      "Cell [x, y]": [
        54,
        66
      ],
      "Absolute Error": 0.0
    },
    "Best/Worst Cells Over Time": {
      "Best Cell [x, y]": [
        52,
        61
      ],
      "Best Cell Avg Error": 0.0005526159075088799,
      "Worst Cell [x, y]": [
        0,
        0
      ],
      "Worst Cell Avg Error": 0.027695471420884132
    },
    "Overall RMSE:": 0.007180992513895035
  },
  "Channel 1 (0 = Voltage, 1 = Recovery Current)": {
    "Avg Mean Absolute Error": 0.00548687344416976,
    "Average Cell Error": 0.005486874375492334,
    "Average Error of Top 10 Worst Cells": 0.008997145108878613,
    "Mean Signed Error (Bias)": 0.00548687344416976,
    "Max Signed Error": 0.4616658091545105,
    "Pct Errors > Avg MAE": 25.135494509085333,
    "Pct Cells with Avg Error > Avg Cell Error": 25.742574257425744,
    "Worst Case Results": {
      "Timestep": 163,
      "Cell [x, y]": [
        100,
        100
      ],
      "Absolute Error": 0.4616658091545105
    },
    "Best Case Results": {
      "Timestep": 43,
      "Cell [x, y]": [
        46,
        9
      ],
      "Absolute Error": 0.0
    },
    "Best/Worst Cells Over Time": {
      "Best Cell [x, y]": [
        16,
        12
      ],
      "Best Cell Avg Error": 0.002064435975626111,
      "Worst Cell [x, y]": [
        100,
        100
      ],
      "Worst Cell Avg Error": 0.04212021082639694
    },
    "Overall RMSE:": 0.01089466642588377
  }
}