{
  "model_name": "./PINO/Baseline/P2P/5_frame/Results_centrifugal_PINO_finite_difference_0.01_resloss_0.1_icloss_0.1_bcloss_0.0_wloss_mse_eval_0.55_D_5_frames_30_10_2025-19_32",
  "timesteps": [
    0,
    1
  ],
  "mse": {
    "Voltage": [
      0.0008683931082487106,
      3.4339100238867104e-05,
      2.4720109649933875e-05,
      1.4908667253621388e-05,
      1.4186004591465462e-05,
      9.366403901367448e-06,
      7.723248927504756e-06,
      6.9234993134159595e-06,
      6.455079073930392e-06,
      6.185221991472645e-06,
      6.054975074221147e-06,
      6.0082238633185625e-06,
      6.003289854561444e-06,
      6.024376943969401e-06,
      6.070256858947687e-06,
      6.1367863963823766e-06,
      6.209452749317279e-06,
      6.271523488976527e-06,
      6.317063707683701e-06,
      6.353983735607471e-06,
      6.400087386282394e-06,
      6.48483137410949e-06,
      6.656934147031279e-06,
      6.978513283684151e-06,
      7.4865265560219996e-06,
      8.135655662044883e-06,
      8.777785296842922e-06,
      9.225645953847561e-06,
      9.40288828132907e-06,
      9.552475603413768e-06,
      1.0332686542824376e-05,
      1.2331842299317941e-05,
      1.4834322428214364e-05,
      1.57556205522269e-05,
      1.5378918760688975e-05,
      1.807845910661854e-05,
      2.3273092665476725e-05,
      2.302741995663382e-05,
      1.604434692126233e-05,
      1.725353649817407e-05,
      1.5514657206949778e-05,
      1.4277091395342723e-05,
      1.1943509889533743e-05,
      1.0491999091755133e-05,
      1.3192863661970478e-05,
      1.236206207977375e-05,
      7.992577593540773e-06,
      6.2392027757596225e-06,
      5.989838882669574e-06,
      5.583354322880041e-06,
      5.156299266673159e-06,
      4.918682407151209e-06,
      4.878308573097456e-06,
      4.9526261136634275e-06,
      5.035938556829933e-06,
      5.06894275531522e-06,
      5.056272584624821e-06,
      5.037203663960099e-06,
      5.0541329983389005e-06,
      5.12687483933405e-06,
      5.247104581940221e-06,
      5.3917533477942925e-06,
      5.54892721993383e-06,
      5.75157855564612e-06,
      6.062501597625669e-06,
      6.516713256132789e-06,
      7.111323157005245e-06,
      7.812200237822253e-06,
      8.486138540320098e-06,
      8.971020179160405e-06,
      9.534518540021963e-06,
      1.1005491614923812e-05,
      1.345873261016095e-05,
      1.5376383089460433e-05,
      1.9635592252598144e-05,
      4.434932634467259e-05,
      9.601211786502972e-05,
      0.00012961744505446404,
      0.0004617546801455319,
      0.00047287248889915645,
      0.0003054883854929358,
      0.00019863953639287502,
      0.000137071474455297,
      0.00010927123366855085,
      8.452958718407899e-05,
      6.6969012550544e-05,
      5.748178227804601e-05,
      5.228917143540457e-05,
      4.7438432375201955e-05,
      4.251945574651472e-05,
      3.859159187413752e-05,
      3.567130625015125e-05,
      3.3183579944306985e-05,
      3.087727236561477e-05,
      2.8600567020475864e-05,
      2.642073195602279e-05,
      2.4759723601164296e-05,
      2.36932701227488e-05,
      2.2883508790982887e-05,
      2.2187407012097538e-05,
      2.1798856323584914e-05,
      2.1655574528267607e-05,
      2.1059437131043524e-05,
      1.970016455743462e-05,
      1.8304985132999718e-05,
      1.7411401131539606e-05,
      1.6714684534235857e-05,
      1.5805586372152902e-05,
      1.482026982557727e-05,
      1.3986129488330334e-05,
      1.319281363976188e-05,
      1.2930960110679734e-05,
      1.458714632462943e-05,
      1.8390361219644547e-05,
      1.8368400560575537e-05,
      2.7785010388470255e-05,
      2.6293395421816967e-05,
      1.9498495021252893e-05,
      2.0743091226904653e-05,
      2.9302749680937268e-05,
      2.9723616535193287e-05,
      1.7824100723373704e-05,
      1.0579142326605506e-05,
      7.521130555687705e-06,
      5.495203822647454e-06,
      4.068081580044236e-06,
      3.1581726034346502e-06,
      2.7439696168585215e-06,
      2.484900051058503e-06,
      2.171286269003758e-06,
      1.8441570546201547e-06,
      1.5887148947513197e-06,
      1.386108124279417e-06,
      1.2057373623974854e-06,
      1.0545226132308017e-06,
      9.340676569991047e-07,
      8.273750609077979e-07,
      7.349780162257957e-07,
      6.668562377853959e-07,
      6.150756348688446e-07,
      5.59638124286721e-07,
      4.947835350321839e-07,
      4.3350755163373833e-07,
      3.8575427652176586e-07,
      3.5472410786496766e-07,
      3.404997244160768e-07,
      3.3218677231161564e-07,
      3.154491992063413e-07,
      2.9258296763146063e-07,
      2.7583908490669273e-07,
      2.7187462592337397e-07,
      3.3633784823905444e-07,
      6.956692573112377e-07,
      1.899610651889816e-06,
      4.954343239660375e-06,
      1.1226434253330808e-05,
      2.1885953174205497e-05,
      3.7337646062951535e-05,
      5.8171139244223014e-05,
      8.698314923094586e-05,
      0.00011627982166828588,
      0.00011884260311489925,
      0.0001071387086994946,
      0.00010284372547175735,
      0.00010698784899432212,
      0.00011475683277240023,
      0.00012199112825328484,
      0.00012782019621226937,
      0.00013298436533659697,
      0.00013796133862342685,
      0.00014275163994170725,
      0.00014725542860105634,
      0.00015140423784032464,
      0.0001551797759020701,
      0.00015860344865359366,
      0.00016171092283912003,
      0.00016453956777695566,
      0.00016712330398149788,
      0.00016949190467130393,
      0.00017167098121717572,
      0.0001736824488034472,
      0.00017554497753735632,
      0.00017727460362948477,
      0.0001788851513992995,
      0.00018038864072877914,
      0.00018179547623731196,
      0.00018311469466425478,
      0.0001843544450821355,
      0.00018552152323536575,
      0.00018662224465515465,
      0.0001876621099654585,
      0.00013281901192385703,
      0.00011041438847314566,
      7.544390973635018e-05,
      7.509482384193689e-05
    ],