{
  "model_name": "./PINO/Baseline/P2P/5_frame/Results_centrifugal_PINO_finite_difference_0.01_resloss_0.1_icloss_0.1_bcloss_0.0_wloss_mse_eval_0.55_D_5_frames_30_10_2025-19_32",
  "timesteps": [
    0,
    1
  ],
  "rmse": {
    "Voltage": [
      0.029468510299921036,
      0.005859957542270422,
      0.004971932154148817,
      0.0038611742202192545,
      0.003766431240364909,
      0.003060458227992058,
      0.002779073314741254,
      0.0026312542613595724,
      0.0025406847707927227,
      0.00248701055534184,
      0.0024606857914477587,
      0.002451167907565832,
      0.002450161147862673,
      0.002454460598528385,
      0.002463789191097021,
      0.0024772537872195244,
      0.0024918774142861366,
      0.0025043010246008635,
      0.002513376995921135,
      0.002520710928365588,
      0.002529839286580682,
      0.0025465332437306643,
      0.00258010346442461,
      0.002641687635332346,
      0.002736151684075594,
      0.002852307166904211,
      0.0029627326875925064,
      0.003037374932318926,
      0.0030664128717035055,
      0.003090708050876856,
      0.0032144496217370033,
      0.0035116723738610744,
      0.0038515350315719843,
      0.003969334997236729,
      0.003921596333384514,
      0.004251877311617136,
      0.004824219271540642,
      0.004798689391463995,
      0.004005539696663618,
      0.004153737798333168,
      0.003938864916563034,
      0.003778503742069006,
      0.0034559383057057858,
      0.003239135490730405,
      0.0036321980878710747,
      0.0035159725230187178,
      0.0028271146584302187,
      0.0024978395085781813,
      0.0024474146775901318,
      0.0023629122879356146,
      0.002270748605951667,
      0.002217810368165374,
      0.0022086892277002335,
      0.0022254495415836573,
      0.0022440897300839424,
      0.0022514313459396362,
      0.00224861572496593,
      0.0022443714551627636,
      0.0022481398191303015,
      0.0022642603144049644,
      0.0022906558588147163,
      0.0023220148868858814,
      0.0023556160740554333,
      0.0023982448037713766,
      0.0024622147902846336,
      0.0025527854450047016,
      0.0026667064521461725,
      0.0027950312942266464,
      0.0029130978509783745,
      0.002995166229084134,
      0.0030878016259521246,
      0.0033174525015056133,
      0.0036686144303530455,
      0.003921273164451122,
      0.0044312067329883575,
      0.00665952917188406,
      0.009798577055335045,
      0.011384965851902962,
      0.021488478407263756,
      0.021745631471276283,
      0.017478225752711296,
      0.014093954116106033,
      0.01170775294303894,
      0.010453288443386555,
      0.009193996898829937,
      0.008183459751307964,
      0.00758167402818799,
      0.007231125142425299,
      0.00688755651935935,
      0.006520694587379694,
      0.006212213076651096,
      0.005972546059638262,
      0.005760519299656153,
      0.005556731950491667,
      0.005347949918359518,
      0.005140109919011593,
      0.004975914489477873,
      0.004867573268711567,
      0.004783670883625746,
      0.00471035111695528,
      0.004668924491852522,
      0.004653554875403643,
      0.004589056130498648,
      0.004438486881554127,
      0.0042784325778484344,
      0.004172697197645903,
      0.004088359419256449,
      0.003975624218583107,
      0.003849710337817669,
      0.0037398033309727907,
      0.0036321913357824087,
      0.003595964517444372,
      0.0038193122018128633,
      0.004288398660719395,
      0.004285837057977915,
      0.00527114886790514,
      0.005127708427608013,
      0.004415709991008043,
      0.004554458428174257,
      0.00541320163756609,
      0.005451936740428209,
      0.0042218598537147045,
      0.0032525593414902687,
      0.002742467913776636,
      0.002344185020774603,
      0.0020169485360383987,
      0.0017771248240023851,
      0.0016564931720495224,
      0.001576356589794159,
      0.001473528565838933,
      0.0013579974183812737,
      0.001260442310012877,
      0.0011773309670388699,
      0.0010980607476085424,
      0.001026899553835392,
      0.0009664717363193631,
      0.0009096015710383654,
      0.0008573085651732981,
      0.0008166126790456474,
      0.0007842675549909472,
      0.000748089631088078,
      0.0007034084992483258,
      0.0006584129296243191,
      0.0006210912251845002,
      0.000595587189309299,
      0.000583523535169661,
      0.0005763564840890467,
      0.0005616486305370927,
      0.000540909415576607,
      0.0005252038245089352,
      0.0005214159609749913,
      0.0005799464415758848,
      0.0008340678759850562,
      0.0013782635796815157,
      0.0022258353419601917,
      0.003350587096065283,
      0.00467824237421155,
      0.006110453978180885,
      0.007627000566571951,
      0.00932647567242384,
      0.010783311910927296,
      0.010901495814323425,
      0.010350783355534077,
      0.010141189210116863,
      0.010343492962419987,
      0.010712461546063423,
      0.011044959537684917,
      0.011305759660899639,
      0.011531884782016277,
      0.0117456940934062,
      0.01194787211716175,
      0.012134884484112263,
      0.012304643169045448,
      0.012457117438316345,
      0.012593786232173443,
      0.012716560624539852,
      0.012827297672629356,
      0.012927617877721786,
      0.013018906116485596,
      0.013102327473461628,
      0.013178863562643528,
      0.01324933860450983,
      0.013314451090991497,
      0.013374795205891132,
      0.01343088410794735,
      0.013483155518770218,
      0.013531987555325031,
      0.013577718287706375,
      0.013620628975331783,
      0.0136609748005867,
      0.013698982074856758,
      0.011524712666869164,
      0.010507824830710888,
      0.008685844950377941,
      0.008665726520121098
    ],