{
  "phase": "",
  "net_training_time_sec": 25728.15287750773,
  "net_training_time_min": 428.8025479584622,
  "min_mse": 0.00042017869418486953,
  "min_mse_epoch": 1001,
  "min_rmse": 0.004098439589142799,
  "min_rmse_epoch": 1001
}