{
  "phase": "",
  "net_training_time_sec": 13230.335609860718,
  "net_training_time_min": 220.50559349767863,
  "min_mse": 0.0009550448739901185,
  "min_mse_epoch": 501,
  "min_rmse": 0.0061744991689920425,
  "min_rmse_epoch": 501
}