{
  "model_name": "./PINO/Baseline/P2P/5_frame/Results_stable_PINO_finite_difference_0.01_resloss_0.1_icloss_0.1_bcloss_0.0_wloss_mse_eval_0.55_D_5_frames_30_10_2025-19_32",
  "timesteps": [
    0,
    1
  ],
  "mse": {
    "Voltage": [
      0.0002215875283582136,
      0.00015058013377711177,
      0.00011887965956702828,
      0.00011545841698534787,
      8.935235382523388e-05,
      6.18954945821315e-05,
      5.200649320613593e-05,
      5.5874996178317815e-05,
      6.86807106831111e-05,
      4.9748370656743646e-05,
      5.203468390391208e-05,
      3.269359513069503e-05,
      2.8180351364426315e-05,
      2.8959120754734613e-05,
      2.6046980565297417e-05,
      2.3025282644084655e-05,
      2.169246545236092e-05,
      2.10884081752738e-05,
      1.7652871974860318e-05,
      1.6367446733056568e-05,
      1.5421250282088295e-05,
      1.8873848603107035e-05,
      1.8253773305332288e-05,
      2.1707775886170566e-05,
      1.2039429748256225e-05,
      8.48752915771911e-06,
      6.850773843325442e-06,
      5.9141066230949946e-06,
      5.759508439950878e-06,
      5.606885679299012e-06,
      5.533683633984765e-06,
      5.396959750214592e-06,
      5.095769211038714e-06,
      4.8055708248284645e-06,
      4.974602688889718e-06,
      5.645378678309498e-06,
      6.936261797818588e-06,
      1.1202147106814664e-05,
      1.577570401423145e-05,
      1.4023771655047312e-05,
      1.031351803248981e-05,
      7.591020221298095e-06,
      7.388759968307568e-06,
      6.852278602309525e-06,
      5.774355940957321e-06,
      5.639529717882397e-06,
      6.1022765294183046e-06,
      4.954347332386533e-06,
      4.280556822777726e-06,
      4.067227564519271e-06,
      3.8488965401484165e-06,
      3.6469712085818173e-06,
      3.563261770977988e-06,
      3.2948291845968924e-06,
      3.506225084493053e-06,
      4.3055110836576205e-06,
      3.852038844343042e-06,
      4.352384166850243e-06,
      3.964469215134159e-06,
      2.7019357276003575e-06,
      3.326595333419391e-06,
      3.4304960081499303e-06,
      4.220079972583335e-06,
      5.5461582633142825e-06,
      5.9660842453013174e-06,
      5.685416454070946e-06,
      1.7458114598412067e-05,
      3.919876689906232e-05,
      5.1763861847575754e-05,
      7.360662129940465e-05,
      4.464523954084143e-05,
      2.8411350285750814e-05,
      1.735964724502992e-05,
      1.6068248442024924e-05,
      1.5455332686542533e-05,
      1.4767463653697632e-05,
      1.591621730767656e-05,
      2.3172080545919016e-05,
      2.2843258193461224e-05,
      3.849014683510177e-05,
      2.505618795112241e-05,
      1.8930528312921524e-05,
      1.6308504200424068e-05,
      1.4535171430907212e-05,
      1.3201265574025456e-05,
      1.1993189218628686e-05,
      1.2016545952064916e-05,
      1.2629669072339311e-05,
      1.3102560842526145e-05,
      1.3701358511752915e-05,
      1.4947048839530908e-05,
      2.5933946744771674e-05,
      3.194851888110861e-05,
      7.889397238614038e-05,
      7.991733582457528e-05,
      8.047529263421893e-05,
      7.317836571019143e-05,
      7.710214413236827e-05,
      6.838019180577248e-05,
      5.4546650062548e-05,
      4.434450238477439e-05,
      4.3682302930392325e-05,
      3.57758290192578e-05,
      3.8269077776931226e-05,
      2.6525372959440574e-05,
      2.2978805645834655e-05,
      2.243261769763194e-05,
      2.0745266738231294e-05,
      1.801698817871511e-05,
      1.3980184121464845e-05,
      1.907112164190039e-05,
      9.816318197408691e-06,
      8.153435373969842e-06,
      6.312380719464272e-06,
      5.660132046614308e-06,
      5.482588221639162e-06,
      5.2693389989144634e-06,
      4.798746431333711e-06,
      4.882899702352006e-06,
      6.347120233840542e-06,
      7.993636245373636e-06,
      1.1724762771336827e-05,
      1.4129350347502623e-05,
      1.0938494597212411e-05,
      7.959773029142525e-06,
      6.511153515020851e-06,
      5.9078583944938146e-06,
      5.614083420368843e-06,
      5.3180833674559835e-06,
      4.880909273197176e-06,
      4.625048404705012e-06,
      4.639095550373895e-06,
      4.161101514910115e-06,
      4.287875071895542e-06,
      4.302221896068659e-06,
      3.588792878872482e-06,
      3.224285592295928e-06,
      3.0284784315881552e-06,
      2.9744028324785177e-06,
      2.942743321909802e-06,
      3.3035889828170184e-06,
      3.4125973797927145e-06,
      2.7766250241256785e-06,
      2.4867347292456543e-06,
      2.6000955131166847e-06,
      2.976578571178834e-06,
      3.3843930395960342e-06,
      4.042796263092896e-06,
      8.078005521383602e-06,
      1.5928506400086917e-05,
      3.4420696465531364e-05,
      0.00015458359848707914,
      0.0001867756509454921,
      0.00015953450929373503,
      0.0001529226719867438,
      0.0002056896482827142,
      0.0002459027455188334,
      0.00025461302720941603,
      0.00024824621505104005,
      0.00024278559430968016,
      0.0002471529587637633,
      0.00026518802042119205,
      0.00030176376458257437,
      0.00039282257785089314,
      0.0006052368553355336,
      0.0007884324877522886,
      0.0006972874398343265,
      0.0006435374380089343,
      0.0006054092082194984,
      0.0005833330797031522,
      0.0005750213749706745,
      0.0005674588028341532,
      0.0005630647065117955,
      0.0005728502874262631,
      0.0005940225091762841,
      0.0006144732469692826,
      0.0006198587943799794,
      0.0006096892175264657,
      0.0006086666835471988,
      0.0007575761992484331,
      0.000853412551805377,
      0.0008024093694984913,
      0.0007568604778498411,
      0.0007082148804329336,
      0.0006645729299634695,
      0.0006285326089709997,
      0.0005828118300996721,
      0.0005134474486112595,
      0.0004447228857316077,
      0.0004225324955768883,
      0.0004055206663906574,
      0.00041313967085443437,
      0.0004294045502319932,
      0.00045398029033094645,
      0.0005867560976184905
    ],