{
  "model_name": "./PINO/Baseline/P2P/5_frame/Results_chaotic_PINO_finite_difference_0.01_resloss_0.1_icloss_0.1_bcloss_0.0_wloss_mse_eval_0.55_D_5_frames_30_10_2025-19_32",
  "timesteps": [
    0,
    1
  ],
  "mse": {
    "Voltage": [
      0.0014346176758408546,
      0.001060746842995286,
      0.000909740396309644,
      0.0010185000719502568,
      0.0011288872919976711,
      0.0011812137672677636,
      0.0012652678415179253,
      0.0013505639508366585,
      0.00142478512134403,
      0.0014891211176291108,
      0.0015422789147123694,
      0.0015520870219916105,
      0.0016616609646007419,
      0.001884009805507958,
      0.0018608977552503347,
      0.0017877425998449326,
      0.0017152712680399418,
      0.0017585331806913018,
      0.0025136314798146486,
      0.0028955177403986454,
      0.0026688489597290754,
      0.0023972690105438232,
      0.0021684933453798294,
      0.002043588785454631,
      0.0019093473674729466,
      0.0016978722997009754,
      0.0015536563005298376,
      0.0014470547903329134,
      0.001359475078061223,
      0.0013106445549055934,
      0.0012854590313509107,
      0.0012950561940670013,
      0.00128415587823838,
      0.0011945671867579222,
      0.0011345318052917719,
      0.0010883589275181293,
      0.0010439750039950013,
      0.0010225073201581836,
      0.0010199625976383686,
      0.0010744415922090411,
      0.0010208489838987589,
      0.0009776721708476543,
      0.0009562048362568021,
      0.0009431547950953245,
      0.0009471500525251031,
      0.0009598401957191527,
      0.0009786073351278901,
      0.0010040007764473557,
      0.0010368752991780639,
      0.0010778543073683977,
      0.0011261318577453494,
      0.001177821890451014,
      0.0012236264301463962,
      0.0012475495459511876,
      0.001234835130162537,
      0.0011911039473488927,
      0.0011396114714443684,
      0.001098589156754315,
      0.0010800362797454,
      0.0010756202973425388,
      0.0010745644103735685,
      0.0010799648007377982,
      0.0010937786428257823,
      0.0011140996357426047,
      0.0011354857124388218,
      0.0011533579090610147,
      0.0011664023622870445,
      0.0011741858907043934,
      0.0011772968573495746,
      0.0011778190964832902,
      0.0011780991917476058,
      0.001179431565105915,
      0.001182936946861446,
      0.0011912437621504068,
      0.001209944486618042,
      0.0012410617200657725,
      0.001255312468856573,
      0.0012567030498757958,
      0.0014134524390101433,
      0.001637812820263207,
      0.0015399757539853454,
      0.0013278351398184896,
      0.0011729546822607517,
      0.0010749629000201821,
      0.001015808549709618,
      0.000962826597969979,
      0.0009218318737111986,
      0.0009073758847080171,
      0.0008998422417789698,
      0.0008816139888949692,
      0.0008548490004613996,
      0.0008343270164914429,
      0.0008302473579533398,
      0.0008325802045874298,
      0.0008341863285750151,
      0.0008343157824128866,
      0.0008308081887662411,
      0.0008204934420064092,
      0.000804073759354651,
      0.0007874675211496651,
      0.0007753755198791623,
      0.0007710469071753323,
      0.0007774470723234117,
      0.0007925083045847714,
      0.0008044895948842168,
      0.0008008208242245018,
      0.0007892398280091584,
      0.0007818981539458036,
      0.0007672891952097416,
      0.0007541879895143211,
      0.0007343339966610074,
      0.0007454633014276624,
      0.0010112776653841138,
      0.0010876056039705873,
      0.0010321439476683736,
      0.0009917819406837225,
      0.0010142142418771982,
      0.0010014309082180262,
      0.0009310520836152136,
      0.0008489944157190621,
      0.0007969981525093317,
      0.0007921793730929494,
      0.0008315594750456512,
      0.0007613106863573194,
      0.0006933956174179912,
      0.0006593919242732227,
      0.0006476189591921866,
      0.0006574307917617261,
      0.0006546751246787608,
      0.0007216783124022186,
      0.0008585922187194228,
      0.0009095532586798072,
      0.000944286584854126,
      0.0009946961654350162,
      0.000938900513574481,
      0.0008814341854304075,
      0.0008473331108689308,
      0.0008056134101934731,
      0.0007566223503090441,
      0.0007101913797669113,
      0.000674812588840723,
      0.0006599412299692631,
      0.0006679707439616323,
      0.0006853239610791206,
      0.0007123299292288721,
      0.0007607564912177622,
      0.000735092384275049,
      0.0007111372542567551,
      0.0006829813355579972,
      0.0006404388695955276,
      0.000604293483775109,
      0.0006006216863170266,
      0.0006802682764828205,
      0.0009361606789752841,
      0.0014995033852756023,
      0.002572150668129325,
      0.004071415401995182,
      0.005852134898304939,
      0.007885687053203583,
      0.010023891925811768,
      0.012121159583330154,
      0.014064932242035866,
      0.015791447833180428,
      0.017306502908468246,
      0.018649328500032425,
      0.019875265657901764,
      0.02101954072713852,
      0.02207442745566368,
      0.023028170689940453,
      0.023925457149744034,
      0.024887291714549065,
      0.026044027879834175,
      0.02729106694459915,
      0.02834339439868927,
      0.029043786227703094,
      0.02939942106604576,
      0.029540512710809708,
      0.029625194147229195,
      0.029728002846240997,
      0.02984948456287384,
      0.02994246780872345,
      0.029951119795441628,
      0.02987942099571228,
      0.02977723442018032,
      0.029687589034438133,
      0.02963470295071602,
      0.029634371399879456,
      0.029695509001612663,
      0.029804768040776253,
      0.02993370220065117,
      0.03011576272547245,
      0.030910324305295944,
      0.03465964272618294,
      0.03756457567214966,
      0.04095960408449173
    ],