{
  "model_name": "./PINO/Baseline/P2P/5_frame/Results_chaotic_PINO_finite_difference_0.01_resloss_0.1_icloss_0.1_bcloss_0.0_wloss_mse_eval_0.55_D_5_frames_30_10_2025-19_32",
  "timesteps": [
    0,
    1
  ],
  "rmse": {
    "Voltage": [
      0.037876348942518234,
      0.03256911039352417,
      0.03016190230846405,
      0.03191394731402397,
      0.033598918467760086,
      0.034368790686130524,
      0.03557060286402702,
      0.03675001859664917,
      0.03774632513523102,
      0.03858913108706474,
      0.03927185758948326,
      0.039396535605192184,
      0.04076347500085831,
      0.04340518265962601,
      0.04313812404870987,
      0.042281705886125565,
      0.04141583293676376,
      0.041934866458177567,
      0.050136130303144455,
      0.05381001532077789,
      0.05166090279817581,
      0.04896191507577896,
      0.04656708613038063,
      0.04520606994628906,
      0.043696079403162,
      0.04120524600148201,
      0.03941644728183746,
      0.038040172308683395,
      0.036871060729026794,
      0.03620282560586929,
      0.035853300243616104,
      0.03598688915371895,
      0.03583512082695961,
      0.03456250950694084,
      0.03368281200528145,
      0.03299028426408768,
      0.032310601323843,
      0.031976670026779175,
      0.031936854124069214,
      0.032778676599264145,
      0.031950727105140686,
      0.03126775100827217,
      0.03092256188392639,
      0.030710825696587563,
      0.030775802209973335,
      0.030981287360191345,
      0.0312827005982399,
      0.031685970723629,
      0.03220054879784584,
      0.03283069282770157,
      0.03355788812041283,
      0.03431940823793411,
      0.034980371594429016,
      0.03532066568732262,
      0.03514022007584572,
      0.03451237455010414,
      0.03375813364982605,
      0.03314497321844101,
      0.03286390379071236,
      0.032796651124954224,
      0.03278055042028427,
      0.032862819731235504,
      0.033072322607040405,
      0.033378131687641144,
      0.033696968108415604,
      0.03396112471818924,
      0.03415263444185257,
      0.034266397356987,
      0.03431176021695137,
      0.03431936725974083,
      0.034323450177907944,
      0.03434285148978233,
      0.03439385071396828,
      0.034514401108026505,
      0.03478425741195679,
      0.035228706896305084,
      0.035430390387773514,
      0.035450007766485214,
      0.03759590908885002,
      0.04046989977359772,
      0.03924252465367317,
      0.03643947094678879,
      0.03424842655658722,
      0.03278662636876106,
      0.03187175095081329,
      0.03102944791316986,
      0.030361684039235115,
      0.030122680589556694,
      0.02999737113714218,
      0.02969198487699032,
      0.02923780120909214,
      0.02888472005724907,
      0.028814014047384262,
      0.02885446511209011,
      0.028882283717393875,
      0.0288845244795084,
      0.028823742642998695,
      0.02864425629377365,
      0.028356194496154785,
      0.028061851859092712,
      0.027845565229654312,
      0.027767730876803398,
      0.027882738038897514,
      0.02815152332186699,
      0.028363525867462158,
      0.02829877845942974,
      0.028093412518501282,
      0.027962442487478256,
      0.02769998461008072,
      0.027462482452392578,
      0.027098597958683968,
      0.027303174138069153,
      0.031800590455532074,
      0.03297886624932289,
      0.03212699666619301,
      0.03149256855249405,
      0.03184673190116882,
      0.03164539486169815,
      0.03051314689218998,
      0.02913750894367695,
      0.02823115512728691,
      0.028145682066679,
      0.028836773708462715,
      0.02759185992181301,
      0.02633240632712841,
      0.02567862719297409,
      0.025448359549045563,
      0.025640413165092468,
      0.025586619973182678,
      0.02686407044529915,
      0.02930174395442009,
      0.03015880100429058,
      0.030729247257113457,
      0.03153880313038826,
      0.030641483142971992,
      0.029688958078622818,
      0.029108986258506775,
      0.028383329510688782,
      0.027506768703460693,
      0.026649415493011475,
      0.025977155193686485,
      0.025689320638775826,
      0.025845130905508995,
      0.026178693398833275,
      0.02668950892984867,
      0.02758181467652321,
      0.027112586423754692,
      0.0266671571880579,
      0.026133911684155464,
      0.02530689351260662,
      0.024582382291555405,
      0.024507584050297737,
      0.026081953197717667,
      0.030596742406487465,
      0.0387234203517437,
      0.050716374069452286,
      0.0638076439499855,
      0.07649924606084824,
      0.08880139142274857,
      0.10011938959360123,
      0.11009613424539566,
      0.1185956671833992,
      0.12566402554512024,
      0.13155418634414673,
      0.1365625411272049,
      0.14097966253757477,
      0.14498117566108704,
      0.14857465028762817,
      0.1517503559589386,
      0.1546785533428192,
      0.15775705873966217,
      0.16138161718845367,
      0.16520008444786072,
      0.16835495829582214,
      0.17042237520217896,
      0.17146259546279907,
      0.171873539686203,
      0.17211970686912537,
      0.17241810262203217,
      0.17277003824710846,
      0.17303891479969025,
      0.17306391894817352,
      0.1728566437959671,
      0.17256081104278564,
      0.17230087518692017,
      0.17214733362197876,
      0.17214636504650116,
      0.17232385277748108,
      0.1726405769586563,
      0.1730135828256607,
      0.173538938164711,
      0.17581331729888916,
      0.1861710101366043,
      0.19381582736968994,
      0.20238478481769562
    ],