{
  "Channel 0 (0 = Voltage, 1 = Recovery Current)": {
    "Avg Mean Absolute Error": 0.007173194549977779,
    "Average Cell Error": 0.007173194549977779,
    "Average Error of Top 10 Worst Cells": 0.010749325156211853,
    "Mean Signed Error (Bias)": 0.007173194549977779,
    "Max Signed Error": 0.524112343788147,
    "Pct Errors > Avg MAE": 24.678425192100324,
    "Pct Cells with Avg Error > Avg Cell Error": 35.64356435643564,
    "Worst Case Results": {
      "Timestep": 116,
      "Cell [x, y]": [
        100,
        100
      ],
      "Absolute Error": 0.524112343788147
    },
    "Best Case Results": {
      "Timestep": 94,
      "Cell [x, y]": [
        36,
        95
      ],
      "Absolute Error": 0.0
    },
    "Best/Worst Cells Over Time": {
      "Best Cell [x, y]": [
        85,
        92
      ],
      "Best Cell Avg Error": 0.003950834274291992,
      "Worst Cell [x, y]": [
        100,
        100
      ],
      "Worst Cell Avg Error": 0.03974780812859535
    },
    "Overall RMSE:": 0.012930747121572495
  },
  "Channel 1 (0 = Voltage, 1 = Recovery Current)": {
    "Avg Mean Absolute Error": 0.01997673325240612,
    "Average Cell Error": 0.01997673325240612,
    "Average Error of Top 10 Worst Cells": 0.025582540780305862,
    "Mean Signed Error (Bias)": 0.01997673325240612,
    "Max Signed Error": 0.4848216772079468,
    "Pct Errors > Avg MAE": 31.529337244463214,
    "Pct Cells with Avg Error > Avg Cell Error": 42.57425742574257,
    "Worst Case Results": {
      "Timestep": 160,
      "Cell [x, y]": [
        100,
        100
      ],
      "Absolute Error": 0.4848216772079468
    },
    "Best Case Results": {
      "Timestep": 16,
      "Cell [x, y]": [
        65,
        12
      ],
      "Absolute Error": 0.0
    },
    "Best/Worst Cells Over Time": {
      "Best Cell [x, y]": [
        99,
        47
      ],
      "Best Cell Avg Error": 0.011362394317984581,
      "Worst Cell [x, y]": [
        100,
        100
      ],
      "Worst Cell Avg Error": 0.05750585347414017
    },
    "Overall RMSE:": 0.034021757543087006
  }
}