{
  "phase": "",
  "net_training_time_sec": 24851.847359972075,
  "net_training_time_min": 414.19745599953455,
  "min_mse": 0.00044635453377850354,
  "min_mse_epoch": 401,
  "min_rmse": 0.004219308495521545,
  "min_rmse_epoch": 401
}