{
  "Channel 0 (0 = Voltage, 1 = Recovery Current)": {
    "Avg Mean Absolute Error": 0.017531372606754303,
    "Average Cell Error": 0.017531370744109154,
    "Average Error of Top 10 Worst Cells": 0.02906760573387146,
    "Mean Signed Error (Bias)": 0.017531372606754303,
    "Max Signed Error": 0.5404841899871826,
    "Pct Errors > Avg MAE": 33.31360299267293,
    "Pct Cells with Avg Error > Avg Cell Error": 23.762376237623762,
    "Worst Case Results": {
      "Timestep": 451,
      "Cell [x, y]": [
        100,
        0
      ],
      "Absolute Error": 0.5404841899871826
    },
    "Best Case Results": {
      "Timestep": 89,
      "Cell [x, y]": [
        38,
        20
      ],
      "Absolute Error": 0.0
    },
    "Best/Worst Cells Over Time": {
      "Best Cell [x, y]": [
        38,
        68
      ],
      "Best Cell Avg Error": 0.00968961976468563,
      "Worst Cell [x, y]": [
        100,
        0
      ],
      "Worst Cell Avg Error": 0.08929017186164856
    },
    "Overall RMSE:": 0.02695310488343239
  },
  "Channel 1 (0 = Voltage, 1 = Recovery Current)": {
    "Avg Mean Absolute Error": 0.015623843297362328,
    "Average Cell Error": 0.015623841434717178,
    "Average Error of Top 10 Worst Cells": 0.023105328902602196,
    "Mean Signed Error (Bias)": 0.015623841434717178,
    "Max Signed Error": 0.42982518672943115,
    "Pct Errors > Avg MAE": 34.55095663339226,
    "Pct Cells with Avg Error > Avg Cell Error": 35.64356435643564,
    "Worst Case Results": {
      "Timestep": 490,
      "Cell [x, y]": [
        0,
        0
      ],
      "Absolute Error": 0.42982518672943115
    },
    "Best Case Results": {
      "Timestep": 60,
      "Cell [x, y]": [
        22,
        17
      ],
      "Absolute Error": 1.4901161193847656e-08
    },
    "Best/Worst Cells Over Time": {
      "Best Cell [x, y]": [
        88,
        58
      ],
      "Best Cell Avg Error": 0.008170133456587791,
      "Worst Cell [x, y]": [
        100,
        0
      ],
      "Worst Cell Avg Error": 0.05368747189640999
    },
    "Overall RMSE:": 0.022955087944865227
  }
}