{
  "phase": "",
  "net_training_time_sec": 7689.424990316853,
  "net_training_time_min": 128.15708317194756,
  "min_mse": 0.0005971322534605861,
  "min_mse_epoch": 301,
  "min_rmse": 0.004812075290828943,
  "min_rmse_epoch": 301
}