{
  "phase": "",
  "net_training_time_sec": 25698.704130465165,
  "net_training_time_min": 428.31173550775276,
  "min_mse": 0.0006913558463566005,
  "min_mse_epoch": 1001,
  "min_rmse": 0.0052409362979233265,
  "min_rmse_epoch": 1001
}