{
  "model_name": "./PINO_adapt/Baseline/Rollout/1_frame/Results_stable_PINO_finite_difference_0.01_resloss_0.1_icloss_0.1_bcloss_0.0_wloss_mse_eval_0.55_D_1_frames_31_10_2025-09_45",
  "timesteps": [
    0,
    1
  ],
  "mse": {
    "Voltage": [
      0.0,
      4.789475133293308e-05,
      7.593219197588041e-05,
      7.829729293007404e-05,
      8.955500379670411e-05,
      9.679265349404886e-05,
      0.00011386205005692318,
      9.135849541053176e-05,
      8.172845264198259e-05,
      7.65364384278655e-05,
      6.794873479520902e-05,
      6.118215242167935e-05,
      6.306332215899602e-05,
      6.851615762570873e-05,
      6.995500734774396e-05,
      8.285442891065031e-05,
      7.035611633909866e-05,
      6.742045661667362e-05,
      7.264358282554895e-05,
      6.634544115513563e-05,
      6.51234804536216e-05,
      6.550853868247941e-05,
      6.303982809185982e-05,
      5.1890514441765845e-05,
      4.802724652108736e-05,
      4.9484406190458685e-05,
      5.524832886294462e-05,
      5.849119042977691e-05,
      6.378677062457427e-05,
      5.476701335282996e-05,
      5.223494372330606e-05,
      5.102845898363739e-05,
      5.060967669123784e-05,
      5.100018825032748e-05,
      5.199776933295652e-05,
      5.358487760531716e-05,
      5.525913002202287e-05,
      5.6405529903713614e-05,
      5.7267174270236865e-05,
      5.911184780416079e-05,
      6.366938760038465e-05,
      7.3076575063169e-05,
      9.071474050870165e-05,
      0.00010959677456412464,
      0.00011433941108407453,
      0.00010545208351686597,
      9.45859937928617e-05,
      9.380111441714689e-05,
      9.383684664499015e-05,
      9.335677896160632e-05,
      9.61074692895636e-05,
      9.728034638101235e-05,
      9.10099915927276e-05,
      8.608341158833355e-05,
      8.40536886244081e-05,
      8.439835073659196e-05,
      8.772574074100703e-05,
      9.295609197579324e-05,
      9.659772331360728e-05,
      9.788066381588578e-05,
      9.996295557357371e-05,
      0.00010318675776943564,
      0.00011025359708582982,
      0.00011724975047400221,
      0.00012019202404189855,
      0.00012254182365722954,
      0.0001237236865563318,
      0.00012299488298594952,
      0.00012127915397286415,
      0.00011992589861620218,
      0.0001250534987775609,
      0.00015893892850726843,
      0.0002241466281702742,
      0.0002214525011368096,
      0.00021361996186897159,
      0.000154428809764795,
      0.00013340167060960084,
      0.00012090886593796313,
      0.00011950835323659703,
      0.00013064200174994767,
      0.0001485807151766494,
      0.00015865309978835285,
      0.00015353295020759106,
      0.00016690889606252313,
      0.00019259950204286724,
      0.0001692869991529733,
      0.0001610713079571724,
      0.000159812843776308,
      0.00015726962010376155,
      0.0001546199491713196,
      0.00015358345990534872,
      0.00015576738223899156,
      0.00016576462076045573,
      0.00019452972628641874,
      0.0002541058056522161,
      0.00034337566467002034,
      0.0004425622755661607,
      0.0005896663060411811,
      0.0006914629484526813,
      0.0005131047801114619,
      0.0005153731908649206,
      0.00053052743896842,
      0.0005105581949464977,
      0.000436383270425722,
      0.00037535757292062044,
      0.0003458817664068192,
      0.0003316116635687649,
      0.0003256239288020879,
      0.0003346482408232987,
      0.0003209020069334656,
      0.0002978819247800857,
      0.00026072340551763773,
      0.0002320837083971128,
      0.00019761038129217923,
      0.00013398335431702435,
      0.00011385152902221307,
      0.00011742782953660935,
      0.00010573398321866989,
      0.0001007178143481724,
      0.0001024946614052169,
      0.00010509671119507402,
      0.00010796051356010139,
      0.00011131718929391354,
      0.00011559887207113206,
      0.00012102718028472736,
      0.00012930037337355316,
      0.00014480020035989583,
      0.00015507494390476495,
      0.00015046444605104625,
      0.0001481886865803972,
      0.00015079522563610226,
      0.000152539971168153,
      0.00015043237362988293,
      0.00014431937597692013,
      0.00013504001253750175,
      0.00012448785128071904,
      0.00011464785347925499,
      0.00010611383913783357,
      0.000100550583738368,
      9.429816418560222e-05,
      8.876124047674239e-05,
      8.598536078352481e-05,
      8.326718671014532e-05,
      8.13884471426718e-05,
      8.322110079461709e-05,
      8.724781946511939e-05,
      8.35877435747534e-05,
      7.554773037554696e-05,
      7.458206528099254e-05,
      7.69239486544393e-05,
      7.886317325755954e-05,
      8.03707298473455e-05,
      8.260060712927952e-05,
      8.821666415315121e-05,
      0.00010080294305225834,
      0.0001348962396150455,
      0.00023338581377174705,
      0.0002471163170412183,
      0.00020555210357997566,
      0.00019904201326426119,
      0.0002550682402215898,
      0.00034486569347791374,
      0.0004603683773893863,
      0.0005896056536585093,
      0.0007233030046336353,
      0.0008636233396828175,
      0.0010198302334174514,
      0.001188252936117351,
      0.0013626739382743835,
      0.0016126561677083373,
      0.00200624275021255,
      0.002306068316102028,
      0.0024744670372456312,
      0.0025556948967278004,
      0.0026375320740044117,
      0.0027321339584887028,
      0.0028525181114673615,
      0.0030274130403995514,
      0.0032770871184766293,
      0.0036120624281466007,
      0.004031363409012556,
      0.004511239472776651,
      0.005026259925216436,
      0.005649300757795572,
      0.006470208056271076,
      0.006976076867431402,
      0.0069116330705583096,
      0.006648694630712271,
      0.006413459777832031,
      0.006228734739124775,
      0.006093931850045919,
      0.0059840502217411995,
      0.005877417512238026,
      0.005781157873570919,
      0.005698624067008495,
      0.005563637707382441,
      0.00539858965203166,
      0.005347863771021366,
      0.005450698547065258,
      0.0055275228805840015
    ],