{
  "model_name": "./PINO_adapt/Baseline/Rollout/1_frame/Results_stable_PINO_finite_difference_0.01_resloss_0.1_icloss_0.1_bcloss_0.0_wloss_mse_eval_0.55_D_1_frames_31_10_2025-09_45",
  "timesteps": [
    0,
    1
  ],
  "rmse": {
    "Voltage": [
      0.0,
      0.006920603569597006,
      0.008713907562196255,
      0.008848575875163078,
      0.009463350288569927,
      0.009838325902819633,
      0.010670616291463375,
      0.009558163583278656,
      0.009040378965437412,
      0.008748510852456093,
      0.008243102580308914,
      0.007821901701390743,
      0.007941242307424545,
      0.008277448825538158,
      0.00836391095072031,
      0.009102440439164639,
      0.008387855254113674,
      0.00821099616587162,
      0.008523120544850826,
      0.008145270869135857,
      0.00806991197168827,
      0.00809373427182436,
      0.007939762435853481,
      0.007203507237136364,
      0.006930169183760881,
      0.007034515496343374,
      0.007432921789586544,
      0.00764795346185565,
      0.007986661978065968,
      0.0074004740454256535,
      0.007227374706417322,
      0.00714342063292861,
      0.007114047650247812,
      0.007141441572457552,
      0.007210948038846254,
      0.007320169359445572,
      0.007433648686856031,
      0.007510361727327108,
      0.007567507680505514,
      0.007688423153012991,
      0.007979310117661953,
      0.008548484183847904,
      0.00952442828565836,
      0.010468848049640656,
      0.01069296058267355,
      0.010268986225128174,
      0.009725533425807953,
      0.009685097262263298,
      0.009686942212283611,
      0.00966213084757328,
      0.009803441353142262,
      0.009863079525530338,
      0.00953991524875164,
      0.009278114885091782,
      0.009168080054223537,
      0.009186857379972935,
      0.009366202168166637,
      0.00964137353003025,
      0.009828413836658001,
      0.009893465787172318,
      0.009998147375881672,
      0.010158088058233261,
      0.010500171221792698,
      0.010828192345798016,
      0.010963212698698044,
      0.011069861240684986,
      0.011123115196824074,
      0.011090305633842945,
      0.011012681759893894,
      0.010951068252325058,
      0.011182731948792934,
      0.012607098557054996,
      0.014971527270972729,
      0.01488128025084734,
      0.014615743421018124,
      0.012426938861608505,
      0.011549964547157288,
      0.010995856486260891,
      0.010931987315416336,
      0.011429873295128345,
      0.012189368717372417,
      0.01259575691074133,
      0.012390841729938984,
      0.012919322587549686,
      0.013878022320568562,
      0.013011033646762371,
      0.012691386975347996,
      0.012641710229218006,
      0.012540718540549278,
      0.012434626929461956,
      0.012392879463732243,
      0.012480679899454117,
      0.012874960899353027,
      0.01394739095121622,
      0.015940696001052856,
      0.01853039860725403,
      0.021037165075540543,
      0.024283045902848244,
      0.026295682415366173,
      0.02265181578695774,
      0.02270183153450489,
      0.023033181205391884,
      0.022595534101128578,
      0.02088978886604309,
      0.019374147057533264,
      0.01859789714217186,
      0.018210208043456078,
      0.018045052886009216,
      0.018293393775820732,
      0.017913738265633583,
      0.017259256914258003,
      0.016146931797266006,
      0.015234293416142464,
      0.014057395979762077,
      0.011575117707252502,
      0.010670123621821404,
      0.010836412198841572,
      0.01028270274400711,
      0.010035826824605465,
      0.01012396439909935,
      0.010251668281853199,
      0.010390404611825943,
      0.010550696402788162,
      0.010751691646873951,
      0.01100123580545187,
      0.01137103233486414,
      0.012033295817673206,
      0.012452908791601658,
      0.012266394682228565,
      0.012173277325928211,
      0.012279870919883251,
      0.012350707314908504,
      0.01226508803665638,
      0.012013300321996212,
      0.01162067148834467,
      0.011157412081956863,
      0.010707373730838299,
      0.010301156900823116,
      0.010027491487562656,
      0.009710724465548992,
      0.009421318769454956,
      0.009272829629480839,
      0.009125085547566414,
      0.00902155414223671,
      0.009122559800744057,
      0.009340654127299786,
      0.009142633527517319,
      0.0086918193846941,
      0.008636090904474258,
      0.00877062976360321,
      0.0088804941624403,
      0.00896497257053852,
      0.00908848736435175,
      0.009392372332513332,
      0.01004006713628769,
      0.011614483781158924,
      0.015276970341801643,
      0.015719933435320854,
      0.014337087981402874,
      0.014108224771916866,
      0.015970855951309204,
      0.018570559099316597,
      0.021456196904182434,
      0.02428179606795311,
      0.02689429372549057,
      0.029387468472123146,
      0.03193477913737297,
      0.034471046179533005,
      0.036914411932229996,
      0.04015789180994034,
      0.04479110240936279,
      0.04802154004573822,
      0.04974401369690895,
      0.050553880631923676,
      0.051356907933950424,
      0.052269820123910904,
      0.053408969193696976,
      0.05502193421125412,
      0.05724584683775902,
      0.060100436210632324,
      0.0634930208325386,
      0.06716576218605042,
      0.07089611887931824,
      0.07516182959079742,
      0.08043760061264038,
      0.08352291584014893,
      0.08313623070716858,
      0.08153952658176422,
      0.08008407801389694,
      0.0789223313331604,
      0.07806363701820374,
      0.07735664397478104,
      0.07666431367397308,
      0.07603392750024796,
      0.07548923045396805,
      0.0745897963643074,
      0.07347509264945984,
      0.0731290876865387,
      0.07382884621620178,
      0.07434730976819992
    ],