{
  "phase": "",
  "net_training_time_sec": 3918.2672127895057,
  "net_training_time_min": 65.30445354649176,
  "min_mse": 0.00010622566333040595,
  "min_mse_epoch": 1001,
  "min_rmse": 0.0020926184952259064,
  "min_rmse_epoch": 1001
}