{
  "Channel 0 (0 = Voltage, 1 = Recovery Current)": {
    "Avg Mean Absolute Error": 0.03102029114961624,
    "Average Cell Error": 0.03102029114961624,
    "Average Error of Top 10 Worst Cells": 0.05394337698817253,
    "Mean Signed Error (Bias)": 0.03102029114961624,
    "Max Signed Error": 0.8282611966133118,
    "Pct Errors > Avg MAE": 30.802030698119314,
    "Pct Cells with Avg Error > Avg Cell Error": 30.693069306930692,
    "Worst Case Results": {
      "Timestep": 190,
      "Cell [x, y]": [
        100,
        0
      ],
      "Absolute Error": 0.8282611966133118
    },
    "Best Case Results": {
      "Timestep": 144,
      "Cell [x, y]": [
        13,
        15
      ],
      "Absolute Error": 1.6094418242573738e-08
    },
    "Best/Worst Cells Over Time": {
      "Best Cell [x, y]": [
        63,
        54
      ],
      "Best Cell Avg Error": 0.014426380395889282,
      "Worst Cell [x, y]": [
        95,
        0
      ],
      "Worst Cell Avg Error": 0.15352359414100647
    },
    "Overall RMSE:": 0.052467234432697296
  },
  "Channel 1 (0 = Voltage, 1 = Recovery Current)": {
    "Avg Mean Absolute Error": 0.0428379662334919,
    "Average Cell Error": 0.042837973684072495,
    "Average Error of Top 10 Worst Cells": 0.059514548629522324,
    "Mean Signed Error (Bias)": 0.042837969958782196,
    "Max Signed Error": 0.6117401123046875,
    "Pct Errors > Avg MAE": 32.79211089425774,
    "Pct Cells with Avg Error > Avg Cell Error": 35.64356435643564,
    "Worst Case Results": {
      "Timestep": 476,
      "Cell [x, y]": [
        97,
        0
      ],
      "Absolute Error": 0.6117401123046875
    },
    "Best Case Results": {
      "Timestep": 268,
      "Cell [x, y]": [
        6,
        16
      ],
      "Absolute Error": 7.450580596923828e-09
    },
    "Best/Worst Cells Over Time": {
      "Best Cell [x, y]": [
        32,
        18
      ],
      "Best Cell Avg Error": 0.01937248185276985,
      "Worst Cell [x, y]": [
        97,
        0
      ],
      "Worst Cell Avg Error": 0.13030502200126648
    },
    "Overall RMSE:": 0.06175736337900162
  }
}