{
  "phase": "",
  "net_training_time_sec": 3772.579754376784,
  "net_training_time_min": 62.876329239613064,
  "min_mse": 0.038108453154563904,
  "min_mse_epoch": 61,
  "min_rmse": 0.03895203769207001,
  "min_rmse_epoch": 61
}