{
  "Channel 0 (0 = Voltage, 1 = Recovery Current)": {
    "Avg Mean Absolute Error": 0.014388732612133026,
    "Average Cell Error": 0.014388734474778175,
    "Average Error of Top 10 Worst Cells": 0.030994921922683716,
    "Mean Signed Error (Bias)": 0.014388732612133026,
    "Max Signed Error": 0.9276254773139954,
    "Pct Errors > Avg MAE": 19.88624644642682,
    "Pct Cells with Avg Error > Avg Cell Error": 51.48514851485149,
    "Worst Case Results": {
      "Timestep": 453,
      "Cell [x, y]": [
        100,
        0
      ],
      "Absolute Error": 0.9276254773139954
    },
    "Best Case Results": {
      "Timestep": 0,
      "Cell [x, y]": [
        0,
        0
      ],
      "Absolute Error": 0.0
    },
    "Best/Worst Cells Over Time": {
      "Best Cell [x, y]": [
        70,
        80
      ],
      "Best Cell Avg Error": 0.004319186322391033,
      "Worst Cell [x, y]": [
        100,
        0
      ],
      "Worst Cell Avg Error": 0.12842130661010742
    },
    "Overall RMSE:": 0.039302289485931396
  },
  "Channel 1 (0 = Voltage, 1 = Recovery Current)": {
    "Avg Mean Absolute Error": 0.02842104248702526,
    "Average Cell Error": 0.02842104248702526,
    "Average Error of Top 10 Worst Cells": 0.05468081310391426,
    "Mean Signed Error (Bias)": 0.02842104248702526,
    "Max Signed Error": 1.2484893798828125,
    "Pct Errors > Avg MAE": 23.515086756200372,
    "Pct Cells with Avg Error > Avg Cell Error": 41.584158415841586,
    "Worst Case Results": {
      "Timestep": 374,
      "Cell [x, y]": [
        51,
        0
      ],
      "Absolute Error": 1.2484893798828125
    },
    "Best Case Results": {
      "Timestep": 0,
      "Cell [x, y]": [
        0,
        0
      ],
      "Absolute Error": 0.0
    },
    "Best/Worst Cells Over Time": {
      "Best Cell [x, y]": [
        66,
        73
      ],
      "Best Cell Avg Error": 0.007633015047758818,
      "Worst Cell [x, y]": [
        30,
        0
      ],
      "Worst Cell Avg Error": 0.12333675473928452
    },
    "Overall RMSE:": 0.06282168626785278
  }
}