{
  "phase": "",
  "net_training_time_sec": 3144.678752122447,
  "net_training_time_min": 52.411312535374115,
  "min_mse": 0.00028166649281047285,
  "min_mse_epoch": 201,
  "min_rmse": 0.0034082091879099607,
  "min_rmse_epoch": 201
}