{
  "phase": "",
  "net_training_time_sec": 3783.558233588934,
  "net_training_time_min": 63.0593038931489,
  "min_mse": 0.004607562441378832,
  "min_mse_epoch": 71,
  "min_rmse": 0.013564301654696465,
  "min_rmse_epoch": 71
}