{
  "model_name": "./PINO_adapt/Baseline/Rollout/1_frame/Results_chaotic_PINO_finite_difference_0.01_resloss_0.1_icloss_0.1_bcloss_0.0_wloss_mse_eval_0.55_D_1_frames_31_10_2025-09_45",
  "timesteps": [
    0,
    1
  ],
  "rmse": {
    "Voltage": [
      0.0,
      0.03720664978027344,
      0.06523475795984268,
      0.08664985746145248,
      0.10372413694858551,
      0.11848126351833344,
      0.1324431300163269,
      0.14652082324028015,
      0.1611122339963913,
      0.17629879713058472,
      0.19201505184173584,
      0.2081330567598343,
      0.224479079246521,
      0.24083177745342255,
      0.25694072246551514,
      0.2725836932659149,
      0.2877720892429352,
      0.3033848702907562,
      0.3180932402610779,
      0.32957157492637634,
      0.3384101688861847,
      0.3451042175292969,
      0.3505116105079651,
      0.35695523023605347,
      0.3637627065181732,
      0.3697100281715393,
      0.3750421404838562,
      0.3798712491989136,
      0.384657621383667,
      0.38918137550354004,
      0.39292946457862854,
      0.3964322507381439,
      0.3999280631542206,
      0.4034912586212158,
      0.40706896781921387,
      0.4105944037437439,
      0.4141539931297302,
      0.4177391827106476,
      0.4212605953216553,
      0.4249725639820099,
      0.42886120080947876,
      0.43287089467048645,
      0.4369843602180481,
      0.4412546455860138,
      0.4459151327610016,
      0.45090052485466003,
      0.4561559855937958,
      0.4617127776145935,
      0.4675396978855133,
      0.47357654571533203,
      0.4797500967979431,
      0.48598194122314453,
      0.49218428134918213,
      0.4982561767101288,
      0.5040909647941589,
      0.5095935463905334,
      0.5146970152854919,
      0.5193730592727661,
      0.5236399173736572,
      0.5275667309761047,
      0.5312524437904358,
      0.5347803831100464,
      0.5382230281829834,
      0.5415939092636108,
      0.5447691679000854,
      0.5476217269897461,
      0.5501092076301575,
      0.552212655544281,
      0.5538874864578247,
      0.5550941824913025,
      0.5558655261993408,
      0.5562938451766968,
      0.5564935207366943,
      0.5566024780273438,
      0.5567430853843689,
      0.5570122003555298,
      0.5574813485145569,
      0.5581841468811035,
      0.5591275095939636,
      0.5603178143501282,
      0.561789870262146,
      0.563697338104248,
      0.5665236115455627,
      0.5707585215568542,
      0.5758069157600403,
      0.5804769992828369,
      0.5848746299743652,
      0.5892156958580017,
      0.593285322189331,
      0.5967900156974792,
      0.5996003150939941,
      0.6017648577690125,
      0.6034058332443237,
      0.6046761870384216,
      0.6057579517364502,
      0.606806218624115,
      0.6079019904136658,
      0.6090208292007446,
      0.6101483106613159,
      0.6114100217819214,
      0.6129418015480042,
      0.6147885322570801,
      0.6169141530990601,
      0.6192261576652527,
      0.6215821504592896,
      0.6238563060760498,
      0.6260135769844055,
      0.6280679106712341,
      0.6300134062767029,
      0.6318055987358093,
      0.6333590149879456,
      0.6345356702804565,
      0.6350840330123901,
      0.6347091794013977,
      0.6333432793617249,
      0.6310803294181824,
      0.6281655430793762,
      0.625826358795166,
      0.6248132586479187,
      0.6244698166847229,
      0.6245657801628113,
      0.6250832676887512,
      0.6256201267242432,
      0.6258107423782349,
      0.6255519390106201,
      0.6248617768287659,
      0.623757541179657,
      0.6223354935646057,
      0.6205350160598755,
      0.6182584762573242,
      0.6156124472618103,
      0.6127583980560303,
      0.6098880767822266,
      0.6072229743003845,
      0.6051132678985596,
      0.603672981262207,
      0.6030222177505493,
      0.6030851006507874,
      0.6034521460533142,
      0.6036686897277832,
      0.6038117408752441,
      0.603748619556427,
      0.6032160520553589,
      0.6020801067352295,
      0.6004040241241455,
      0.5984156131744385,
      0.5964406132698059,
      0.5947955250740051,
      0.593701183795929,
      0.5932424068450928,
      0.5934823155403137,
      0.5943572521209717,
      0.5958867073059082,
      0.5980409979820251,
      0.6006900072097778,
      0.6036229133605957,
      0.6064861416816711,
      0.6087930202484131,
      0.6100065112113953,
      0.609635055065155,
      0.6076200604438782,
      0.6045422554016113,
      0.6007039546966553,
      0.5961835980415344,
      0.5910639762878418,
      0.5855225324630737,
      0.5798816680908203,
      0.5746050477027893,
      0.5702570676803589,
      0.5673462152481079,
      0.566250741481781,
      0.5671945810317993,
      0.5701865553855896,
      0.5749399662017822,
      0.5808594226837158,
      0.587221622467041,
      0.5935141444206238,
      0.5994508862495422,
      0.6046918034553528,
      0.6088165640830994,
      0.6115975379943848,
      0.6132034659385681,
      0.6141338348388672,
      0.614983320236206,
      0.6162149906158447,
      0.6179829835891724,
      0.620114803314209,
      0.6223488450050354,
      0.6244771480560303,
      0.6263251304626465,
      0.6278209686279297,
      0.6290106177330017,
      0.6300698518753052,
      0.6311914324760437,
      0.6324971914291382,
      0.6340195536613464,
      0.6358389258384705,
      0.6378442049026489,
      0.639605700969696,
      0.6407678127288818
    ],