{
  "phase": "",
  "net_training_time_sec": 37810.24693790451,
  "net_training_time_min": 630.1707822984084,
  "min_mse": 0.0006956453435122967,
  "min_mse_epoch": 1001,
  "min_rmse": 0.005267334170639515,
  "min_rmse_epoch": 1001
}