{
  "Channel 0 (0 = Voltage, 1 = Recovery Current)": {
    "Avg Mean Absolute Error": 0.29591310024261475,
    "Average Cell Error": 0.29591310024261475,
    "Average Error of Top 10 Worst Cells": 0.34266602993011475,
    "Mean Signed Error (Bias)": 0.29591310024261475,
    "Max Signed Error": 1.1769393682479858,
    "Pct Errors > Avg MAE": 39.30475443583962,
    "Pct Cells with Avg Error > Avg Cell Error": 40.5940594059406,
    "Worst Case Results": {
      "Timestep": 424,
      "Cell [x, y]": [
        67,
        11
      ],
      "Absolute Error": 1.1769393682479858
    },
    "Best Case Results": {
      "Timestep": 0,
      "Cell [x, y]": [
        0,
        0
      ],
      "Absolute Error": 0.0
    },
    "Best/Worst Cells Over Time": {
      "Best Cell [x, y]": [
        26,
        21
      ],
      "Best Cell Avg Error": 0.19634036719799042,
      "Worst Cell [x, y]": [
        100,
        0
      ],
      "Worst Cell Avg Error": 0.4134552776813507
    },
    "Overall RMSE:": 0.41396021842956543
  },
  "Channel 1 (0 = Voltage, 1 = Recovery Current)": {
    "Avg Mean Absolute Error": 0.39260101318359375,
    "Average Cell Error": 0.39260101318359375,
    "Average Error of Top 10 Worst Cells": 0.4837639033794403,
    "Mean Signed Error (Bias)": 0.39260101318359375,
    "Max Signed Error": 2.234790086746216,
    "Pct Errors > Avg MAE": 38.981864523085974,
    "Pct Cells with Avg Error > Avg Cell Error": 41.584158415841586,
    "Worst Case Results": {
      "Timestep": 330,
      "Cell [x, y]": [
        1,
        51
      ],
      "Absolute Error": 2.234790086746216
    },
    "Best Case Results": {
      "Timestep": 0,
      "Cell [x, y]": [
        0,
        0
      ],
      "Absolute Error": 0.0
    },
    "Best/Worst Cells Over Time": {
      "Best Cell [x, y]": [
        64,
        33
      ],
      "Best Cell Avg Error": 0.22161051630973816,
      "Worst Cell [x, y]": [
        10,
        23
      ],
      "Worst Cell Avg Error": 0.6453722715377808
    },
    "Overall RMSE:": 0.5495502352714539
  }
}