{
  "model_name": "./PINO/Baseline/Rollout/5_frame/Results_chaotic_PINO_finite_difference_0.01_resloss_0.1_icloss_0.1_bcloss_0.0_wloss_mse_eval_0.55_D_5_frames_30_10_2025-19_32",
  "timesteps": [
    0,
    1
  ],
  "rmse": {
    "Voltage": [
      0.0,
      0.0,
      0.0,
      0.0,
      0.0,
      0.037876345217227936,
      0.03546348959207535,
      0.03510598465800285,
      0.04388168454170227,
      0.04710494726896286,
      0.041250307112932205,
      0.04036756977438927,
      0.04404694586992264,
      0.057246629148721695,
      0.059529323130846024,
      0.04992389678955078,
      0.0524451807141304,
      0.056151553988456726,
      0.06955061107873917,
      0.07341224700212479,
      0.05750523880124092,
      0.060510918498039246,
      0.06154787167906761,
      0.07889001071453094,
      0.08603084087371826,
      0.07075213640928268,
      0.0723564475774765,
      0.06713160127401352,
      0.07729697972536087,
      0.07810036838054657,
      0.06636054813861847,
      0.06756879389286041,
      0.06558196991682053,
      0.07120829820632935,
      0.07543880492448807,
      0.06599636375904083,
      0.06429379433393478,
      0.0647839605808258,
      0.06753043830394745,
      0.07568874210119247,
      0.07058300822973251,
      0.06673069298267365,
      0.06432501971721649,
      0.06935395300388336,
      0.0769123062491417,
      0.07702933251857758,
      0.07229029387235641,
      0.06774444133043289,
      0.07357519119977951,
      0.0819302648305893,
      0.08370379358530045,
      0.08289141207933426,
      0.07798546552658081,
      0.08683917671442032,
      0.09503155946731567,
      0.09634315967559814,
      0.0993616133928299,
      0.09425530582666397,
      0.10304278135299683,
      0.10359067469835281,
      0.10503479093313217,
      0.10648880153894424,
      0.09822525829076767,
      0.10371656715869904,
      0.10628616809844971,
      0.11103569716215134,
      0.11547604948282242,
      0.10787348449230194,
      0.11280184239149094,
      0.11324508488178253,
      0.1235867589712143,
      0.12690512835979462,
      0.11913356184959412,
      0.12125904113054276,
      0.12292195111513138,
      0.1343783438205719,
      0.13838405907154083,
      0.13188961148262024,
      0.13342420756816864,
      0.13941128551959991,
      0.14914143085479736,
      0.1558641940355301,
      0.14802084863185883,
      0.14455631375312805,
      0.13667728006839752,
      0.14540477097034454,
      0.15165968239307404,
      0.14546842873096466,
      0.14111174643039703,
      0.13292944431304932,
      0.1419159322977066,
      0.14855191111564636,
      0.1454612910747528,
      0.13988488912582397,
      0.1379435509443283,
      0.14410600066184998,
      0.14830775558948517,
      0.14717189967632294,
      0.14571987092494965,
      0.14624536037445068,
      0.14975719153881073,
      0.1511765718460083,
      0.15025000274181366,
      0.15126021206378937,
      0.15094102919101715,
      0.1500704437494278,
      0.1482066959142685,
      0.14789550006389618,
      0.14557614922523499,
      0.14392660558223724,
      0.1378660500049591,
      0.1360713541507721,
      0.13827374577522278,
      0.1361003965139389,
      0.13104507327079773,
      0.1326458603143692,
      0.1280946582555771,
      0.13050085306167603,
      0.12528719007968903,
      0.12084268778562546,
      0.11941143870353699,
      0.11560743302106857,
      0.11550747603178024,
      0.11283008754253387,
      0.1098843663930893,
      0.1111355647444725,
      0.11292480677366257,
      0.11429956555366516,
      0.11350966989994049,
      0.11568921059370041,
      0.1210501566529274,
      0.12558098137378693,
      0.1278550773859024,
      0.12626565992832184,
      0.1267571896314621,
      0.1244175136089325,
      0.12082278728485107,
      0.1150035411119461,
      0.11103226989507675,
      0.1180504709482193,
      0.11860092729330063,
      0.11998576670885086,
      0.11568324267864227,
      0.11774241179227829,
      0.1262882500886917,
      0.1266620010137558,
      0.12861879169940948,
      0.12497995793819427,
      0.1280098408460617,
      0.1344921737909317,
      0.13671407103538513,
      0.13846783339977264,
      0.1383853703737259,
      0.1400109976530075,
      0.14528489112854004,
      0.12325894832611084,
      0.12930820882320404,
      0.1289578229188919,
      0.12090214341878891,
      0.1194692999124527,
      0.12902922928333282,
      0.1347244530916214,
      0.145818293094635,
      0.12898628413677216,
      0.14536313712596893,
      0.20793116092681885,
      0.2188740372657776,
      0.2349681556224823,
      0.22218763828277588,
      0.24719339609146118,
      0.300548791885376,
      0.3080142140388489,
      0.3248583972454071,
      0.3150588274002075,
      0.33445078134536743,
      0.3755544424057007,
      0.37267443537712097,
      0.39019182324409485,
      0.38567274808883667,
      0.39509469270706177,
      0.4223957061767578,
      0.4135378897190094,
      0.42138469219207764,
      0.4203426241874695,
      0.42363640666007996,
      0.4426114857196808,
      0.4285165071487427,
      0.44285815954208374,
      0.4349583387374878,
      0.4346292316913605,
      0.45042043924331665,
      0.4341734051704407,
      0.45968279242515564,
      0.44649648666381836,
      0.4326036870479584,
      0.4510857164859772,
      0.4369875490665436,
      0.47281160950660706,
      0.45672672986984253,
      0.4314967393875122
    ],