{
  "model_name": "./PINO/Baseline/P2P/5_frame/Results_stable_PINO_finite_difference_0.01_resloss_0.1_icloss_0.1_bcloss_0.0_wloss_mse_eval_0.55_D_5_frames_30_10_2025-19_32",
  "timesteps": [
    0,
    1
  ],
  "rmse": {
    "Voltage": [
      0.014885816723108292,
      0.012271109968423843,
      0.010903194546699524,
      0.010745157487690449,
      0.009452637284994125,
      0.007867368869483471,
      0.007211552932858467,
      0.007474957965314388,
      0.008287382312119007,
      0.007053252309560776,
      0.00721350684762001,
      0.005717831198126078,
      0.005308516789227724,
      0.005381368100643158,
      0.005103624425828457,
      0.004798466805368662,
      0.004657517187297344,
      0.004592211917042732,
      0.0042015318758785725,
      0.004045669920742512,
      0.003926990088075399,
      0.004344404209405184,
      0.00427244370803237,
      0.004659160505980253,
      0.003469788236543536,
      0.0029133365023881197,
      0.002617398276925087,
      0.0024318937212228775,
      0.0023998976685106754,
      0.002367886248975992,
      0.0023523783311247826,
      0.002323135733604431,
      0.002257381100207567,
      0.002192161278799176,
      0.002230381825938821,
      0.002376000629737973,
      0.0026336784940212965,
      0.0033469609916210175,
      0.003971864003688097,
      0.003744832705706358,
      0.00321146659553051,
      0.002755180699750781,
      0.0027182274498045444,
      0.0026176858227699995,
      0.002402988960966468,
      0.0023747694212943316,
      0.0024702786467969418,
      0.0022258362732827663,
      0.0020689505618065596,
      0.0020167368929833174,
      0.0019618605729192495,
      0.0019097045296803117,
      0.001887660357169807,
      0.0018151664407923818,
      0.001872491673566401,
      0.0020749724935740232,
      0.001962661277502775,
      0.0020862368401139975,
      0.0019910975825041533,
      0.0016437566373497248,
      0.0018238956108689308,
      0.0018521598540246487,
      0.002054283395409584,
      0.002355028409510851,
      0.0024425568990409374,
      0.002384411171078682,
      0.004178290721029043,
      0.0062608919106423855,
      0.007194710895419121,
      0.008579430170357227,
      0.006681709550321102,
      0.005330229643732309,
      0.004166490864008665,
      0.004008521791547537,
      0.003931327257305384,
      0.003842845791950822,
      0.003989513497799635,
      0.0048137386329472065,
      0.004779462236911058,
      0.006204042583703995,
      0.005005615763366222,
      0.0043509225361049175,
      0.0040383790619671345,
      0.0038125019054859877,
      0.0036333545576781034,
      0.0034631183370947838,
      0.003466489026322961,
      0.0035538244992494583,
      0.003619746072217822,
      0.0037015345878899097,
      0.003866141429170966,
      0.0050925384275615215,
      0.005652301944792271,
      0.008882228285074234,
      0.008939649909734726,
      0.008970802649855614,
      0.008554435335099697,
      0.008780783042311668,
      0.008269231766462326,
      0.007385570555925369,
      0.0066591668874025345,
      0.006609258707612753,
      0.005981289781630039,
      0.006186200771480799,
      0.005150279030203819,
      0.0047936211340129375,
      0.004736308474093676,
      0.004554697312414646,
      0.004244642332196236,
      0.0037390084471553564,
      0.004367049317806959,
      0.0031331004574894905,
      0.002855422208085656,
      0.002512445207685232,
      0.002379103098064661,
      0.002341492800042033,
      0.002295504091307521,
      0.002190604107454419,
      0.0022097283508628607,
      0.0025193491019308567,
      0.0028273018542677164,
      0.0034241441171616316,
      0.003758902894333005,
      0.0033073395024985075,
      0.0028213069308549166,
      0.002551696263253689,
      0.002430608728900552,
      0.0023694057017564774,
      0.0023060969542711973,
      0.002209278056398034,
      0.002150592627003789,
      0.0021538559813052416,
      0.0020398779306560755,
      0.0020707184448838234,
      0.002074179705232382,
      0.0018944109324365854,
      0.0017956296214833856,
      0.0017402523662894964,
      0.0017246457282453775,
      0.001715442631393671,
      0.001817577751353383,
      0.0018473216332495213,
      0.0016663208371028304,
      0.00157693843357265,
      0.0016124811954796314,
      0.001725276350043714,
      0.0018396719824522734,
      0.002010670490562916,
      0.0028421832248568535,
      0.003991053439676762,
      0.005866915453225374,
      0.012433165684342384,
      0.013666588813066483,
      0.012630697339773178,
      0.012366190552711487,
      0.014341884292662144,
      0.01568128727376461,
      0.01595659740269184,
      0.015755830332636833,
      0.015581578947603703,
      0.015721099451184273,
      0.01628459431231022,
      0.017371349036693573,
      0.019819751381874084,
      0.024601561948657036,
      0.028079040348529816,
      0.026406200602650642,
      0.025368040427565575,
      0.02460506558418274,
      0.02415229007601738,
      0.02397960238158703,
      0.02382139302790165,
      0.023728985339403152,
      0.023934291675686836,
      0.024372577667236328,
      0.024788571521639824,
      0.02489696443080902,
      0.024691885337233543,
      0.024671170860528946,
      0.027524102479219437,
      0.029213225468993187,
      0.02832683175802231,
      0.027511097490787506,
      0.026612306013703346,
      0.02577931247651577,
      0.02507055178284645,
      0.024141496047377586,
      0.02265937812626362,
      0.021088453009724617,
      0.020555594936013222,
      0.020137542858719826,
      0.020325837656855583,
      0.020722078159451485,
      0.02130681276321411,
      0.024223048239946365
    ],