{
  "model_name": "./PINO/Baseline/P2P/1_frame/Results_centrifugal_PINO_finite_difference_0.01_resloss_0.1_icloss_0.1_bcloss_0.0_wloss_mse_eval_0.55_D_1_frames_30_10_2025-19_32",
  "timesteps": [
    0,
    1
  ],
  "mse": {
    "Voltage": [
      0.05498755723237991,
      0.0014299157774075866,
      0.0014754818985238671,
      0.0013665681472048163,
      0.0012476179981604218,
      0.0011447211727499962,
      0.0010607120348140597,
      0.0009928287472575903,
      0.0009372845524922013,
      0.0008907486335374415,
      0.0008508762111887336,
      0.0008164528990164399,
      0.000787318916991353,
      0.000764117983635515,
      0.0007479049963876605,
      0.0007396923028863966,
      0.0007400399190373719,
      0.0007488258997909725,
      0.0007652666536159813,
      0.000788178585935384,
      0.0008164044702425599,
      0.0008492718916386366,
      0.0008869669982232153,
      0.00093073770403862,
      0.0009828903712332249,
      0.0010466094827279449,
      0.0011256353463977575,
      0.0012238536728546023,
      0.0013447856763377786,
      0.0014909172896295786,
      0.0016627308214083314,
      0.001857323688454926,
      0.0020666324999183416,
      0.0022754871752113104,
      0.0024602138437330723,
      0.0025899242609739304,
      0.00263597397133708,
      0.002596343168988824,
      0.0025197300128638744,
      0.0024635703302919865,
      0.002394150011241436,
      0.002223681192845106,
      0.0019761144649237394,
      0.0018227455439046025,
      0.001778834848664701,
      0.0017540192930027843,
      0.0017662598984315991,
      0.0017595457611605525,
      0.0017174663953483105,
      0.0016835173591971397,
      0.0016741480212658644,
      0.00168467010371387,
      0.0017076258081942797,
      0.0017376646865159273,
      0.001771645387634635,
      0.0018080202862620354,
      0.0018462348962202668,
      0.0018862172728404403,
      0.0019279704429209232,
      0.0019712995272129774,
      0.0020157021936029196,
      0.002060441765934229,
      0.0021047561895102262,
      0.002148137893527746,
      0.002190585248172283,
      0.0022326987236738205,
      0.002275589620694518,
      0.0023205545730888844,
      0.002368645276874304,
      0.0024202887434512377,
      0.0024751215241849422,
      0.0025321096181869507,
      0.00258992169983685,
      0.0026474790647625923,
      0.002704563084989786,
      0.002762389834970236,
      0.0028239761013537645,
      0.0028942199423909187,
      0.002980018500238657,
      0.003093961626291275,
      0.003290134947746992,
      0.003920102026313543,
      0.005286354571580887,
      0.00460383715108037,
      0.004097357392311096,
      0.003918072674423456,
      0.0038196095265448093,
      0.0037316197995096445,
      0.00364488922059536,
      0.003566624829545617,
      0.0034969274420291185,
      0.003435434540733695,
      0.0033791018649935722,
      0.0033192697446793318,
      0.0032511153258383274,
      0.00317818159237504,
      0.0031060457695275545,
      0.0030364252161234617,
      0.002967674983665347,
      0.002898748265579343,
      0.0028315631207078695,
      0.0027693514712154865,
      0.0027136823628097773,
      0.0026632267981767654,
      0.002614441094920039,
      0.002563494024798274,
      0.00250815786421299,
      0.0024482947774231434,
      0.00238473666831851,
      0.002317775972187519,
      0.0022469055838882923,
      0.002171778352931142,
      0.00209299405105412,
      0.002012052806094289,
      0.0019316510297358036,
      0.001856953022070229,
      0.0017961247358471155,
      0.0017581784632056952,
      0.0017524320865049958,
      0.0017898146761581302,
      0.0016176970675587654,
      0.0014086971059441566,
      0.0012136688455939293,
      0.001088538789190352,
      0.0010350317461416125,
      0.0010005696676671505,
      0.0009688011487014592,
      0.0009215733734890819,
      0.0008573024533689022,
      0.0007851104019209743,
      0.0007136830245144665,
      0.0006477105780504644,
      0.0005877632065676153,
      0.0005332521395757794,
      0.0004841894842684269,
      0.00044095393968746066,
      0.0004040173371322453,
      0.0003734590136446059,
      0.00034833289100788534,
      0.00032687000930309296,
      0.00030733420862816274,
      0.0002885679714381695,
      0.00027007737662643194,
      0.0002519532572478056,
      0.00023464304103981704,
      0.00021857193496543914,
      0.00020381377544254065,
      0.00019001399050466716,
      0.00017659779405221343,
      0.00016307026089634746,
      0.00014914802159182727,
      0.0001346794015262276,
      0.00011957230162806809,
      0.00010388807277195156,
      8.803585660643876e-05,
      7.298865966731682e-05,
      6.056283018551767e-05,
      5.367771882447414e-05,
      5.6226686865556985e-05,
      7.227883179439232e-05,
      0.0001049566562869586,
      0.0001559100637678057,
      0.00022608903236687183,
      0.00031579213100485504,
      0.0004098681383766234,
      0.0004750943335238844,
      0.0005186422495171428,
      0.0005280740442685783,
      0.0004888816038146615,
      0.00043661973904818296,
      0.0003962342452723533,
      0.00036881028790958226,
      0.0003503572952467948,
      0.00033764628460630774,
      0.00032861900399439037,
      0.00032201153226196766,
      0.0003170387353748083,
      0.00031320122070610523,
      0.00031017157016322017,
      0.0003077303699683398,
      0.00030572613468393683,
      0.0003040525480173528,
      0.00030263271764852107,
      0.0003014109388459474,
      0.0003003457095474005,
      0.0002994051610585302,
      0.00029856571927666664,
      0.00029780875775031745,
      0.00029711975366808474,
      0.0002964871237054467,
      0.00029590187477879226,
      0.0002953567309305072,
      0.0002948456385638565,
      0.00029436402837745845,
      0.00029390747658908367,
      0.000293473043711856,
      0.0002930578775703907,
      0.0002926597371697426,
      0.00029227646882645786
    ],