{
  "model_name": "./PINO/Baseline/P2P/1_frame/Results_centrifugal_PINO_finite_difference_0.01_resloss_0.1_icloss_0.1_bcloss_0.0_wloss_mse_eval_0.55_D_1_frames_30_10_2025-19_32",
  "timesteps": [
    0,
    1
  ],
  "rmse": {
    "Voltage": [
      0.23449425399303436,
      0.03781422600150108,
      0.038412000983953476,
      0.03696712106466293,
      0.035321637988090515,
      0.03383372724056244,
      0.03256857395172119,
      0.03150918334722519,
      0.030615102499723434,
      0.02984541282057762,
      0.029169782996177673,
      0.028573639690876007,
      0.028059203177690506,
      0.027642684057354927,
      0.027347851544618607,
      0.027197284623980522,
      0.027203675359487534,
      0.027364684268832207,
      0.027663452550768852,
      0.028074517846107483,
      0.028572792187333107,
      0.029142269864678383,
      0.029781991615891457,
      0.030507994815707207,
      0.031351082026958466,
      0.03235134482383728,
      0.03355048969388008,
      0.034983620047569275,
      0.036671318113803864,
      0.038612399250268936,
      0.04077659547328949,
      0.04309668019413948,
      0.045460231602191925,
      0.04770206660032272,
      0.04960054159164429,
      0.05089129880070686,
      0.05134173855185509,
      0.05095432326197624,
      0.05019691213965416,
      0.04963436722755432,
      0.048930052667856216,
      0.04715592414140701,
      0.04445350915193558,
      0.042693622410297394,
      0.04217623546719551,
      0.041881013661623,
      0.04202689602971077,
      0.04194694012403488,
      0.041442327201366425,
      0.04103068634867668,
      0.04091635346412659,
      0.04104473441839218,
      0.041323430836200714,
      0.041685305535793304,
      0.042090918868780136,
      0.04252082109451294,
      0.04296783730387688,
      0.04343060404062271,
      0.04390865936875343,
      0.04439931735396385,
      0.04489657282829285,
      0.04539208859205246,
      0.045877620577812195,
      0.04634800925850868,
      0.046803686767816544,
      0.047251440584659576,
      0.04770313948392868,
      0.04817213490605354,
      0.04866873100399971,
      0.049196429550647736,
      0.049750592559576035,
      0.05032007023692131,
      0.050891272723674774,
      0.05145366117358208,
      0.05200541391968727,
      0.05255844071507454,
      0.053141094744205475,
      0.05379795655608177,
      0.05458954721689224,
      0.05562338978052139,
      0.05735969915986061,
      0.06261071562767029,
      0.07270731776952744,
      0.06785158067941666,
      0.0640106052160263,
      0.06259451061487198,
      0.06180299073457718,
      0.0610869862139225,
      0.06037291884422302,
      0.05972122773528099,
      0.0591348260641098,
      0.058612581342458725,
      0.05813004449009895,
      0.057613104581832886,
      0.05701855197548866,
      0.05637536197900772,
      0.05573191121220589,
      0.05510376766324043,
      0.05447636917233467,
      0.0538400262594223,
      0.05321243405342102,
      0.05262462794780731,
      0.0520930178463459,
      0.05160646140575409,
      0.051131606101989746,
      0.05063096061348915,
      0.050081513822078705,
      0.049480244517326355,
      0.04883376508951187,
      0.048143286257982254,
      0.047401536256074905,
      0.046602342277765274,
      0.045749250799417496,
      0.044855911284685135,
      0.04395055025815964,
      0.04309237748384476,
      0.04238071292638779,
      0.04193063825368881,
      0.04186205938458443,
      0.04230619966983795,
      0.040220603346824646,
      0.037532612681388855,
      0.0348377488553524,
      0.03299301117658615,
      0.032171908766031265,
      0.03163178265094757,
      0.031125571578741074,
      0.030357427895069122,
      0.02927972748875618,
      0.028019821271300316,
      0.02671484649181366,
      0.02545015886425972,
      0.024243827909231186,
      0.023092253133654594,
      0.022004306316375732,
      0.02099890261888504,
      0.02010018192231655,
      0.01932508684694767,
      0.0186636783182621,
      0.018079547211527824,
      0.017530949786305428,
      0.016987288370728493,
      0.01643403060734272,
      0.015873035416007042,
      0.015318062156438828,
      0.01478417869657278,
      0.014276335947215557,
      0.013784556649625301,
      0.013289010152220726,
      0.012769896537065506,
      0.012212617322802544,
      0.011605145409703255,
      0.010934911668300629,
      0.010192549787461758,
      0.009382742457091808,
      0.008543340489268303,
      0.00778221245855093,
      0.007326507940888405,
      0.007498445454984903,
      0.008501695469021797,
      0.010244835168123245,
      0.012486395426094532,
      0.015036256983876228,
      0.017770541831851006,
      0.020245200023055077,
      0.021796658635139465,
      0.02277371846139431,
      0.02297986112535,
      0.02211066707968712,
      0.020895447582006454,
      0.019905634224414825,
      0.019204434007406235,
      0.01871783286333084,
      0.018375154584646225,
      0.01812785118818283,
      0.017944680526852608,
      0.01780558191239834,
      0.017697492614388466,
      0.017611688002943993,
      0.017542244866490364,
      0.01748502627015114,
      0.017437102273106575,
      0.017396342009305954,
      0.017361190170049667,
      0.017330484464764595,
      0.017303328961133957,
      0.01727905496954918,
      0.01725713722407818,
      0.017237162217497826,
      0.017218802124261856,
      0.017201798036694527,
      0.017185945063829422,
      0.017171069979667664,
      0.017157040536403656,
      0.01714373007416725,
      0.017131054773926735,
      0.01711893267929554,
      0.017107300460338593,
      0.01709609478712082
    ],