{
  "phase": "",
  "net_training_time_sec": 3497.421200219542,
  "net_training_time_min": 58.29035333699236,
  "min_mse": 0.00045704536023549736,
  "min_mse_epoch": 101,
  "min_rmse": 0.004231615923345089,
  "min_rmse_epoch": 101
}