{
  "model_name": "./PINO_adapt/Baseline/Rollout/5_frame/Results_planar_PINO_finite_difference_0.01_resloss_0.1_icloss_0.1_bcloss_0.0_wloss_mse_eval_0.55_D_5_frames_31_10_2025-09_45",
  "timesteps": [
    0,
    1
  ],
  "mse": {
    "Voltage": [
      0.0,
      0.0,
      0.0,
      0.0,
      0.0,
      0.00044198878458701074,
      0.00047115699271671474,
      0.0006526634097099304,
      0.000998790143057704,
      0.0016472190618515015,
      0.0004369236994534731,
      0.0004983366234228015,
      0.0009353745263069868,
      0.0010599242523312569,
      0.00131554517429322,
      0.0004710022476501763,
      0.0005259355530142784,
      0.0009843780426308513,
      0.001222417806275189,
      0.0015277008060365915,
      0.00039594172267243266,
      0.0004654481599573046,
      0.0007692045764997602,
      0.0009636653703637421,
      0.0011925058206543326,
      0.00035682812449522316,
      0.0003836875257547945,
      0.000610092596616596,
      0.0007362527539953589,
      0.001035363762639463,
      0.00042222655611112714,
      0.0003978172317147255,
      0.0004930999712087214,
      0.00039813588955439627,
      0.0004927822155877948,
      0.0004029675910715014,
      0.00036403490230441093,
      0.0003437539853621274,
      0.0002446058497298509,
      0.0001913701999001205,
      0.000187160141649656,
      0.00015493956743739545,
      0.00015633896691724658,
      0.00014128135808277875,
      0.00018555732094682753,
      0.00010615780047373846,
      0.00012000391143374145,
      0.00014719618775416166,
      0.00013293813390191644,
      0.0001470397983212024,
      0.0001020311246975325,
      9.513898112345487e-05,
      8.214129047701135e-05,
      6.87563224346377e-05,
      7.814067794242874e-05,
      8.11630961834453e-05,
      6.50444853818044e-05,
      5.4702126362826675e-05,
      4.301766603020951e-05,
      4.8361609515268356e-05,
      6.424473394872621e-05,
      5.8385918237036094e-05,
      4.546634590951726e-05,
      3.872382512781769e-05,
      4.236775930621661e-05,
      5.98661026742775e-05,
      6.117929297033697e-05,
      5.399084693635814e-05,
      4.2427949665579945e-05,
      4.703602826339193e-05,
      6.202924851095304e-05,
      6.049263174645603e-05,
      5.7909175666281953e-05,
      4.3784213630715385e-05,
      4.4655214878730476e-05,
      7.342177559621632e-05,
      6.525211210828274e-05,
      5.711215271730907e-05,
      4.2547912016743794e-05,
      4.804242780664936e-05,
      7.925886893644929e-05,
      7.767348870402202e-05,
      7.064273086143658e-05,
      5.159710053703748e-05,
      5.669711026712321e-05,
      8.442163380095735e-05,
      7.828464731574059e-05,
      6.507011130452156e-05,
      4.6565441152779385e-05,
      5.9910373238381e-05,
      9.786053851712495e-05,
      8.681825420353562e-05,
      7.559738151030615e-05,
      6.038375795469619e-05,
      7.940212526591495e-05,
      0.00012619237531907856,
      0.0001187683519674465,
      0.00012391550990287215,
      0.00011544188600964844,
      0.00014344752707984298,
      0.00026626631733961403,
      0.00023383124789688736,
      0.00040192852611653507,
      0.00243067042902112,
      0.006177630741149187,
      0.0064417216926813126,
      0.004046124406158924,
      0.0025297319516539574,
      0.0015809236792847514,
      0.001379696768708527,
      0.0013626437867060304,
      0.0010941789951175451,
      0.0009502338361926377,
      0.0006898046704009175,
      0.0007781123858876526,
      0.0006360199768096209,
      0.0005650160019285977,
      0.0005531940259970725,
      0.00048134729149751365,
      0.0005806454573757946,
      0.0004071416042279452,
      0.0003767379093915224,
      0.0004094578616786748,
      0.00041299581062048674,
      0.0004375149728730321,
      0.0002980344870593399,
      0.00027440901612862945,
      0.00029881138470955193,
      0.00029835375607945025,
      0.0003105393552687019,
      0.00020207808120176196,
      0.0001910664141178131,
      0.0002089259069180116,
      0.0002476616355124861,
      0.000257238803897053,
      0.00016695431258995086,
      0.0001554532500449568,
      0.0001947605487657711,
      0.00023503121337853372,
      0.00018162083870265633,
      0.00012269621947780252,
      8.470778993796557e-05,
      8.445023559033871e-05,
      9.881955338642001e-05,
      0.00011432835890445858,
      6.311429751804098e-05,
      3.9116701373131946e-05,
      1.0843107702385169e-05,
      5.4719480431231204e-06,
      1.6672005358486786e-06,
      3.764900498026691e-07,
      8.137023854715153e-08,
      2.0846659509743404e-08,
      9.81038628111719e-09,
      1.3868205472888917e-09,
      1.1133882253488991e-05,
      4.67053905595094e-06,
      6.312793630058877e-07,
      2.353670112142936e-07,
      1.4510276002965838e-07,
      6.050150113878772e-05,
      4.9192720325663686e-05,
      3.3103626719821477e-06,
      1.1831640449599945e-06,
      7.23024584203813e-07,
      0.0001755104458425194,
      0.00017643241153564304,
      5.639094069920247e-06,
      2.377907321715611e-06,
      1.3399159115579096e-06,
      0.00036647345405071974,
      0.0004164215351920575,
      7.691428436373826e-06,
      3.844408183795167e-06,
      1.97502481569245e-06,
      0.0006449695210903883,
      0.0007890525739639997,
      1.021061689243652e-05,
      6.024552931194194e-06,
      2.7980413506156765e-06,
      0.0010194875067099929,
      0.0012846412137150764,
      1.3776795640296768e-05,
      9.518842489342205e-06,
      3.96553195969318e-06,
      0.0014904433628544211,
      0.0018653345759958029,
      1.895490822789725e-05,
      1.5063484170241281e-05,
      5.633082764688879e-06,
      0.0020480810198932886,
      0.002483294578269124,
      2.6339748728787526e-05,
      2.3492657419410534e-05,
      7.973483661771752e-06
    ],