{
  "model_name": "./PINO_adapt/Baseline/Rollout/5_frame/Results_planar_PINO_finite_difference_0.01_resloss_0.1_icloss_0.1_bcloss_0.0_wloss_mse_eval_0.55_D_5_frames_31_10_2025-09_45",
  "timesteps": [
    0,
    1
  ],
  "rmse": {
    "Voltage": [
      0.0,
      0.0,
      0.0,
      0.0,
      0.0,
      0.021023528650403023,
      0.021706150844693184,
      0.025547277182340622,
      0.03160364180803299,
      0.040585946291685104,
      0.020902719348669052,
      0.022323453798890114,
      0.03058389388024807,
      0.032556477934122086,
      0.036270443350076675,
      0.021702585741877556,
      0.02293328568339348,
      0.03137480095028877,
      0.03496309369802475,
      0.039085812866687775,
      0.01989828422665596,
      0.021574247628450394,
      0.027734538540244102,
      0.031042959541082382,
      0.03453267738223076,
      0.01888989470899105,
      0.019587943330407143,
      0.02470005303621292,
      0.02713397704064846,
      0.032177068293094635,
      0.020548151805996895,
      0.019945356994867325,
      0.022205853834748268,
      0.019953342154622078,
      0.022198699414730072,
      0.02007405273616314,
      0.019079698249697685,
      0.018540604040026665,
      0.015639880672097206,
      0.013833661563694477,
      0.013680648058652878,
      0.012447472661733627,
      0.012503557838499546,
      0.01188618317246437,
      0.013621943071484566,
      0.01030329056084156,
      0.010954629629850388,
      0.012132443487644196,
      0.01152987964451313,
      0.012125996872782707,
      0.010101045481860638,
      0.009753921069204807,
      0.009063183329999447,
      0.008291942998766899,
      0.008839721791446209,
      0.009009056724607944,
      0.008065016008913517,
      0.007396088447421789,
      0.00655878521502018,
      0.0069542513228952885,
      0.008015281520783901,
      0.00764106772840023,
      0.006742873694747686,
      0.006222846917808056,
      0.006509052123874426,
      0.0077373189851641655,
      0.007821719162166119,
      0.007347846403717995,
      0.0065136742778122425,
      0.0068582817912101746,
      0.007875865325331688,
      0.007777701131999493,
      0.007609807886183262,
      0.006616964004933834,
      0.006682455539703369,
      0.008568651042878628,
      0.008077877573668957,
      0.007557258475571871,
      0.006522876210510731,
      0.006931264419108629,
      0.008902745321393013,
      0.008813256397843361,
      0.008404922671616077,
      0.00718311220407486,
      0.007529748138040304,
      0.009188124909996986,
      0.008847861550748348,
      0.008066604845225811,
      0.006823887582868338,
      0.00774017907679081,
      0.009892448782920837,
      0.009317630901932716,
      0.008694675751030445,
      0.007770698517560959,
      0.008910787291824818,
      0.011233538389205933,
      0.010898089036345482,
      0.01113173458725214,
      0.010744388215243816,
      0.011976958252489567,
      0.016317669302225113,
      0.015291541814804077,
      0.020048154518008232,
      0.04930182918906212,
      0.07859790325164795,
      0.08026033639907837,
      0.06360915303230286,
      0.050296440720558167,
      0.039760831743478775,
      0.03714426979422569,
      0.03691400587558746,
      0.033078376203775406,
      0.030825862661004066,
      0.0262641329318285,
      0.02789466641843319,
      0.02521943673491478,
      0.02377006597816944,
      0.023520076647400856,
      0.021939627826213837,
      0.02409658581018448,
      0.020177749916911125,
      0.01940973661839962,
      0.02023506537079811,
      0.020322298631072044,
      0.020916858687996864,
      0.01726367510855198,
      0.016565294936299324,
      0.017286160960793495,
      0.017272919416427612,
      0.017622126266360283,
      0.014215417206287384,
      0.013822677545249462,
      0.014454269781708717,
      0.015737269073724747,
      0.016038665547966957,
      0.012921079993247986,
      0.01246808934956789,
      0.01395566388964653,
      0.015330728143453598,
      0.013476677238941193,
      0.011076832190155983,
      0.009203683584928513,
      0.009189681150019169,
      0.009940802119672298,
      0.010692443698644638,
      0.007944450713694096,
      0.006254334468394518,
      0.003292887471616268,
      0.002339219441637397,
      0.0012912012171000242,
      0.0006135878502391279,
      0.00028525470406748354,
      0.00014438372454605997,
      9.904739272315055e-05,
      3.7240039091557264e-05,
      0.0033367471769452095,
      0.0021611428819596767,
      0.0007945309043861926,
      0.00048514638911001384,
      0.00038092356408014894,
      0.007778271101415157,
      0.0070137521252036095,
      0.0018194401636719704,
      0.0010877334279939532,
      0.0008503085118718445,
      0.013248035684227943,
      0.01328278612345457,
      0.002374677686020732,
      0.001542046433314681,
      0.0011575473472476006,
      0.019143495708703995,
      0.020406410098075867,
      0.0027733424212783575,
      0.0019607162103056908,
      0.00140535575337708,
      0.025396250188350677,
      0.028090080246329308,
      0.0031954057049006224,
      0.002454496454447508,
      0.0016727347392588854,
      0.031929414719343185,
      0.035841893404722214,
      0.0037117106840014458,
      0.003085262142121792,
      0.0019913644064217806,
      0.03860625997185707,
      0.04318951815366745,
      0.004353723488748074,
      0.0038811704143881798,
      0.002373411552980542,
      0.04525572806596756,
      0.04983266443014145,
      0.005132226273417473,
      0.004846922587603331,
      0.0028237358201295137
    ],