{
  "model_name": "./PINO_adapt/Baseline/Rollout/1_frame/Results_centrifugal_PINO_finite_difference_0.01_resloss_0.1_icloss_0.1_bcloss_0.0_wloss_mse_eval_0.55_D_1_frames_31_10_2025-09_45",
  "timesteps": [
    0,
    1
  ],
  "mse": {
    "Voltage": [
      0.0,
      0.05685068294405937,
      0.05533742532134056,
      0.056139372289180756,
      0.05758243426680565,
      0.059353578835725784,
      0.06136971339583397,
      0.0636080950498581,
      0.06606361269950867,
      0.06873417645692825,
      0.07161519676446915,
      0.07469753175973892,
      0.07796660810709,
      0.08140172064304352,
      0.0849752426147461,
      0.088651642203331,
      0.09238618612289429,
      0.09612351655960083,
      0.09979702532291412,
      0.10333199799060822,
      0.10665982216596603,
      0.10975408554077148,
      0.11268885433673859,
      0.11567229777574539,
      0.11897183209657669,
      0.1227605864405632,
      0.12706208229064941,
      0.1318207085132599,
      0.13696444034576416,
      0.14239215850830078,
      0.1479678601026535,
      0.15357698500156403,
      0.1591598242521286,
      0.16465909779071808,
      0.17004220187664032,
      0.17535598576068878,
      0.18070876598358154,
      0.18629276752471924,
      0.1924445480108261,
      0.19943851232528687,
      0.2070361226797104,
      0.21456968784332275,
      0.22189895808696747,
      0.22992421686649323,
      0.23948727548122406,
      0.2492695301771164,
      0.2575070559978485,
      0.2644484043121338,
      0.27083832025527954,
      0.2770345211029053,
      0.2831627130508423,
      0.2892734408378601,
      0.2953585386276245,
      0.30140140652656555,
      0.30740413069725037,
      0.31334295868873596,
      0.3192273676395416,
      0.32507696747779846,
      0.33087867498397827,
      0.3366641402244568,
      0.34244927763938904,
      0.3482438027858734,
      0.35403233766555786,
      0.35980862379074097,
      0.3655222952365875,
      0.371119886636734,
      0.37655109167099,
      0.3817503750324249,
      0.3866834044456482,
      0.39133092761039734,
      0.3956865966320038,
      0.39977574348449707,
      0.4035694897174835,
      0.4070548117160797,
      0.41021305322647095,
      0.4131016135215759,
      0.4157502353191376,
      0.4182586669921875,
      0.42072322964668274,
      0.42320457100868225,
      0.42577511072158813,
      0.4285259246826172,
      0.43197017908096313,
      0.43744656443595886,
      0.44177284836769104,
      0.44347184896469116,
      0.4434119164943695,
      0.442850798368454,
      0.44236910343170166,
      0.4418796896934509,
      0.44116833806037903,
      0.43994662165641785,
      0.4379718005657196,
      0.43513837456703186,
      0.4314669668674469,
      0.42704370617866516,
      0.42196527123451233,
      0.4162648022174835,
      0.4100676476955414,
      0.403515487909317,
      0.396736204624176,
      0.3897419273853302,
      0.3826184868812561,
      0.3753756880760193,
      0.3680499792098999,
      0.3606848120689392,
      0.3533145487308502,
      0.3459721505641937,
      0.3386926054954529,
      0.3314470946788788,
      0.32425597310066223,
      0.3170884847640991,
      0.30990564823150635,
      0.3026152551174164,
      0.2951326370239258,
      0.28742071986198425,
      0.2794479727745056,
      0.27119067311286926,
      0.26266664266586304,
      0.25395315885543823,
      0.24511335790157318,
      0.23582212626934052,
      0.22623224556446075,
      0.21682670712471008,
      0.2080622762441635,
      0.20014098286628723,
      0.1928471028804779,
      0.1859373152256012,
      0.1792844533920288,
      0.17298215627670288,
      0.16712889075279236,
      0.16186264157295227,
      0.15729571878910065,
      0.15345320105552673,
      0.15022386610507965,
      0.1473785787820816,
      0.1447230875492096,
      0.1421753317117691,
      0.13973194360733032,
      0.13743653893470764,
      0.1353524625301361,
      0.13356253504753113,
      0.13214479386806488,
      0.13109281659126282,
      0.1303245723247528,
      0.12977294623851776,
      0.12940402328968048,
      0.1291731297969818,
      0.12903398275375366,
      0.12899047136306763,
      0.12910158932209015,
      0.1294070929288864,
      0.12985356152057648,
      0.13038305938243866,
      0.13092631101608276,
      0.13130272924900055,
      0.13134895265102386,
      0.13103456795215607,
      0.13039790093898773,
      0.12947005033493042,
      0.1282569169998169,
      0.1267484724521637,
      0.12496737390756607,
      0.12299732863903046,
      0.12094367295503616,
      0.11890868842601776,
      0.1169353723526001,
      0.11506865173578262,
      0.1133703738451004,
      0.11197427660226822,
      0.11093256622552872,
      0.11022782325744629,
      0.1098368689417839,
      0.10971740633249283,
      0.1098318099975586,
      0.11014384776353836,
      0.11069826781749725,
      0.11154542118310928,
      0.1125393733382225,
      0.11330415308475494,
      0.11361261457204819,
      0.11329328268766403,
      0.11222108453512192,
      0.11035849899053574,
      0.10778149962425232,
      0.10468543320894241,
      0.10130883008241653,
      0.09789251536130905,
      0.09488172829151154,
      0.09291677922010422,
      0.09257881343364716,
      0.09380602836608887,
      0.09605418145656586,
      0.0989208072423935,
      0.10216468572616577,
      0.10547537356615067,
      0.1084352433681488,
      0.11075706034898758,
      0.11237843334674835,
      0.11334174126386642
    ],