{
  "model_name": "./PINO_adapt/Baseline/Rollout/1_frame/Results_centrifugal_PINO_finite_difference_0.01_resloss_0.1_icloss_0.1_bcloss_0.0_wloss_mse_eval_0.55_D_1_frames_31_10_2025-09_45",
  "timesteps": [
    0,
    1
  ],
  "rmse": {
    "Voltage": [
      0.0,
      0.2384338080883026,
      0.23523908853530884,
      0.2369374930858612,
      0.23996339738368988,
      0.24362589418888092,
      0.2477291077375412,
      0.2522064447402954,
      0.2570284307003021,
      0.26217204332351685,
      0.2676101624965668,
      0.27330848574638367,
      0.27922502160072327,
      0.28530988097190857,
      0.2915051281452179,
      0.2977442443370819,
      0.3039509654045105,
      0.3100379407405853,
      0.31590667366981506,
      0.32145294547080994,
      0.32658815383911133,
      0.3312915563583374,
      0.3356916010379791,
      0.3401063084602356,
      0.3449229300022125,
      0.3503720760345459,
      0.3564576804637909,
      0.3630712032318115,
      0.37008705735206604,
      0.3773488700389862,
      0.38466590642929077,
      0.3918890058994293,
      0.39894840121269226,
      0.4057820737361908,
      0.412361741065979,
      0.41875529289245605,
      0.4250985383987427,
      0.4316164553165436,
      0.43868502974510193,
      0.44658538699150085,
      0.4550122320652008,
      0.4632166624069214,
      0.4710615277290344,
      0.47950413823127747,
      0.4893743693828583,
      0.4992690086364746,
      0.5074515342712402,
      0.5142454504966736,
      0.5204212665557861,
      0.526340663433075,
      0.5321303606033325,
      0.5378414392471313,
      0.5434690117835999,
      0.5490003824234009,
      0.5544403791427612,
      0.5597704648971558,
      0.5650020837783813,
      0.5701552033424377,
      0.57522052526474,
      0.5802276730537415,
      0.5851916670799255,
      0.590121865272522,
      0.5950061678886414,
      0.599840521812439,
      0.6045843958854675,
      0.609196126461029,
      0.6136375665664673,
      0.6178594827651978,
      0.6218387484550476,
      0.6255645155906677,
      0.6290362477302551,
      0.6322782039642334,
      0.6352711915969849,
      0.6380084753036499,
      0.640478789806366,
      0.6427298188209534,
      0.6447869539260864,
      0.6467292308807373,
      0.6486318111419678,
      0.6505417227745056,
      0.6525144577026367,
      0.6546189188957214,
      0.6572443842887878,
      0.6613974571228027,
      0.6646599769592285,
      0.6659368276596069,
      0.6658918261528015,
      0.6654703617095947,
      0.665108323097229,
      0.6647403240203857,
      0.664205014705658,
      0.6632847189903259,
      0.6617943644523621,
      0.6596502065658569,
      0.656861424446106,
      0.6534858345985413,
      0.6495885252952576,
      0.6451858878135681,
      0.6403652429580688,
      0.63522869348526,
      0.6298699975013733,
      0.6242931485176086,
      0.6185616254806519,
      0.612679123878479,
      0.6066712141036987,
      0.6005703806877136,
      0.5944026708602905,
      0.588193953037262,
      0.5819730162620544,
      0.5757144093513489,
      0.5694347620010376,
      0.563106119632721,
      0.5566917061805725,
      0.5501047968864441,
      0.5432611107826233,
      0.5361163020133972,
      0.528628408908844,
      0.5207597017288208,
      0.5125101208686829,
      0.5039376616477966,
      0.49508923292160034,
      0.48561519384384155,
      0.4756387770175934,
      0.46564653515815735,
      0.4561384320259094,
      0.4473711848258972,
      0.4391435980796814,
      0.43120449781417847,
      0.4234199523925781,
      0.4159112274646759,
      0.408814013004303,
      0.40232157707214355,
      0.3966052532196045,
      0.39173102378845215,
      0.3875872492790222,
      0.38389918208122253,
      0.3804248869419098,
      0.3770614564418793,
      0.3738073706626892,
      0.3707243502140045,
      0.3679027855396271,
      0.3654620945453644,
      0.36351725459098816,
      0.36206743121147156,
      0.36100494861602783,
      0.3602401316165924,
      0.3597277104854584,
      0.35940665006637573,
      0.3592129945755005,
      0.3591524362564087,
      0.35930711030960083,
      0.3597319722175598,
      0.3603520095348358,
      0.3610859513282776,
      0.3618374168872833,
      0.3623571991920471,
      0.3624209463596344,
      0.3619869649410248,
      0.3611064851284027,
      0.3598194718360901,
      0.35812973976135254,
      0.356017529964447,
      0.35350725054740906,
      0.3507097363471985,
      0.347769558429718,
      0.3448313772678375,
      0.3419581353664398,
      0.3392176926136017,
      0.33670517802238464,
      0.33462557196617126,
      0.3330654203891754,
      0.3320057690143585,
      0.33141645789146423,
      0.33123618364334106,
      0.331408828496933,
      0.33187925815582275,
      0.3327134847640991,
      0.3339841663837433,
      0.3354688882827759,
      0.33660683035850525,
      0.3370647132396698,
      0.3365906774997711,
      0.3349941670894623,
      0.3322024941444397,
      0.32830092310905457,
      0.3235512971878052,
      0.31829047203063965,
      0.3128778040409088,
      0.30802878737449646,
      0.30482253432273865,
      0.30426767468452454,
      0.30627769231796265,
      0.3099260926246643,
      0.3145167827606201,
      0.3196321129798889,
      0.3247697353363037,
      0.3292950689792633,
      0.33280181884765625,
      0.33522891998291016,
      0.3366626501083374
    ],