{
  "Channel 0 (0 = Voltage, 1 = Recovery Current)": {
    "Avg Mean Absolute Error": 0.002925256034359336,
    "Average Cell Error": 0.0029252558015286922,
    "Average Error of Top 10 Worst Cells": 0.009576777927577496,
    "Mean Signed Error (Bias)": 0.002925256034359336,
    "Max Signed Error": 0.7773402333259583,
    "Pct Errors > Avg MAE": 23.77331220360207,
    "Pct Cells with Avg Error > Avg Cell Error": 20.792079207920793,
    "Worst Case Results": {
      "Timestep": 0,
      "Cell [x, y]": [
        100,
        0
      ],
      "Absolute Error": 0.7773402333259583
    },
    "Best Case Results": {
      "Timestep": 6,
      "Cell [x, y]": [
        94,
        30
      ],
      "Absolute Error": 0.0
    },
    "Best/Worst Cells Over Time": {
      "Best Cell [x, y]": [
        40,
        40
      ],
      "Best Cell Avg Error": 0.0008823413518257439,
      "Worst Cell [x, y]": [
        0,
        0
      ],
      "Worst Cell Avg Error": 0.0386531762778759
    },
    "Overall RMSE:": 0.011976058594882488
  },
  "Channel 1 (0 = Voltage, 1 = Recovery Current)": {
    "Avg Mean Absolute Error": 0.007155206054449081,
    "Average Cell Error": 0.0071552046574652195,
    "Average Error of Top 10 Worst Cells": 0.01525869406759739,
    "Mean Signed Error (Bias)": 0.007155205588787794,
    "Max Signed Error": 0.19809883832931519,
    "Pct Errors > Avg MAE": 28.924250701601327,
    "Pct Cells with Avg Error > Avg Cell Error": 35.64356435643564,
    "Worst Case Results": {
      "Timestep": 156,
      "Cell [x, y]": [
        100,
        100
      ],
      "Absolute Error": 0.19809883832931519
    },
    "Best Case Results": {
      "Timestep": 21,
      "Cell [x, y]": [
        54,
        7
      ],
      "Absolute Error": 0.0
    },
    "Best/Worst Cells Over Time": {
      "Best Cell [x, y]": [
        7,
        60
      ],
      "Best Cell Avg Error": 0.003273738082498312,
      "Worst Cell [x, y]": [
        100,
        100
      ],
      "Worst Cell Avg Error": 0.03562497720122337
    },
    "Overall RMSE:": 0.012854771688580513
  }
}