{
  "phase": "",
  "net_training_time_sec": 3913.2769745364785,
  "net_training_time_min": 65.2212829089413,
  "min_mse": 0.00023408024571835995,
  "min_mse_epoch": 1001,
  "min_rmse": 0.0030995171982795,
  "min_rmse_epoch": 1001
}