{
  "phase": "",
  "net_training_time_sec": 3920.2100448533893,
  "net_training_time_min": 65.33683408088982,
  "min_mse": 0.00034759382833726704,
  "min_mse_epoch": 201,
  "min_rmse": 0.003778688842430711,
  "min_rmse_epoch": 201
}