{
  "model_name": "./PINO_adapt/Baseline/Rollout/5_frame/Results_stable_PINO_finite_difference_0.01_resloss_0.1_icloss_0.1_bcloss_0.0_wloss_mse_eval_0.55_D_5_frames_31_10_2025-09_45",
  "timesteps": [
    0,
    1
  ],
  "mse": {
    "Voltage": [
      0.0,
      0.0,
      0.0,
      0.0,
      0.0,
      0.0001908079138956964,
      0.00017966781160794199,
      0.00015467625053133816,
      0.00014196595293469727,
      0.00020499067613855004,
      8.557331602787599e-05,
      7.337873830692843e-05,
      6.960296741453931e-05,
      6.847541953902692e-05,
      7.162827387219295e-05,
      7.678491238038987e-05,
      5.107140896143392e-05,
      4.7684221499366686e-05,
      4.146142600802705e-05,
      6.381983257597312e-05,
      4.8172259994316846e-05,
      4.750685184262693e-05,
      3.600564377848059e-05,
      2.810576006595511e-05,
      3.785956505453214e-05,
      3.4269425668753684e-05,
      3.397767068236135e-05,
      3.14785611408297e-05,
      3.0469611374428496e-05,
      2.4858252800186165e-05,
      2.6096073270309716e-05,
      1.9952896764152683e-05,
      2.008124465646688e-05,
      1.5953923139022663e-05,
      1.9404864360694773e-05,
      2.2455737052951008e-05,
      1.7463022231822833e-05,
      1.9254117432865314e-05,
      1.747537862684112e-05,
      1.4195356015989091e-05,
      1.734746365400497e-05,
      1.609885657671839e-05,
      2.471904008416459e-05,
      2.582927845651284e-05,
      2.544868220866192e-05,
      2.0772025891346857e-05,
      1.661170244915411e-05,
      1.5962668840074912e-05,
      1.4727602319908328e-05,
      1.2679549399763346e-05,
      1.3994671462569386e-05,
      1.7331629351247102e-05,
      1.2818030882044695e-05,
      1.2840733688790351e-05,
      1.0588768418529071e-05,
      1.1731935046555009e-05,
      9.852241419139318e-06,
      1.1084228390245698e-05,
      9.649167623138055e-06,
      1.0403468877484556e-05,
      8.532969332009088e-06,
      8.413148862018716e-06,
      1.1553703188837972e-05,
      9.18332352739526e-06,
      7.287074367923196e-06,
      7.082861884555314e-06,
      7.234025815705536e-06,
      8.761064236750826e-06,
      9.05700017028721e-06,
      1.1462839211162645e-05,
      1.4042531802260783e-05,
      1.4381067558133509e-05,
      4.0610702853882685e-05,
      4.266631731297821e-05,
      7.053944864310324e-05,
      8.750586857786402e-05,
      3.665780968731269e-05,
      2.9019553039688617e-05,
      2.3607208277098835e-05,
      2.0124862203374505e-05,
      3.698329965118319e-05,
      2.0811858121305704e-05,
      2.7738999051507562e-05,
      2.38611719396431e-05,
      3.4826061892090365e-05,
      2.8260716135264374e-05,
      2.654674244695343e-05,
      2.3264659830601886e-05,
      1.89189231605269e-05,
      1.5565821740892716e-05,
      2.1015144739067182e-05,
      1.7048896552296355e-05,
      1.5212754078675061e-05,
      1.704862188489642e-05,
      1.8262728190165944e-05,
      3.1238028896041214e-05,
      3.436286351643503e-05,
      4.381473991088569e-05,
      6.740730896126479e-05,
      7.317490235436708e-05,
      9.751068137120456e-05,
      0.00010043863585451618,
      0.00011242397158639506,
      7.070299761835486e-05,
      7.671467028558254e-05,
      6.965721695451066e-05,
      7.003821519901976e-05,
      5.098686597193591e-05,
      4.021766289952211e-05,
      4.382582119433209e-05,
      4.4665837776847184e-05,
      4.500548311625607e-05,
      3.080700116697699e-05,
      2.7909814889426343e-05,
      2.8434322302928194e-05,
      5.027342922403477e-05,
      2.6209834686596878e-05,
      1.79699927684851e-05,
      1.4957677194615826e-05,
      1.7320156985078938e-05,
      2.22411999857286e-05,
      1.637607601878699e-05,
      1.440944197383942e-05,
      1.489135502197314e-05,
      1.329604219790781e-05,
      2.185855555580929e-05,
      2.3986947780940682e-05,
      2.830532321240753e-05,
      2.1131327230250463e-05,
      1.5314728443627246e-05,
      1.9702871213667095e-05,
      1.4150213246466592e-05,
      1.6547437553526834e-05,
      1.5887420886429027e-05,
      1.2852386134909466e-05,
      1.4211505913408473e-05,
      1.1739621186279692e-05,
      1.349757076241076e-05,
      1.3113752174831461e-05,
      1.2657742445298936e-05,
      1.2290005543036386e-05,
      9.60982924880227e-06,
      1.2662892913795076e-05,
      1.0009912330133375e-05,
      1.1029422239516862e-05,
      1.0358115105191246e-05,
      9.464707545703277e-06,
      8.415650881943293e-06,
      6.81504843669245e-06,
      6.478283012256725e-06,
      7.62122272135457e-06,
      7.47548210711102e-06,
      9.076995411305688e-06,
      1.1335084309394006e-05,
      2.8514999939943664e-05,
      6.490883242804557e-05,
      0.0001059702699421905,
      0.00011782929504988715,
      6.643209781032056e-05,
      4.6580200432799757e-05,
      0.0005797475459985435,
      0.0004904733505100012,
      0.00045227963710203767,
      0.00042742627556435764,
      0.0003578654723241925,
      0.0007410520920529962,
      0.0006404680898413062,
      0.0010125201661139727,
      0.0011266209185123444,
      0.002185527002438903,
      0.0018006139434874058,
      0.0017843091627582908,
      0.0014612353406846523,
      0.0012727234279736876,
      0.0015310804592445493,
      0.0013324132887646556,
      0.00115170085337013,
      0.0013159624068066478,
      0.0012333567719906569,
      0.0012616647873073816,
      0.0013774697436019778,
      0.001284535974264145,
      0.0013870475813746452,
      0.0014415287878364325,
      0.0019109572749584913,
      0.0020405908580869436,
      0.0019223677227273583,
      0.001756905927322805,
      0.0017732852138578892,
      0.0019991861190646887,
      0.0018682809313759208,
      0.001857691677287221,
      0.0017461254028603435,
      0.0018268892308697104,
      0.0019129401771351695,
      0.0019293453078716993,
      0.001975682098418474,
      0.0018716603517532349,
      0.0020709179807454348,
      0.0024260033387690783
    ],