{
  "model_name": "./PINO_adapt/Baseline/Rollout/5_frame/Results_stable_PINO_finite_difference_0.01_resloss_0.1_icloss_0.1_bcloss_0.0_wloss_mse_eval_0.55_D_5_frames_31_10_2025-09_45",
  "timesteps": [
    0,
    1
  ],
  "rmse": {
    "Voltage": [
      0.0,
      0.0,
      0.0,
      0.0,
      0.0,
      0.013813323341310024,
      0.013404021970927715,
      0.012436890974640846,
      0.01191494707018137,
      0.014317495748400688,
      0.009250584989786148,
      0.00856613926589489,
      0.00834283884614706,
      0.00827498733997345,
      0.00846334919333458,
      0.008762700483202934,
      0.007146426476538181,
      0.006905376445502043,
      0.006439054850488901,
      0.007988731376826763,
      0.0069406237453222275,
      0.006892521400004625,
      0.006000470370054245,
      0.005301486700773239,
      0.006153012625873089,
      0.005854009184986353,
      0.0058290367014706135,
      0.005610575899481773,
      0.0055199284106493,
      0.004985805135220289,
      0.005108431447297335,
      0.004466866608709097,
      0.004481210373342037,
      0.00399423623457551,
      0.004405095241963863,
      0.004738748539239168,
      0.004178877919912338,
      0.004387951456010342,
      0.00418035639449954,
      0.003767672460526228,
      0.004165028687566519,
      0.004012337885797024,
      0.004971824586391449,
      0.005082251504063606,
      0.005044668912887573,
      0.004557633772492409,
      0.004075745586305857,
      0.0039953310042619705,
      0.0038376557640731335,
      0.0035608354955911636,
      0.003740945365279913,
      0.004163127392530441,
      0.0035802277270704508,
      0.0035833970177918673,
      0.0032540387474000454,
      0.003425191156566143,
      0.0031388280913233757,
      0.003329298458993435,
      0.0031063109636306763,
      0.0032254408579319715,
      0.0029211246874183416,
      0.002900542924180627,
      0.0033990738447755575,
      0.0030303997918963432,
      0.002699458273127675,
      0.002661364618688822,
      0.002689614426344633,
      0.0029599093832075596,
      0.0030094850808382034,
      0.003385681426152587,
      0.0037473365664482117,
      0.0037922377232462168,
      0.0063726529479026794,
      0.006531945895403624,
      0.00839877687394619,
      0.009354457259178162,
      0.006054569501429796,
      0.0053869797848165035,
      0.004858724772930145,
      0.0044860742054879665,
      0.006081389728933573,
      0.004562001675367355,
      0.0052667828276753426,
      0.004884789697825909,
      0.005901360884308815,
      0.005316080991178751,
      0.005152353085577488,
      0.004823345225304365,
      0.004349588882178068,
      0.003945354372262955,
      0.004584227688610554,
      0.004129030741751194,
      0.0039003530982881784,
      0.004128997679799795,
      0.004273491445928812,
      0.005589099135249853,
      0.005861984565854073,
      0.006619270425289869,
      0.00821019522845745,
      0.008554233238101006,
      0.009874749928712845,
      0.010021908208727837,
      0.010603017173707485,
      0.008408507332205772,
      0.008758691139519215,
      0.008346090093255043,
      0.008368884213268757,
      0.0071405088528990746,
      0.006341739557683468,
      0.006620107218623161,
      0.0066832504235208035,
      0.0067086126655340195,
      0.005550405476242304,
      0.005282973870635033,
      0.005332384258508682,
      0.007090375758707523,
      0.005119554232805967,
      0.004239102825522423,
      0.0038675155956298113,
      0.004161749500781298,
      0.004716057796031237,
      0.0040467362850904465,
      0.003795976983383298,
      0.003858931828290224,
      0.003646373748779297,
      0.004675313364714384,
      0.004897647071629763,
      0.0053202747367322445,
      0.004596882499754429,
      0.0039134034886956215,
      0.004438791424036026,
      0.003761676838621497,
      0.0040678540244698524,
      0.003985902760177851,
      0.003585022408515215,
      0.0037698152009397745,
      0.003426313167437911,
      0.0036739041097462177,
      0.0036212916020303965,
      0.0035577721428126097,
      0.0035057105123996735,
      0.0030999723821878433,
      0.003558495780453086,
      0.0031638445798307657,
      0.003321057418361306,
      0.0032184026204049587,
      0.0030764765106141567,
      0.002900974126532674,
      0.002610564697533846,
      0.0025452470872551203,
      0.002760656177997589,
      0.0027341328095644712,
      0.0030128052458167076,
      0.0033667616080492735,
      0.005339943803846836,
      0.008056601509451866,
      0.01029418595135212,
      0.010854920372366905,
      0.008150588721036911,
      0.006824968848377466,
      0.024077948182821274,
      0.02214663289487362,
      0.021266866475343704,
      0.020674290135502815,
      0.018917333334684372,
      0.027222272008657455,
      0.025307470932602882,
      0.03182012215256691,
      0.03356517478823662,
      0.046749621629714966,
      0.042433641850948334,
      0.042241085320711136,
      0.038226108998060226,
      0.03567524999380112,
      0.039129022508859634,
      0.03650223836302757,
      0.03393671661615372,
      0.0362761951982975,
      0.035119179636240005,
      0.03551992028951645,
      0.037114281207323074,
      0.03584042191505432,
      0.037243086844682693,
      0.03796746954321861,
      0.0437144972383976,
      0.04517289996147156,
      0.04384481534361839,
      0.04191546142101288,
      0.042110394686460495,
      0.044712260365486145,
      0.04322361573576927,
      0.04310094937682152,
      0.041786666959524155,
      0.04274212568998337,
      0.043737173080444336,
      0.04392431303858757,
      0.044448643922805786,
      0.04326269030570984,
      0.045507341623306274,
      0.04925447702407837
    ],