{
  "phase": "",
  "net_training_time_sec": 19407.12428103201,
  "net_training_time_min": 323.4520713505335,
  "min_mse": 0.0003102255577687174,
  "min_mse_epoch": 1501,
  "min_rmse": 0.0035031090956181288,
  "min_rmse_epoch": 1501
}