{
  "model_name": "./PINO_reladapt/Baseline/Rollout/5_frame/Results_planar_PINO_finite_difference_0.01_resloss_0.1_icloss_0.1_bcloss_0.0_wloss_mse_eval_0.55_D_5_frames_31_10_2025-20_30",
  "timesteps": [
    0,
    1
  ],
  "rmse": {
    "Voltage": [
      0.0,
      0.0,
      0.0,
      0.0,
      0.0,
      0.020601261407136917,
      0.02093961089849472,
      0.01969257928431034,
      0.01891150325536728,
      0.019732028245925903,
      0.0211802888661623,
      0.022350013256072998,
      0.02224545180797577,
      0.021727295592427254,
      0.024175340309739113,
      0.021149367094039917,
      0.02257506176829338,
      0.021589916199445724,
      0.021521061658859253,
      0.024189798161387444,
      0.021548939868807793,
      0.022468989714980125,
      0.020681733265519142,
      0.020619768649339676,
      0.02430262416601181,
      0.020566696301102638,
      0.021612610667943954,
      0.021881792694330215,
      0.022915123030543327,
      0.027861833572387695,
      0.021522177383303642,
      0.022044863551855087,
      0.021841177716851234,
      0.020962880924344063,
      0.022801239043474197,
      0.01391843892633915,
      0.011393089778721333,
      0.01298221293836832,
      0.014029454439878464,
      0.017472000792622566,
      0.013722571544349194,
      0.011557111516594887,
      0.011485718190670013,
      0.0105219641700387,
      0.011606291867792606,
      0.012373370118439198,
      0.010416965931653976,
      0.010104440152645111,
      0.009689549915492535,
      0.01104946993291378,
      0.010346862487494946,
      0.00845924112945795,
      0.008317186497151852,
      0.00817753467708826,
      0.009700345806777477,
      0.009835226461291313,
      0.008097332902252674,
      0.008064694702625275,
      0.007673328742384911,
      0.008872062899172306,
      0.010501828044652939,
      0.008507171645760536,
      0.008107705041766167,
      0.007228855509310961,
      0.008737278170883656,
      0.009903260506689548,
      0.007732597179710865,
      0.007840863429009914,
      0.006707279477268457,
      0.00830324087291956,
      0.008964944630861282,
      0.006889199838042259,
      0.007367989048361778,
      0.006419311743229628,
      0.007835247553884983,
      0.009055076166987419,
      0.007761610671877861,
      0.008411605842411518,
      0.008136854507029057,
      0.00915847159922123,
      0.009689310565590858,
      0.008223860524594784,
      0.008646750822663307,
      0.008166366256773472,
      0.008625193499028683,
      0.008719840086996555,
      0.0077371238730847836,
      0.008176036179065704,
      0.008064329624176025,
      0.00927786435931921,
      0.010003275237977505,
      0.00959779042750597,
      0.01008970569819212,
      0.009997009299695492,
      0.011527680791914463,
      0.011914731003344059,
      0.010548138059675694,
      0.010377591475844383,
      0.009882986545562744,
      0.010578468441963196,
      0.013388264924287796,
      0.014524048194289207,
      0.02717907726764679,
      0.06437747180461884,
      0.09391817450523376,
      0.10007008165121078,
      0.08158238232135773,
      0.07044408470392227,
      0.06686598807573318,
      0.05606193467974663,
      0.05580030754208565,
      0.046016138046979904,
      0.04774695262312889,
      0.05418077111244202,
      0.045031264424324036,
      0.046374522149562836,
      0.03541935235261917,
      0.039271753281354904,
      0.04906876012682915,
      0.03722964972257614,
      0.04590177163481712,
      0.03082311525940895,
      0.03440370038151741,
      0.046076077967882156,
      0.0313098207116127,
      0.04564081132411957,
      0.028052352368831635,
      0.031110569834709167,
      0.04569443687796593,
      0.02807379513978958,
      0.04805567115545273,
      0.027275122702121735,
      0.029777392745018005,
      0.04637143760919571,
      0.024649182334542274,
      0.048062555491924286,
      0.023823410272598267,
      0.0260134469717741,
      0.04301133751869202,
      0.021356455981731415,
      0.04521156847476959,
      0.02264408953487873,
      0.02579023875296116,
      0.03769145905971527,
      0.01932336948812008,
      0.03128144145011902,
      0.0156730767339468,
      0.013734463602304459,
      0.004682892467826605,
      0.0012608814286068082,
      0.0014187617925927043,
      0.0003924339252989739,
      0.0001670195924816653,
      0.00013801601016893983,
      9.810953633859754e-05,
      0.0012402627617120743,
      0.0008144323946908116,
      0.0005479685496538877,
      0.00043417580309323967,
      0.0003573913127183914,
      0.0018363622948527336,
      0.001176829100586474,
      0.0009368706960231066,
      0.0006159805925562978,
      0.0006675723707303405,
      0.0020323540084064007,
      0.0012943012407049537,
      0.0010705649619922042,
      0.0006504823686555028,
      0.0007476686150766909,
      0.0020975195802748203,
      0.0013232576893642545,
      0.0010992421302944422,
      0.0006552170380018651,
      0.0007602768018841743,
      0.002117673633620143,
      0.0013294615782797337,
      0.001104620285332203,
      0.000655846088193357,
      0.0007622638368047774,
      0.0021237158216536045,
      0.00133070710580796,
      0.0011056404327973723,
      0.0006559427129104733,
      0.0007626564474776387,
      0.0021255360916256905,
      0.0013309551868587732,
      0.0011058526579290628,
      0.0006559614557772875,
      0.0007627556333318353,
      0.002126091392710805,
      0.0013310066424310207,
      0.001105901668779552,
      0.0006559652974829078,
      0.000762785435654223
    ],