{
  "phase": "",
  "net_training_time_sec": 24865.08845221065,
  "net_training_time_min": 414.4181408701775,
  "min_mse": 0.0007272589136846364,
  "min_mse_epoch": 1001,
  "min_rmse": 0.00536585645750165,
  "min_rmse_epoch": 1001
}