{
  "model_name": "./PINO/Baseline/P2P/1_frame/Results_stable_PINO_finite_difference_0.01_resloss_0.1_icloss_0.1_bcloss_0.0_wloss_mse_eval_0.55_D_1_frames_30_10_2025-19_32",
  "timesteps": [
    0,
    1
  ],
  "rmse": {
    "Voltage": [
      0.005624747835099697,
      0.004320308566093445,
      0.00421456852927804,
      0.004546727519482374,
      0.007309287786483765,
      0.0063951266929507256,
      0.005820457823574543,
      0.005192778073251247,
      0.004824346397072077,
      0.004702587611973286,
      0.004653429612517357,
      0.004612548742443323,
      0.004582075402140617,
      0.004425365012139082,
      0.004502533469349146,
      0.003955128137022257,
      0.0038082203827798367,
      0.0038734725676476955,
      0.0051235719583928585,
      0.004627361427992582,
      0.004578995518386364,
      0.004589826334267855,
      0.004428293090313673,
      0.004144961014389992,
      0.00396851496770978,
      0.003980849403887987,
      0.0038303371984511614,
      0.004600917920470238,
      0.0032524217385798693,
      0.0030391074251383543,
      0.0028469490353018045,
      0.00271121715195477,
      0.0026046514976769686,
      0.0025391338858753443,
      0.0025170741137117147,
      0.0024942292366176844,
      0.0024420167319476604,
      0.0023978438694030046,
      0.002442230936139822,
      0.002608494134619832,
      0.002843279391527176,
      0.002990738023072481,
      0.0030255289748311043,
      0.0030634142458438873,
      0.0028694607317447662,
      0.002667634980753064,
      0.0025316267274320126,
      0.0023989113979041576,
      0.002361358841881156,
      0.0022960263304412365,
      0.0021499660797417164,
      0.0020489664748311043,
      0.001983668189495802,
      0.0019364835461601615,
      0.0018845935119315982,
      0.0018343626288697124,
      0.0017733745044097304,
      0.0016945708775892854,
      0.0017345345113426447,
      0.001725195674225688,
      0.0016802094178274274,
      0.001661652815528214,
      0.001576733309775591,
      0.0015770557802170515,
      0.0015869918279349804,
      0.0016700609121471643,
      0.001805556588806212,
      0.0019601599778980017,
      0.002082474296912551,
      0.0023685472551733255,
      0.0031514002475887537,
      0.0034268726594746113,
      0.006833077874034643,
      0.00696534151211381,
      0.005694728344678879,
      0.0038567420560866594,
      0.0033036014065146446,
      0.0030971637461334467,
      0.0031054916325956583,
      0.003330729203298688,
      0.003644537180662155,
      0.003840520977973938,
      0.004731868393719196,
      0.005100398324429989,
      0.004081455525010824,
      0.0036367152351886034,
      0.00326824514195323,
      0.002984709572046995,
      0.002757833804935217,
      0.00254893209785223,
      0.0024339272640645504,
      0.0024612448178231716,
      0.002597706625238061,
      0.0027538342401385307,
      0.003012998029589653,
      0.0036287663970142603,
      0.004384081810712814,
      0.007363802287727594,
      0.006691415794193745,
      0.006204553414136171,
      0.005810572765767574,
      0.005581642966717482,
      0.004857681225985289,
      0.004292557947337627,
      0.004232668783515692,
      0.004190866369754076,
      0.004940683953464031,
      0.004538321867585182,
      0.003890601685270667,
      0.003763191867619753,
      0.003678045468404889,
      0.0035975021310150623,
      0.0033977918792515993,
      0.0036480319686233997,
      0.00364538817666471,
      0.0035802111960947514,
      0.0027242761570960283,
      0.002522415714338422,
      0.0023485254496335983,
      0.0022104959934949875,
      0.002118108095601201,
      0.0020856750197708607,
      0.002146686427295208,
      0.002321055857464671,
      0.0027413994539529085,
      0.003108539618551731,
      0.0030364911071956158,
      0.002820742316544056,
      0.002486614976078272,
      0.002289798343554139,
      0.002230459125712514,
      0.0021159742027521133,
      0.001974568236619234,
      0.0018685926916077733,
      0.0018171622650697827,
      0.0018116551218554378,
      0.0017991230124607682,
      0.0017257335130125284,
      0.0016062521608546376,
      0.0015560230240225792,
      0.0015609044348821044,
      0.0015999689931049943,
      0.0016219982644543052,
      0.0016573674511164427,
      0.0016759405843913555,
      0.0015506705967709422,
      0.001521881204098463,
      0.0015386134618893266,
      0.0015607185196131468,
      0.0015961508033797145,
      0.0016638004453852773,
      0.00185306032653898,
      0.0022466008085757494,
      0.0027627020608633757,
      0.005980064161121845,
      0.00927785225212574,
      0.007833264768123627,
      0.005053174681961536,
      0.005236528348177671,
      0.00618617981672287,
      0.007107333745807409,
      0.007797345984727144,
      0.008292224258184433,
      0.008713988587260246,
      0.009124708361923695,
      0.009463691152632236,
      0.009760734625160694,
      0.010437407530844212,
      0.01165815256536007,
      0.012441044673323631,
      0.013137946836650372,
      0.01372210867702961,
      0.01318825501948595,
      0.012942556291818619,
      0.012782066129148006,
      0.012659033760428429,
      0.012579559348523617,
      0.012505837716162205,
      0.012433439493179321,
      0.01228622067719698,
      0.012018355540931225,
      0.011885438114404678,
      0.012609632685780525,
      0.014731036499142647,
      0.013970726169645786,
      0.012895389460027218,
      0.012369506992399693,
      0.012134138494729996,
      0.01167296152561903,
      0.01097086351364851,
      0.01013139821588993,
      0.009538044221699238,
      0.009624357335269451,
      0.010554163716733456,
      0.009427201934158802,
      0.009317493997514248,
      0.009116764180362225,
      0.009038168005645275,
      0.009697578847408295
    ],