{
  "Channel 0 (0 = Voltage, 1 = Recovery Current)": {
    "Avg Mean Absolute Error": 0.0023031672462821007,
    "Average Cell Error": 0.0023031672462821007,
    "Average Error of Top 10 Worst Cells": 0.004527278710156679,
    "Mean Signed Error (Bias)": 0.0023031672462821007,
    "Max Signed Error": 0.495259165763855,
    "Pct Errors > Avg MAE": 27.905107342417413,
    "Pct Cells with Avg Error > Avg Cell Error": 35.64356435643564,
    "Worst Case Results": {
      "Timestep": 78,
      "Cell [x, y]": [
        0,
        100
      ],
      "Absolute Error": 0.495259165763855
    },
    "Best Case Results": {
      "Timestep": 30,
      "Cell [x, y]": [
        8,
        49
      ],
      "Absolute Error": 0.0
    },
    "Best/Worst Cells Over Time": {
      "Best Cell [x, y]": [
        18,
        63
      ],
      "Best Cell Avg Error": 0.0006646701949648559,
      "Worst Cell [x, y]": [
        100,
        100
      ],
      "Worst Cell Avg Error": 0.02080906182527542
    },
    "Overall RMSE:": 0.005722890608012676
  },
  "Channel 1 (0 = Voltage, 1 = Recovery Current)": {
    "Avg Mean Absolute Error": 0.005666181445121765,
    "Average Cell Error": 0.005666181445121765,
    "Average Error of Top 10 Worst Cells": 0.00889124907553196,
    "Mean Signed Error (Bias)": 0.005666181445121765,
    "Max Signed Error": 0.44514280557632446,
    "Pct Errors > Avg MAE": 25.71879579427859,
    "Pct Cells with Avg Error > Avg Cell Error": 26.732673267326735,
    "Worst Case Results": {
      "Timestep": 163,
      "Cell [x, y]": [
        99,
        100
      ],
      "Absolute Error": 0.44514280557632446
    },
    "Best Case Results": {
      "Timestep": 46,
      "Cell [x, y]": [
        22,
        8
      ],
      "Absolute Error": 0.0
    },
    "Best/Worst Cells Over Time": {
      "Best Cell [x, y]": [
        96,
        50
      ],
      "Best Cell Avg Error": 0.002854224992915988,
      "Worst Cell [x, y]": [
        100,
        100
      ],
      "Worst Cell Avg Error": 0.04436406120657921
    },
    "Overall RMSE:": 0.011066814884543419
  }
}