{
  "phase": "",
  "net_training_time_sec": 13769.994540302083,
  "net_training_time_min": 229.4999090050347,
  "min_mse": 0.0003453616227488965,
  "min_mse_epoch": 1001,
  "min_rmse": 0.003714715363457799,
  "min_rmse_epoch": 1001
}