{
  "phase": "",
  "net_training_time_sec": 380.65108272247016,
  "net_training_time_min": 6.344184712041169,
  "min_mse": 0.0008088743197731674,
  "min_mse_epoch": 91,
  "min_rmse": 0.0057907081209123135,
  "min_rmse_epoch": 91
}