{
  "Channel 0 (0 = Voltage, 1 = Recovery Current)": {
    "Avg Mean Absolute Error": 0.02665410190820694,
    "Average Cell Error": 0.02665410190820694,
    "Average Error of Top 10 Worst Cells": 0.043520402163267136,
    "Mean Signed Error (Bias)": 0.02665410190820694,
    "Max Signed Error": 0.960952877998352,
    "Pct Errors > Avg MAE": 19.59198117831585,
    "Pct Cells with Avg Error > Avg Cell Error": 45.54455445544555,
    "Worst Case Results": {
      "Timestep": 433,
      "Cell [x, y]": [
        33,
        0
      ],
      "Absolute Error": 0.960952877998352
    },
    "Best Case Results": {
      "Timestep": 0,
      "Cell [x, y]": [
        0,
        0
      ],
      "Absolute Error": 0.0
    },
    "Best/Worst Cells Over Time": {
      "Best Cell [x, y]": [
        42,
        93
      ],
      "Best Cell Avg Error": 0.007409580051898956,
      "Worst Cell [x, y]": [
        100,
        0
      ],
      "Worst Cell Avg Error": 0.2731165587902069
    },
    "Overall RMSE:": 0.0718599408864975
  },
  "Channel 1 (0 = Voltage, 1 = Recovery Current)": {
    "Avg Mean Absolute Error": 0.05896572396159172,
    "Average Cell Error": 0.05896572768688202,
    "Average Error of Top 10 Worst Cells": 0.08322259038686752,
    "Mean Signed Error (Bias)": 0.05896572396159172,
    "Max Signed Error": 1.3461110591888428,
    "Pct Errors > Avg MAE": 23.814312322321342,
    "Pct Cells with Avg Error > Avg Cell Error": 48.51485148514851,
    "Worst Case Results": {
      "Timestep": 452,
      "Cell [x, y]": [
        11,
        37
      ],
      "Absolute Error": 1.3461110591888428
    },
    "Best Case Results": {
      "Timestep": 0,
      "Cell [x, y]": [
        0,
        0
      ],
      "Absolute Error": 0.0
    },
    "Best/Worst Cells Over Time": {
      "Best Cell [x, y]": [
        90,
        86
      ],
      "Best Cell Avg Error": 0.013914103619754314,
      "Worst Cell [x, y]": [
        100,
        0
      ],
      "Worst Cell Avg Error": 0.16173304617404938
    },
    "Overall RMSE:": 0.13221324980258942
  }
}