{
  "model_name": "./PINO/Baseline/P2P/1_frame/Results_planar_PINO_finite_difference_0.01_resloss_0.1_icloss_0.1_bcloss_0.0_wloss_mse_eval_0.55_D_1_frames_30_10_2025-19_32",
  "timesteps": [
    0,
    1
  ],
  "mse": {
    "Voltage": [
      0.011002693325281143,
      0.006313696037977934,
      0.006757203955203295,
      0.005229381378740072,
      0.0036562755703926086,
      0.0026156767271459103,
      0.0020159848500043154,
      0.0017138599650934339,
      0.0015990568790584803,
      0.001595627865754068,
      0.0016502428334206343,
      0.0017222720198333263,
      0.0017804520903155208,
      0.0018034353852272034,
      0.001781932543963194,
      0.0017196988919749856,
      0.001631680759601295,
      0.0015383552527055144,
      0.001457919948734343,
      0.0014006230048835278,
      0.0013675418449565768,
      0.0013526459224522114,
      0.0013459529727697372,
      0.0013361971359699965,
      0.0013128940481692553,
      0.001268309075385332,
      0.0011999126290902495,
      0.0011128701735287905,
      0.0010205871658399701,
      0.0009411313221789896,
      0.0008894440834410489,
      0.000868945091497153,
      0.0008682007319293916,
      0.0008650544914416969,
      0.0008345925016328692,
      0.0007596909999847412,
      0.0006612834404222667,
      0.0006574469152837992,
      0.0008223091717809439,
      0.0008205145713873208,
      0.0006042004097253084,
      0.00045073454384692013,
      0.000356736738467589,
      0.0002913162752520293,
      0.00024919447605498135,
      0.00022370465740095824,
      0.0002075344236800447,
      0.00019492719729896635,
      0.0001825462531996891,
      0.00016953633166849613,
      0.0001568500156281516,
      0.00014609807112719864,
      0.0001384386996505782,
      0.00013393640983849764,
      0.00013161011156626046,
      0.00013008697715122253,
      0.00012832398351747543,
      0.00012590938422363251,
      0.00012287819117773324,
      0.00011934831854887307,
      0.00011534568329807371,
      0.00011090131010860205,
      0.00010621541878208518,
      0.00010168749577132985,
      9.778414096217602e-05,
      9.485870396019891e-05,
      9.304338891524822e-05,
      9.225850226357579e-05,
      9.231368312612176e-05,
      9.30441019590944e-05,
      9.437590051675215e-05,
      9.625463280826807e-05,
      9.850244532572106e-05,
      0.00010076034959638491,
      0.00010257467511110008,
      0.00010357359860790893,
      0.00010359463340137154,
      0.00010269490303471684,
      0.00010111078154295683,
      9.924458572641015e-05,
      9.765312279341742e-05,
      9.6966112323571e-05,
      9.76960509433411e-05,
      0.00010000497422879562,
      0.00010356623533880338,
      0.00010767095955088735,
      0.00011154995445394889,
      0.00011470090976217762,
      0.0001170124887721613,
      0.00011868109868373722,
      0.00012009095371467993,
      0.00012180770136183128,
      0.0001246168976649642,
      0.0001293770910706371,
      0.0001365592033835128,
      0.0001456619647797197,
      0.00015502414316870272,
      0.00016253520152531564,
      0.0001671213103691116,
      0.00016991204756777734,
      0.0001736856356728822,
      0.00018052701489068568,
      0.00019012238772120327,
      0.00020206502813380212,
      0.00022412596445064992,
      0.00029659210122190416,
      0.0006567789823748171,
      0.002830744022503495,
      0.004084780812263489,
      0.0017344312509521842,
      0.0013436912558972836,
      0.0012670420110225677,
      0.0012794970534741879,
      0.0013221685076132417,
      0.001360387192107737,
      0.0013768753269687295,
      0.0013681398704648018,
      0.001339655020274222,
      0.0013004046631976962,
      0.0012581918854266405,
      0.0012175831943750381,
      0.0011805127141997218,
      0.0011477359803393483,
      0.001119427615776658,
      0.001094586681574583,
      0.001069669029675424,
      0.001038839342072606,
      0.0009971590479835868,
      0.0009439082350581884,
      0.0008828252321109176,
      0.0008195998962037265,
      0.0007594468770548701,
      0.0007064166129566729,
      0.0006634732126258314,
      0.0006322846747934818,
      0.0006125978543423116,
      0.0006009973003529012,
      0.0005895352805964649,
      0.0005666945362463593,
      0.0005228383815847337,
      0.0004570535384118557,
      0.00037891240208409727,
      0.00030312465969473124,
      0.00024124453193508089,
      0.00019620906095951796,
      0.00016285710444208235,
      0.00013341954036150128,
      0.00010306554031558335,
      7.073830784065649e-05,
      3.861627556034364e-05,
      1.7436843336327e-05,
      6.315653536148602e-06,
      1.2980380006410996e-06,
      3.627691285146284e-07,
      1.3983014923724113e-07,
      2.804326548755398e-08,
      1.2436764507128828e-08,
      3.947258964132061e-09,
      2.7093485233109504e-09,
      1.2553730499575977e-08,
      2.8723873057856508e-08,
      4.650767593261662e-08,
      6.341067404491696e-08,
      7.850895400451918e-08,
      9.16370908043973e-08,
      1.0294353103290632e-07,
      1.1267085398003474e-07,
      1.2106129076983052e-07,
      1.2834077267598332e-07,
      1.346840434734986e-07,
      1.4024801942014165e-07,
      1.4516133717279445e-07,
      1.4952377114241244e-07,
      1.5341935011292662e-07,
      1.5691141186380264e-07,
      1.6007030012588075e-07,
      1.6292376869841974e-07,
      1.6552036186112673e-07,
      1.678924945736071e-07,
      1.7006743746605935e-07,
      1.7206851055107109e-07,
      1.739154953384059e-07,
      1.7562530274517485e-07,
      1.772125557408799e-07,
      1.7868997304049117e-07,
      1.8006814173077146e-07,
      1.8135696677745727e-07,
      1.8256460521115514e-07,
      1.8369846088717168e-07,
      1.8476504237696645e-07,
      1.857700908658444e-07,
      1.8671870805064827e-07,
      1.8761525666377565e-07,
      1.8846412785933353e-07,
      1.892685048687781e-07,
      1.900321251468995e-07,
      1.9075778823207656e-07,
      1.9144802365644864e-07,
      1.921055172715569e-07
    ],