{
  "model_name": "./PINO/Baseline/P2P/1_frame/Results_planar_PINO_finite_difference_0.01_resloss_0.1_icloss_0.1_bcloss_0.0_wloss_mse_eval_0.55_D_1_frames_30_10_2025-19_32",
  "timesteps": [
    0,
    1
  ],
  "rmse": {
    "Voltage": [
      0.10489372164011002,
      0.07945877313613892,
      0.08220221102237701,
      0.07231446355581284,
      0.06046714633703232,
      0.05114368721842766,
      0.04489972069859505,
      0.0413987934589386,
      0.039988208562135696,
      0.03994531184434891,
      0.04062318056821823,
      0.0415002666413784,
      0.0421954020857811,
      0.04246687516570091,
      0.042212944477796555,
      0.04146925359964371,
      0.04039406776428223,
      0.0392218716442585,
      0.03818271681666374,
      0.03742489963769913,
      0.036980289965867996,
      0.03677833452820778,
      0.03668723255395889,
      0.03655403107404709,
      0.03623387962579727,
      0.03561332821846008,
      0.03463975340127945,
      0.03335971012711525,
      0.03194662928581238,
      0.03067786432802677,
      0.02982354909181595,
      0.02947787381708622,
      0.029465246945619583,
      0.029411809518933296,
      0.028889315202832222,
      0.027562493458390236,
      0.025715431198477745,
      0.02564072795212269,
      0.028675934299826622,
      0.0286446250975132,
      0.024580487981438637,
      0.021230509504675865,
      0.0188874751329422,
      0.017067989334464073,
      0.01578589528799057,
      0.014956759288907051,
      0.014406055212020874,
      0.01396163273602724,
      0.01351096760481596,
      0.013020611368119717,
      0.012523978017270565,
      0.01208710391074419,
      0.011765997856855392,
      0.011573090218007565,
      0.011472145095467567,
      0.01140556763857603,
      0.011328017339110374,
      0.011220934800803661,
      0.011085043661296368,
      0.01092466525733471,
      0.010739910416305065,
      0.010530969128012657,
      0.010306086391210556,
      0.010084021836519241,
      0.009888586588203907,
      0.009739543311297894,
      0.009645899757742882,
      0.00960512924939394,
      0.009608001448214054,
      0.009645937010645866,
      0.009714726358652115,
      0.009810944087803364,
      0.009924840182065964,
      0.010037945583462715,
      0.010127916000783443,
      0.010177111253142357,
      0.01017814502120018,
      0.010133849456906319,
      0.010055385529994965,
      0.009962157346308231,
      0.009881959296762943,
      0.00984713714569807,
      0.009884131141006947,
      0.010000248439610004,
      0.010176749899983406,
      0.010376461781561375,
      0.01056172139942646,
      0.010709851048886776,
      0.010817230679094791,
      0.01089408528059721,
      0.010958601720631123,
      0.011036653071641922,
      0.011163193732500076,
      0.011374404653906822,
      0.011685854755342007,
      0.01206905022263527,
      0.01245086919516325,
      0.012748929671943188,
      0.012927540577948093,
      0.013035031966865063,
      0.013178984634578228,
      0.013436034321784973,
      0.013788487762212753,
      0.014214958064258099,
      0.014970837160944939,
      0.017221849411725998,
      0.025627698749303818,
      0.0532047376036644,
      0.0639122873544693,
      0.041646502912044525,
      0.036656394600868225,
      0.03559553250670433,
      0.03577005863189697,
      0.036361634731292725,
      0.03688342869281769,
      0.03710627183318138,
      0.03698837384581566,
      0.03660129755735397,
      0.0360611230134964,
      0.03547099977731705,
      0.034893885254859924,
      0.034358590841293335,
      0.033878251910209656,
      0.03345784917473793,
      0.03308453783392906,
      0.032705795019865036,
      0.032231029123067856,
      0.03157782554626465,
      0.0307230893522501,
      0.02971237525343895,
      0.028628654778003693,
      0.027558064088225365,
      0.026578499004244804,
      0.02575797401368618,
      0.02514527179300785,
      0.024750715121626854,
      0.024515246972441673,
      0.024280346930027008,
      0.023805346339941025,
      0.02286565862596035,
      0.021378809586167336,
      0.019465671852231026,
      0.01741047576069832,
      0.015532048419117928,
      0.014007464051246643,
      0.012761548161506653,
      0.011550737544894218,
      0.010152120143175125,
      0.008410606533288956,
      0.006214199587702751,
      0.0041757444851100445,
      0.002513096434995532,
      0.0011393147287890315,
      0.0006023031892254949,
      0.00037393870297819376,
      0.00016746122855693102,
      0.00011152023944305256,
      6.282721733441576e-05,
      5.2051404054509476e-05,
      0.00011204343172721565,
      0.00016948119446169585,
      0.0002156563859898597,
      0.000251814752118662,
      0.00028019447927363217,
      0.000302716187434271,
      0.0003208481357432902,
      0.00033566480851732194,
      0.00034793862141668797,
      0.00035824679071083665,
      0.000366993248462677,
      0.00037449703086167574,
      0.0003810004564002156,
      0.0003866830375045538,
      0.0003916878195013851,
      0.00039612044929526746,
      0.00040008785435929894,
      0.000403638172429055,
      0.0004068419511895627,
      0.0004097468627151102,
      0.00041239234269596636,
      0.0004148114239796996,
      0.0004170317552052438,
      0.0004190767358522862,
      0.0004209662147331983,
      0.0004227173631079495,
      0.0004243443545419723,
      0.0004258602566551417,
      0.0004272758087608963,
      0.0004286005860194564,
      0.0004298430576454848,
      0.0004310105578042567,
      0.0004321096057537943,
      0.00043314576032571495,
      0.00043412455124780536,
      0.0004350499948486686,
      0.0004359267477411777,
      0.000436758273281157,
      0.0004375477437861264,
      0.00043829844798892736
    ],