{
  "phase": "",
  "net_training_time_sec": 3485.9482269939035,
  "net_training_time_min": 58.09913711656506,
  "min_mse": 0.0004088077403139323,
  "min_mse_epoch": 1001,
  "min_rmse": 0.003993738908320665,
  "min_rmse_epoch": 1001
}