{
  "phase": "",
  "net_training_time_sec": 22783.18117835,
  "net_training_time_min": 379.71968630583336,
  "min_mse": 0.033023715019226074,
  "min_mse_epoch": 301,
  "min_rmse": 0.03595082834362984,
  "min_rmse_epoch": 301
}