{
  "model_name": "./FNO_New/Baseline/Rollout/1_frame/Results_planar_Data_Only_mse_1_frames_31_10_2025-17_57",
  "timesteps": [
    0,
    1
  ],
  "mse": {
    "Voltage": [
      0.0,
      0.048363421112298965,
      0.05708479508757591,
      0.06501410156488419,
      0.07287619262933731,
      0.08068288862705231,
      0.08843240141868591,
      0.09612013399600983,
      0.10373996198177338,
      0.1112847551703453,
      0.11874645948410034,
      0.12611620128154755,
      0.13338413834571838,
      0.14053930342197418,
      0.14756953716278076,
      0.15446117520332336,
      0.16119880974292755,
      0.16776520013809204,
      0.17414069175720215,
      0.18030284345149994,
      0.18622592091560364,
      0.19188007712364197,
      0.19723020493984222,
      0.20223468542099,
      0.20684322714805603,
      0.21099437773227692,
      0.21461153030395508,
      0.21759752929210663,
      0.21982745826244354,
      0.22113995254039764,
      0.22133293747901917,
      0.22018980979919434,
      0.21762537956237793,
      0.21413089334964752,
      0.2111804187297821,
      0.20992819964885712,
      0.20994243025779724,
      0.21054834127426147,
      0.21144458651542664,
      0.21250955760478973,
      0.21368256211280823,
      0.21492736041545868,
      0.21622000634670258,
      0.21754391491413116,
      0.21888718008995056,
      0.22024109959602356,
      0.22159937024116516,
      0.22295722365379333,
      0.22431130707263947,
      0.22565902769565582,
      0.22699855268001556,
      0.22832855582237244,
      0.22964800894260406,
      0.23095625638961792,
      0.23225276172161102,
      0.2335371971130371,
      0.23480932414531708,
      0.23606906831264496,
      0.23731626570224762,
      0.23855102062225342,
      0.23977334797382355,
      0.24098342657089233,
      0.24218131601810455,
      0.2433672994375229,
      0.24454157054424286,
      0.2457042783498764,
      0.24685558676719666,
      0.24799560010433197,
      0.24912433326244354,
      0.25024187564849854,
      0.2513482868671417,
      0.25244376063346863,
      0.253528356552124,
      0.25460243225097656,
      0.25566619634628296,
      0.25672000646591187,
      0.2577641010284424,
      0.2587986886501312,
      0.2598239481449127,
      0.26083996891975403,
      0.2618468701839447,
      0.26284459233283997,
      0.26383328437805176,
      0.2648129463195801,
      0.26578372716903687,
      0.26674574613571167,
      0.2676991820335388,
      0.2686440348625183,
      0.2695803940296173,
      0.2705083191394806,
      0.2714275121688843,
      0.2723378539085388,
      0.27323901653289795,
      0.27413085103034973,
      0.2750130891799927,
      0.2758857309818268,
      0.2767486870288849,
      0.2776021659374237,
      0.2784464955329895,
      0.2792835235595703,
      0.28012609481811523,
      0.28106406331062317,
      0.2827145755290985,
      0.28854864835739136,
      0.2958054542541504,
      0.29079949855804443,
      0.28289279341697693,
      0.274749219417572,
      0.266596257686615,
      0.25845298171043396,
      0.2503223717212677,
      0.24220621585845947,
      0.23410627245903015,
      0.22602452337741852,
      0.2179630845785141,
      0.20992407202720642,
      0.20190998911857605,
      0.1939234584569931,
      0.185967355966568,
      0.178044855594635,
      0.17015933990478516,
      0.1623145490884781,
      0.15451452136039734,
      0.1467636674642563,
      0.13906678557395935,
      0.13142912089824677,
      0.12385641783475876,
      0.11635497212409973,
      0.10893180966377258,
      0.10159466415643692,
      0.09435218572616577,
      0.08721411973237991,
      0.08019141852855682,
      0.07329651713371277,
      0.0665435865521431,
      0.05994895473122597,
      0.053531307727098465,
      0.0473116934299469,
      0.04131285846233368,
      0.035556916147470474,
      0.03006068430840969,
      0.024828162044286728,
      0.019841577857732773,
      0.015057132579386234,
      0.01042762491852045,
      0.006031752564013004,
      0.0024375393986701965,
      0.0005734930746257305,
      9.062910248758271e-05,
      1.4439247024711221e-05,
      4.785184955835575e-06,
      4.233545951137785e-06,
      4.6639524953207e-06,
      5.017127023165813e-06,
      5.228395821177401e-06,
      5.346189936972223e-06,
      5.410845915321261e-06,
      5.446336217573844e-06,
      5.465943104354665e-06,
      5.4768665904703084e-06,
      5.48299749425496e-06,
      5.486464033310767e-06,
      5.4884376368136145e-06,
      5.489576778927585e-06,
      5.490241619554581e-06,
      5.4906126933929045e-06,
      5.490822786669014e-06,
      5.490951934916666e-06,
      5.491034244187176e-06,
      5.491074716701405e-06,
      5.491106094268616e-06,
      5.4911415645619854e-06,
      5.491142019309336e-06,
      5.491142928804038e-06,
      5.491142019309336e-06,
      5.4911415645619854e-06,
      5.4911411098146345e-06,
      5.4911415645619854e-06,
      5.491140655067284e-06,
      5.491142019309336e-06,
      5.491142474056687e-06,
      5.4911411098146345e-06,
      5.4911415645619854e-06,
      5.4911411098146345e-06,
      5.491142019309336e-06,
      5.4911411098146345e-06,
      5.4911411098146345e-06,
      5.4911411098146345e-06,
      5.4911415645619854e-06,
      5.4911411098146345e-06,
      5.491142019309336e-06,
      5.491142019309336e-06,
      5.491142019309336e-06,
      5.4911415645619854e-06,
      5.4911411098146345e-06
    ],