{
  "model_name": "./FNO_New/Baseline/Rollout/1_frame/Results_planar_Data_Only_mse_1_frames_31_10_2025-17_57",
  "timesteps": [
    0,
    1
  ],
  "rmse": {
    "Voltage": [
      0.0,
      0.21991685032844543,
      0.23892425000667572,
      0.25497862696647644,
      0.26995590329170227,
      0.28404733538627625,
      0.2973758578300476,
      0.3100324869155884,
      0.322086900472641,
      0.3335936963558197,
      0.34459608793258667,
      0.3551284372806549,
      0.365217924118042,
      0.3748857080936432,
      0.3841477930545807,
      0.3930155038833618,
      0.40149572491645813,
      0.4095914959907532,
      0.4173016846179962,
      0.4246208369731903,
      0.43153902888298035,
      0.43804118037223816,
      0.4441060721874237,
      0.4497051239013672,
      0.45480021834373474,
      0.45934125781059265,
      0.46326184272766113,
      0.4664734899997711,
      0.46885761618614197,
      0.47025519609451294,
      0.47046035528182983,
      0.4692438840866089,
      0.4665033519268036,
      0.46274280548095703,
      0.45954370498657227,
      0.458179235458374,
      0.458194762468338,
      0.4588554799556732,
      0.45983102917671204,
      0.4609875977039337,
      0.46225810050964355,
      0.46360260248184204,
      0.4649946391582489,
      0.46641603112220764,
      0.4678538143634796,
      0.46929851174354553,
      0.47074341773986816,
      0.4721834659576416,
      0.4736151397228241,
      0.47503581643104553,
      0.47644364833831787,
      0.47783738374710083,
      0.4792160391807556,
      0.48057907819747925,
      0.4819260835647583,
      0.48325687646865845,
      0.48457127809524536,
      0.4858694076538086,
      0.487151175737381,
      0.488416850566864,
      0.48966658115386963,
      0.4909006357192993,
      0.4921192228794098,
      0.4933227002620697,
      0.4945114552974701,
      0.4956856667995453,
      0.49684563279151917,
      0.49799156188964844,
      0.49912357330322266,
      0.5002418160438538,
      0.5013464689254761,
      0.5024378299713135,
      0.5035160183906555,
      0.5045814514160156,
      0.5056344270706177,
      0.5066754221916199,
      0.5077047348022461,
      0.5087226033210754,
      0.509729266166687,
      0.5107249617576599,
      0.5117097496986389,
      0.5126836895942688,
      0.5136470198631287,
      0.5145998001098633,
      0.5155421495437622,
      0.5164743661880493,
      0.5173965692520142,
      0.5183088183403015,
      0.5192112922668457,
      0.520104169845581,
      0.5209870338439941,
      0.5218600034713745,
      0.5227227210998535,
      0.5235750675201416,
      0.5244169235229492,
      0.5252482295036316,
      0.5260691046714783,
      0.5268796682357788,
      0.5276802778244019,
      0.5284728407859802,
      0.5292693972587585,
      0.5301547646522522,
      0.5317091345787048,
      0.5371672511100769,
      0.5438799858093262,
      0.5392583012580872,
      0.5318766832351685,
      0.5241652727127075,
      0.5163295865058899,
      0.5083827376365662,
      0.5003222823143005,
      0.49214449524879456,
      0.4838452935218811,
      0.47542035579681396,
      0.4668651819229126,
      0.4581747055053711,
      0.4493439495563507,
      0.4403674006462097,
      0.4312393367290497,
      0.42195361852645874,
      0.41250374913215637,
      0.40288278460502625,
      0.3930833637714386,
      0.38309746980667114,
      0.372916579246521,
      0.36253154277801514,
      0.3519324064254761,
      0.34110844135284424,
      0.33004820346832275,
      0.3187391757965088,
      0.30716800689697266,
      0.2953203618526459,
      0.2831808924674988,
      0.2707332968711853,
      0.2579604387283325,
      0.24484474956989288,
      0.23136833310127258,
      0.21751251816749573,
      0.20325565338134766,
      0.1885654181241989,
      0.17338016629219055,
      0.1575695425271988,
      0.14086014032363892,
      0.12270750850439072,
      0.10211574286222458,
      0.07766436040401459,
      0.049371443688869476,
      0.023947715759277344,
      0.009519931860268116,
      0.0037999008782207966,
      0.002187506528571248,
      0.0020575581584125757,
      0.002159618539735675,
      0.0022398943547159433,
      0.0022865685168653727,
      0.002312182914465666,
      0.002326122485101223,
      0.0023337386082857847,
      0.0023379356134682894,
      0.002340270671993494,
      0.0023415801115334034,
      0.002342320280149579,
      0.002342741470783949,
      0.0023429845459759235,
      0.0023431265726685524,
      0.0023432057350873947,
      0.0023432504385709763,
      0.002343278145417571,
      0.002343295607715845,
      0.0023433042224496603,
      0.0023433109745383263,
      0.002343318425118923,
      0.002343318657949567,
      0.0023433188907802105,
      0.002343318657949567,
      0.002343318425118923,
      0.002343318425118923,
      0.002343318425118923,
      0.0023433181922882795,
      0.002343318657949567,
      0.002343318657949567,
      0.002343318425118923,
      0.002343318425118923,
      0.002343318425118923,
      0.002343318657949567,
      0.002343318425118923,
      0.002343318425118923,
      0.002343318425118923,
      0.002343318425118923,
      0.002343318425118923,
      0.002343318657949567,
      0.002343318657949567,
      0.002343318657949567,
      0.002343318425118923,
      0.002343318425118923
    ],