{
  "phase": "",
  "net_training_time_sec": 380.3872895780951,
  "net_training_time_min": 6.339788159634918,
  "min_mse": 0.0013572898460552096,
  "min_mse_epoch": 91,
  "min_rmse": 0.007404439616948366,
  "min_rmse_epoch": 91
}